tag	character	n_tips	n_present	lnL_full	lnL_null	lambda0	lambda1	mu0	mu1	q01	q10	chisq	p	status
f1.0_r000	driver	150	89	-224.674943000034	-225.450844637221	0.67428233046606	0.840671592293798	1.27305473741325e-06	3.99400368181944e-06	2.55332008020564e-07	0.112522773459214	1.55180327437586	0.460288580545611	ok
f1.0_r000	control	150	88	-233.797303419257	-233.831170290653	0.752900453369562	0.790797912030132	8.58803608982649e-09	2.22274012627348e-07	0.00254994274744977	0.132991413903622	0.0677337427908355	0.96670019151891	ok
f1.0_r001	driver	150	15	-173.84508094866	-174.264347231563	1.24242654144623	1.11322614547945	0.587383169091204	0.711944829769822	3.59815181024846e-11	0.191090220470668	0.838532565805679	0.657529083201201	ok
f1.0_r001	control	150	33	-173.253765775064	-176.684226584778	0.985090413391951	2.3308793326241	0.20944823401079	2.13425759416104	1.15864220070354e-07	0.0454399906120949	6.86092161942753	0.0323720199940837	ok
f1.0_r002	driver	150	71	-220.696496291202	-221.578398099113	1.13243549732889	0.788085561416731	0.610163779153128	1.07512866100115e-06	6.4959668432711e-09	0.187867005436338	1.76380361582198	0.413994823892132	ok
f1.0_r002	control	150	103	-249.328770014427	-251.043722214051	0.911411601752577	1.00295765835198	0.822304763579068	0.248105503334048	1.35222013851979e-08	0.222652667807671	3.42990439924688	0.17997232325233	ok
f1.0_r003	driver	150	68	-180.231923871722	-182.547527230496	0.832233312696287	1.46807763801718	0.0436945194418459	0.641881199454658	8.5045775584156e-10	0.105119036342409	4.63120671754621	0.098706610532423	ok
f1.0_r003	control	150	48	-189.60673634814	-192.363078974895	1.16510246096326	0.906179013625798	1.50536714466052e-09	0.288820250720241	1.96775565412949e-09	0.14928805401247	5.5126852535094	0.0635236738037658	ok
f1.0_r004	driver	150	11	-210.873910998788	-212.602349686901	0.990110478480838	1.70470403972326	0.531343786380701	1.68385792669084	6.45733094351224e-10	0.0558441894769254	3.45687737622671	0.177561422421624	ok
f1.0_r004	control	150	11	-206.185537958016	-208.197462992519	0.99199528392836	1.89622606888828	0.549688986286427	1.92878179171818	1.00455323505123e-10	0.038892280282547	4.02385006900738	0.133730989952525	ok
f1.0_r005	driver	150	47	-225.983581244492	-226.275717033589	0.933223027636934	0.769018610712366	0.359184018073348	1.31276752944777e-06	3.13375391716406e-09	0.225262075353207	0.584271578193807	0.746667139832662	ok
f1.0_r005	control	150	80	-235.557072885848	-235.657870126091	0.912632897648742	0.84778323638926	0.357254849023849	0.160677696188615	2.7793700449754e-09	0.156487763567534	0.201594480486335	0.904116332710091	ok
f1.0_r006	driver	150	86	-214.327782898625	-215.437364392239	0.976947162098944	0.888009934214801	1.24638303166196e-07	0.251036286336236	0.00343842346150286	0.0810356238195589	2.21916298722977	0.329696912469428	ok
f1.0_r006	control	150	58	-195.069552884831	-196.537112767437	0.907837081168176	0.974180007355026	2.5804592233608e-06	0.449106246979407	4.76632754000203e-08	0.0600656885701559	2.9351197652129	0.230487215427494	ok
f1.0_r007	driver	150	13	-180.91063727973	-182.237782713252	0.925291482410401	0.646496801897451	1.48915044635137e-06	0.0708709553566301	4.27348620514481e-12	0.191371316681479	2.65429086704432	0.265233307803193	ok
f1.0_r007	control	150	72	-211.956808919475	-212.125744255858	0.829186742220493	0.914701043121879	2.94598823807486e-08	1.19100409178153e-07	2.54905421939006e-09	0.164119094492934	0.337870672766428	0.844563514151781	ok
f1.0_r008	driver	150	0	NA	NA	NA	NA	NA	NA	NA	NA	NA	NA	skipped_invariant
f1.0_r008	control	150	80	-210.03193390935	-210.641046565559	0.778616801717576	0.992769062036585	3.97673257809898e-06	0.117886224455691	4.07369746440114e-08	0.129014474873552	1.21822531241764	0.543833222069422	ok
f1.0_r009	driver	150	0	NA	NA	NA	NA	NA	NA	NA	NA	NA	NA	skipped_invariant
f1.0_r009	control	150	0	NA	NA	NA	NA	NA	NA	NA	NA	NA	NA	skipped_invariant
f1.0_r010	driver	150	81	-228.467568697775	-228.664289934901	1.13024185365248	1.00512610354968	0.524278284526613	0.489050322472507	2.38085742903888e-07	0.102903691319708	0.39344247425197	0.821419582683524	ok
f1.0_r010	control	150	0	NA	NA	NA	NA	NA	NA	NA	NA	NA	NA	skipped_invariant
f1.0_r011	driver	150	42	-201.855477252365	-207.279634245855	1.1990153342028	0.553118967499394	0.463643623417076	1.97872988961241e-05	1.84692513826594e-07	0.0919810036215761	10.8483139869797	0.00440878122695251	ok
f1.0_r011	control	150	77	-219.655836307645	-222.206119558964	0.652123492425018	1.26174986771493	0.00712671258350138	0.670323201389998	5.51921522445942e-09	0.0893570486390555	5.10056650263738	0.0780595523982943	ok
f1.0_r012	driver	150	65	-216.028320682503	-217.804809326816	0.781153614636987	1.230852231261	0.279105041901562	0.628219287535898	5.30058947850173e-09	0.0967931939245491	3.55297728862513	0.169231336626055	ok
f1.0_r012	control	150	0	NA	NA	NA	NA	NA	NA	NA	NA	NA	NA	skipped_invariant
f1.0_r013	driver	150	62	-184.834073098273	-185.293273292184	1.11608230644782	0.902501072484522	0.155395541463417	1.29438152914827e-07	5.65608500709332e-09	0.152624267119791	0.918400387821293	0.631788751977401	ok
f1.0_r013	control	150	97	-188.262095470399	-189.13070457182	0.836952809692338	1.14702586450387	1.12014119047549e-08	0.2238082802792	4.7399937391227e-10	0.0846702846770325	1.73721820284175	0.419534673801758	ok
f1.0_r014	driver	150	81	-210.415142514009	-213.508722628604	0.649828486853061	1.41985654038869	0.0122501797615724	0.961553078610956	1.44172100028205e-11	0.0401517968810764	6.18716022918966	0.045339343450175	ok
f1.0_r014	control	150	86	-246.523275253938	-247.651377993057	1.02119905195378	1.04752512068501	0.809210113393468	0.398214239105212	5.87454463284634e-09	0.230252569492951	2.25620547823826	0.323646716545813	ok
f1.0_r015	driver	150	70	-209.185841979113	-211.222441777223	1.26825119713031	0.840670803426522	0.41285901772314	0.247073827797091	1.82525889410485e-09	0.112134288725865	4.07319959622112	0.130471587254694	ok
f1.0_r015	control	150	42	-198.582376714276	-199.29602859718	1.16673626935228	0.908547519083064	0.480219161551722	0.354931290070599	1.42678269420296e-10	0.154403825871466	1.42730376580761	0.489852044779089	ok
f1.0_r016	driver	150	72	-222.072448840087	-222.97035622388	0.8908799819266	1.15201082628569	0.47136443041077	0.594590195721703	1.86624612444331e-08	0.104308172579817	1.7958147675846	0.407421344814328	ok
f1.0_r016	control	150	69	-229.899159276255	-230.095784811349	0.969090439616499	1.08993841642114	0.525569714955772	0.578524519419085	9.08764217680555e-09	0.113465199062006	0.393251070187489	0.82149819796867	ok
f1.0_r017	driver	150	60	-227.132127892452	-227.700857071985	0.897452639225565	0.73606934299742	0.0622707001787171	0.0401226860707515	1.04167618107602e-08	0.149706724673937	1.13745835906633	0.566244576852511	ok
f1.0_r017	control	150	61	-227.494494164109	-227.568153341766	0.869117764110534	0.825433985586232	0.199303954193667	0.0442354639976417	6.32110519818036e-10	0.203144079830838	0.147318355312905	0.928988259847688	ok
f1.0_r018	driver	150	1	-174.321415413624	-177.800623096142	1.08713885650426	0.152297836685977	0.419979750601615	2.8978730064761e-07	4.86892251244498e-11	0.273842665114838	6.95841536503485	0.0308318299555974	ok
f1.0_r018	control	150	0	NA	NA	NA	NA	NA	NA	NA	NA	NA	NA	skipped_invariant
f1.0_r019	driver	150	23	-186.983391428107	-188.068759629424	0.904970235672157	0.665044997805129	3.98786834997709e-06	3.29493358003563e-07	9.28731581966252e-07	0.153684821524575	2.17073640263465	0.337777392914256	ok
f1.0_r019	control	150	125	-226.725012958056	-227.88464827129	0.68097333751355	0.930572497741459	1.02919881979811	1.79511712330385e-06	2.38332774617669e-06	0.205796785625485	2.31927062646923	0.313600525992711	ok
f1.0_r020	driver	150	52	-229.48545902299	-229.575863656537	0.823272040346397	0.863411779383163	0.102560132268355	0.256997951611639	2.81499612743871e-09	0.142580836377726	0.180809267093935	0.913561452862161	ok
f1.0_r020	control	150	116	-226.512241236379	-227.550270883685	1.28738286491084	0.755997511864996	0.899785571888435	0.00639863110589168	2.53905063464251e-08	0.0974661396233401	2.07605929461346	0.354151798900915	ok
f1.0_r021	driver	150	67	-192.294748195773	-192.847725128163	0.980415309056005	1.23989207399623	8.53370597376358e-07	0.599221234549195	0.00734119879882485	0.106969146726633	1.10595386477945	0.57523482376885	ok
f1.0_r021	control	150	82	-186.065144377559	-186.436896432661	1.09549959762832	1.09232373564223	0.123416239046369	0.381986502787259	2.67537415649273e-08	0.0701292051300932	0.743504110205436	0.68952518558243	ok
f1.0_r022	driver	150	125	-220.090720365039	-222.433659570029	0.601303138622904	1.16420817481497	0.273304006062547	0.488989019987257	0.204909753328787	0.103411614455155	4.68587840997986	0.0960449272318531	ok
f1.0_r022	control	150	68	-206.067615625166	-206.087438854985	1.04521671217291	1.05918989652713	0.427149723705264	0.399329994008043	5.24833175894439e-10	0.112613639372667	0.0396464596366286	0.980371958519702	ok
f1.0_r023	driver	150	131	-212.467912062754	-214.734570681014	1.07597610528431	1.0947142410786	1.36612523537521	0.441316752204702	1.66158372998061e-08	0.12001998388044	4.53331723651991	0.103657962889615	ok
f1.0_r023	control	150	9	-188.518848426515	-190.483757744468	1.07197263114617	0.708237558562867	0.384771500601819	0.45596157119537	9.37052598721854e-10	0.156065250499265	3.92981863590518	0.140168596814855	ok
f1.0_r024	driver	150	86	-196.06894290452	-196.846857627151	1.45921773084748	1.06577004653833	0.995235932273133	0.270281422134558	5.74830399226279e-10	0.158940407113146	1.55582944526287	0.459362912341502	ok
f1.0_r024	control	150	83	-195.113203400092	-196.170469686728	0.940531708091115	1.45558646360968	0.108520284176833	0.918761350491746	3.0370607317571e-09	0.0798280885719625	2.11453257327133	0.347404216954204	ok
f1.0_r025	driver	150	110	-216.186210565775	-217.23201765894	1.42931618664526	0.919291364109426	1.1002247903747	0.0569776939672814	7.55446474026712e-09	0.173189899117126	2.09161418633073	0.351408085829438	ok
f1.0_r025	control	150	0	NA	NA	NA	NA	NA	NA	NA	NA	NA	NA	skipped_invariant
f1.0_r026	driver	150	93	-221.937222072729	-221.939921142824	0.985615670545352	0.968625204807011	0.26074627079297	0.217760019925906	4.37031202382931e-08	0.134165348297862	0.0053981401883334	0.997304569120618	ok
f1.0_r026	control	150	114	-222.967303684698	-224.821411461602	1.28882206364855	0.923399057555318	1.2844632278987	0.0106771138507563	1.22002377804775e-09	0.221862068178839	3.70821555380797	0.156592595895498	ok
f1.0_r027	driver	150	82	-208.221679534633	-209.087234561462	0.994035454286454	0.78849425207364	3.45147721081958e-08	6.17137726032714e-06	4.5433738285985e-11	0.106823543710952	1.73111005365712	0.420817922560881	ok
f1.0_r027	control	150	0	NA	NA	NA	NA	NA	NA	NA	NA	NA	NA	skipped_invariant
f1.0_r028	driver	150	88	-240.088348851709	-240.205890720193	0.995868982443067	1.05110115057377	0.170090669733277	0.47684059357051	0.381213211236705	0.166520965703067	0.235083736966942	0.889103285560936	ok
f1.0_r028	control	150	66	-191.971558282938	-192.065984007579	0.990683445683759	1.08130667895003	0.262757977529584	0.471835504121723	3.37350299640814e-09	0.0641599074553222	0.188851449283277	0.909895314916811	ok
f1.0_r029	driver	150	7	-163.527047352598	-165.676387648258	1.13498527965287	0.632147479505206	0.279767484240256	0.301280442360376	1.8494448192804e-10	0.195163620594036	4.29868059131917	0.116561028231069	ok
f1.0_r029	control	150	92	-192.368655323646	-192.991859431503	1.38872423917708	1.01624767230215	0.838027791344804	0.157719168786879	9.93780823780047e-09	0.129644754992375	1.24640821571239	0.536223564000533	ok
f1.0_r030	driver	150	103	-197.009892588774	-197.897489006313	1.44461477769605	0.944209848365993	0.701491980101544	0.124372393005426	1.32955079248529e-07	0.106481314109509	1.77519283507695	0.411643984890334	ok
f1.0_r030	control	150	89	-196.05804543616	-197.230202839774	1.16572804135006	1.01004416393246	0.606676133836927	5.14682331950532e-07	0.094098082414801	0.0406037333585557	2.34431480722861	0.309698076269947	ok
f1.0_r031	driver	150	74	-204.344973539205	-205.032684263342	1.19085142855459	1.11114354694748	0.721660076041732	0.320877622946803	4.34681470630273e-09	0.167073404687434	1.37542144827461	0.502725630383713	ok
f1.0_r031	control	150	42	-189.098008799139	-190.72709193409	1.14112066399692	1.06171480061503	0.313226862148837	0.663965805828433	0.0127130477544286	0.0670094103378815	3.25816626990127	0.196109297484006	ok
f1.0_r032	driver	150	71	-221.357129240671	-221.945708434017	0.913403359872588	1.26733572169529	0.241770192791851	0.698030351492812	1.89820618909381e-09	0.144036390836274	1.17715838669227	0.555115436402057	ok
f1.0_r032	control	150	0	NA	NA	NA	NA	NA	NA	NA	NA	NA	NA	skipped_invariant
f1.0_r033	driver	150	123	-231.460307101834	-233.104828809072	1.54547750120384	0.816359017582956	1.6653298269602	1.54651047113782e-07	0.0486500321927449	0.176505235642755	3.28904341447583	0.193104901386218	ok
f1.0_r033	control	150	100	-240.818938111589	-241.503315033288	1.00774359354223	0.817359763779103	0.579178986514131	4.85172007878881e-07	0.075716515216292	0.171343119298544	1.36875384339839	0.504404415129456	ok
f1.0_r034	driver	150	53	-165.700253660328	-165.956398741569	1.12289628210904	0.99515779978603	2.95367872765444e-09	3.79996441245905e-05	3.75499949010885e-07	0.141800559225461	0.512290162482941	0.774029663461237	ok
f1.0_r034	control	150	84	-175.629470954789	-175.842699210568	1.22769026996388	1.0410536479413	0.213870948763966	3.29903452635457e-05	2.32491523644202e-06	0.135086778790601	0.426456511558854	0.807971691958638	ok
f1.0_r035	driver	150	107	-197.700738677072	-197.761882294642	1.10831540008082	1.1723243516836	0.395403500425807	0.365404529538463	0.0456569275996675	0.107165727451263	0.122287235140675	0.940688130730445	ok
f1.0_r035	control	150	0	NA	NA	NA	NA	NA	NA	NA	NA	NA	NA	skipped_invariant
f1.0_r036	driver	150	88	-196.631711237229	-196.82461860247	0.992199531913742	1.18208297683109	0.262826241758766	0.444157725786024	2.20522775035548e-09	0.109053994876281	0.385814730481457	0.824558353365938	ok
f1.0_r036	control	150	21	-172.237333814029	-173.291767520718	1.00610619123631	1.61390067898574	0.157113071903939	1.25374470179125	7.27508843163218e-10	0.121561445639993	2.10886741337816	0.34838966218982	ok
f1.0_r037	driver	150	81	-207.296936439333	-207.704971181527	0.894232136604048	0.928753335185404	3.4048926434412e-06	0.227888945231069	1.84835602339538e-07	0.0901006368362729	0.816069484387185	0.664955776398776	ok
f1.0_r037	control	150	108	-228.140532401164	-228.932777464043	1.01002192992681	0.886170712407912	0.551402010092113	8.81905016410471e-09	0.137228902429801	0.166854443296257	1.5844901257571	0.452827028083012	ok
f1.0_r038	driver	150	10	-170.06023172153	-172.373234088622	1.18951464256711	0.792990603296966	0.417404299886497	0.541340961321753	9.52653418033318e-11	0.141122754037804	4.62600473418405	0.0989636797778435	ok
f1.0_r038	control	150	6	-166.332178589711	-167.97518414576	1.16928674257967	0.979301087916564	0.423747026821861	0.83427358583148	2.30963608216732e-11	0.151304010735926	3.28601111209895	0.19339789967067	ok
f1.0_r039	driver	150	74	-224.308578771566	-224.958724801183	1.13967960814017	0.82537732849732	0.541761275607613	0.218778663605471	4.29587400747701e-09	0.112738777235791	1.30029205923245	0.521969548182535	ok
f1.0_r039	control	150	0	NA	NA	NA	NA	NA	NA	NA	NA	NA	NA	skipped_invariant
f1.0_r040	driver	150	87	-208.821122087872	-209.361084765433	1.36979467806404	1.01786807233146	0.887588688221895	0.291439979283604	6.93227187245467e-11	0.158426699249189	1.07992535512142	0.58277000236614	ok
f1.0_r040	control	150	70	-205.630110443527	-208.65265712137	1.53365465740385	0.790917954927056	0.794594206148435	0.0862222725373066	1.59829763371855e-09	0.15567372010434	6.04509335568611	0.0486770954980541	ok
f1.0_r041	driver	150	0	NA	NA	NA	NA	NA	NA	NA	NA	NA	NA	skipped_invariant
f1.0_r041	control	150	82	-216.246963676794	-216.872331464351	0.899203161301272	0.846241837445256	5.80219546602008e-06	0.163300491975579	2.50302873156476e-06	0.0849812930312787	1.25073557511382	0.535064602223236	ok
f1.0_r042	driver	150	104	-190.387609127352	-190.807729030061	0.898663002120103	1.1968749555507	3.93845973470564e-07	0.365772070434359	5.20170241344205e-08	0.095749076349446	0.840239805417411	0.656968042844495	ok
f1.0_r042	control	150	104	-190.10849214668	-191.019129817502	0.863611183004903	1.212672415964	0.12948137884448	0.324621015980212	1.24819790294868e-10	0.104706768885953	1.821275341643	0.40226762790165	ok
f1.0_r043	driver	150	20	-191.016371367567	-192.183318793086	0.981229408690675	1.37768084343117	0.322174832108165	1.17999191410658	2.85114399781452e-09	0.0632031908196656	2.33389485103766	0.311315806975006	ok
f1.0_r043	control	150	106	-228.098207469883	-228.226726595894	1.08182292299363	1.04759646544193	0.671761976899882	0.453436316758752	2.74749942552743e-09	0.104256295877142	0.257038252021971	0.879396742905806	ok
f1.0_r044	driver	150	105	-212.78754832493	-212.975463773807	1.41531864036764	0.859477879793948	0.917923605975686	0.294998613544056	0.156257159935619	4.23204659363741e-10	0.375830897753985	0.82868477049864	ok
f1.0_r044	control	150	5	-190.163458523757	-192.856288616273	0.94470842813225	0.712747953190794	0.221133915268997	0.633205549015842	0.000909629509869578	0.101868560196783	5.38566018503292	0.0676891016205697	ok
f1.0_r045	driver	150	0	NA	NA	NA	NA	NA	NA	NA	NA	NA	NA	skipped_invariant
f1.0_r045	control	150	0	NA	NA	NA	NA	NA	NA	NA	NA	NA	NA	skipped_invariant
f1.0_r046	driver	150	89	-227.605770700535	-227.779443164641	0.918069342255447	0.930247186779723	0.334845550144955	0.187668947351833	1.13350662878148e-09	0.141893385628837	0.347344928211953	0.840572170132398	ok
f1.0_r046	control	150	110	-230.224364586556	-230.725599486812	0.743593432104575	1.00306200647552	0.114414974332108	0.32124481581978	5.13275428832935e-07	0.0905813513026534	1.00246980051242	0.605782117128397	ok
f1.0_r047	driver	150	115	-189.977679606488	-190.669063353486	0.862337612072275	1.18360120000269	3.27089251032477e-05	0.206288261891731	0.348313912006558	0.0539073770554782	1.38276749399535	0.500882494662799	ok
f1.0_r047	control	150	66	-173.797681337518	-174.133998117658	1.14009468391646	1.06188006297074	0.120961008767014	0.257182368629936	2.56409994121925e-11	0.0975039798213374	0.672633560279451	0.714396763261052	ok
f1.0_r048	driver	150	88	-234.277265674844	-236.086028684712	1.24569590519004	0.940349502500919	1.02474894541416	0.0986321636335399	1.19323720998014e-08	0.279403953245452	3.61752601973524	0.163856700613941	ok
f1.0_r048	control	150	66	-224.997056080419	-228.254897138288	1.41438869380153	0.820511625293949	1.00320908844983	7.13435141167258e-08	0.0572093836294524	0.131029019448673	6.51568211573806	0.0384713658765495	ok
f1.0_r049	driver	150	98	-206.824073508086	-208.345537379619	0.8002867959606	1.3147183679432	0.15723634379026	0.623105189852225	9.52902661265133e-10	0.10809190826112	3.04292774306606	0.218391955073687	ok
f1.0_r049	control	150	96	-206.814453300233	-207.17564452403	1.01075125819551	1.1864995043114	0.444322854476368	0.454661515076497	2.590771978931e-09	0.139633402631989	0.722382447592508	0.69684573223912	ok
f1.0_r050	driver	150	3	-162.218912671202	-156.75189198599	1.12415758090276	1.75919281190426e-06	0.232939590952039	0.769953887521563	0.0331363344212881	4.72695338008974e-07	-10.9340413704246	1	ok
f1.0_r050	control	150	94	-197.412167203053	-197.843121659363	0.924428159282082	1.20616654546582	6.5793967423149e-06	0.306872538658915	0.255989996790155	0.0225592947926421	0.861908912619128	0.649888508421797	ok
f1.0_r051	driver	150	121	-217.763196374004	-222.893971090706	0.678382987927965	1.42707879005347	0.874944061113421	0.770251799183298	0.014012591764289	0.165578291841504	10.2615494334041	0.005911978590524	ok
f1.0_r051	control	150	87	-201.0463273597	-201.589808488454	1.07174656807772	1.42164599527465	0.560108063115272	0.869131718041277	2.45208170464154e-09	0.103969848548678	1.08696225750901	0.580723157529011	ok
f1.0_r052	driver	150	81	-211.372664296747	-212.652329773448	1.23411583057126	0.847224046236333	0.516902272923808	0.273616426550713	1.47335224249743e-09	0.0868964563844156	2.55933095340185	0.27813032596694	ok
f1.0_r052	control	150	64	-224.556543221802	-225.988925747505	1.22615136178445	0.780569426363098	0.571214125651965	0.163577715640803	3.66278162037801e-09	0.156651907329793	2.86476505140615	0.238739441256463	ok
f1.0_r053	driver	150	61	-207.790437883089	-208.803971293054	0.964286808188796	0.86072751492386	0.0530666343700993	0.276554535675391	1.01620994328034e-09	0.104270585048031	2.02706681992919	0.362934315558707	ok
f1.0_r053	control	150	69	-203.190118027063	-203.979928727219	1.02688695075344	0.856834542206389	0.200706671764875	0.239588101210128	3.44302738693265e-08	0.0782680946787005	1.57962140031174	0.453930716163511	ok
f1.0_r054	driver	150	91	-195.049802203082	-195.415452991817	1.09124173259208	1.28057405569122	0.448601548357903	0.497113111483456	8.83696569914729e-08	0.131497486444524	0.731301577468571	0.693745022491481	ok
f1.0_r054	control	150	100	-202.805198285906	-203.677999664843	1.60829560990876	1.03803910724285	1.00874638138549	0.19238813496297	0.0567800343336692	0.162843722749108	1.745602757874	0.417779549576012	ok
f1.0_r055	driver	150	104	-215.256811369171	-216.986065606885	1.8126596647357	0.978878185688908	1.40874416299599	0.301355832163962	0.0715286964972223	0.15317854098016	3.45850847542891	0.177416671308277	ok
f1.0_r055	control	150	8	-170.599809742163	-173.425124104512	1.10123721249222	2.04876835242578	0.406648090675238	2.21672920768476	1.12327026913563e-09	0.0265225613662906	5.6506287246981	0.059290015351002	ok
f1.0_r056	driver	150	36	-198.26513530271	-198.557035462476	0.832385551783799	1.10455283007143	0.118171051184053	0.540347867332497	9.46445112463973e-11	0.0839819580036218	0.583800319532315	0.74684309724066	ok
f1.0_r056	control	150	87	-225.06676927074	-226.304786104874	0.749173744572995	1.00369197508079	0.196764139513637	0.249543962331447	3.90626447121821e-09	0.124532241060934	2.47603366826945	0.289958684284761	ok
f1.0_r057	driver	150	83	-217.760825001652	-220.016302924	1.35719433123195	0.750733794721226	0.70542625587843	7.00421868782459e-06	1.95609375070022e-07	0.145640851978132	4.51095584469687	0.104823434301139	ok
f1.0_r057	control	150	0	NA	NA	NA	NA	NA	NA	NA	NA	NA	NA	skipped_invariant
f1.0_r058	driver	150	124	-180.115113574642	-182.116652095164	2.04845210657364	1.30950537321122	2.18153425613465	0.43433468908809	2.06803864882803e-08	0.177950993870593	4.00307704104307	0.135127227216334	ok
f1.0_r058	control	150	0	NA	NA	NA	NA	NA	NA	NA	NA	NA	NA	skipped_invariant
f1.0_r059	driver	150	89	-240.236636686542	-241.50314177238	1.14428134336126	0.767989338727703	0.59567885142299	5.74365981065062e-06	7.89575055557303e-06	0.189873394291009	2.53301017167598	0.281814821288651	ok
f1.0_r059	control	150	92	-238.473290798831	-238.484473695149	0.806062221450893	0.819136930390346	0.0894326134642921	0.066007404251122	1.21515625113267e-07	0.132163119342302	0.0223657926377427	0.988879399832789	ok
f1.0_r060	driver	150	106	-229.324970453957	-233.133665000388	1.7259639734641	0.885944303786534	1.73094848206104	1.73677009357208e-06	1.23810005972428e-07	0.265652677121755	7.61738909286208	0.022177111257081	ok
f1.0_r060	control	150	100	-221.194238099791	-221.317226091169	0.969399352158082	0.91024145349341	0.360367490861658	0.107842653844426	6.56060716150538e-08	0.13934200371915	0.245975982757329	0.884274281412064	ok
f1.0_r061	driver	150	86	-205.516519272582	-205.597102162446	0.884562182442485	0.977540576278189	8.89790892901763e-10	0.110548002387083	2.44604805196201e-08	0.124972481173157	0.16116577972798	0.922578428013857	ok
f1.0_r061	control	150	96	-199.402658889111	-199.427055143683	0.883786175624616	0.920565398053721	3.0719426285187e-06	1.98244947566731e-07	3.89557624730917e-08	0.0977565227988512	0.0487925091444481	0.975898928718559	ok
f1.0_r062	driver	150	114	-226.378875441039	-228.589038551777	0.780622517552429	1.08755203351043	0.625500132896751	0.366048112511737	7.53439965228767e-07	0.146966476986411	4.42032622147605	0.10968275662099	ok
f1.0_r062	control	150	58	-208.821430742484	-210.271682482191	1.10593422577829	0.927322872798188	0.647757247303807	3.26564441603042e-08	0.0119384418423602	0.127722295859111	2.90050347941394	0.234511244870283	ok
f1.0_r063	driver	150	55	-218.158991830489	-218.505480460157	1.02603268545106	0.781744633753048	0.447501003232768	0.0509513542028258	0.00724101677534636	0.154509643624937	0.69297725933626	0.707166859963444	ok
f1.0_r063	control	150	122	-234.870290355183	-237.774218356254	0.612041397174039	1.01047570719183	0.48503252566283	0.317513268831023	4.18171397564321e-08	0.111979394506674	5.80785600214034	0.0548075127158229	ok
f1.0_r064	driver	150	0	NA	NA	NA	NA	NA	NA	NA	NA	NA	NA	skipped_invariant
f1.0_r064	control	150	91	-218.010086176986	-218.461203456042	0.898231242463801	1.18381019471871	0.282625169381773	0.578152208966328	2.17868166460556e-08	0.107758908809829	0.902234558112752	0.636916140873626	ok
f1.0_r065	driver	150	92	-204.03897610447	-205.291886379716	1.46986256437947	1.03613064779194	1.13181240253888	0.252051930970434	3.3812313242138e-09	0.175303541212836	2.50582055049261	0.285672201170905	ok
f1.0_r065	control	150	86	-201.375573315918	-203.114581375959	0.830185931105105	1.4918764102686	0.0731165985027923	0.987125186984833	0.0225828478021253	0.0565887612103793	3.47801612008323	0.17569459269564	ok
f1.0_r066	driver	150	47	-234.66058149177	-234.86502342827	0.766492331243615	0.807022493744483	0.0391574380242125	0.243535444265809	1.2064222623101e-09	0.144116549229272	0.408883873001685	0.815102068221782	ok
f1.0_r066	control	150	84	-229.005002200056	-229.6583623332	0.890693407321203	0.701413026136447	0.129061789860714	0.0659381849028545	1.26115270281848e-09	0.0837019110674587	1.30672026628713	0.520294577223526	ok
f1.0_r067	driver	150	44	-190.697963473253	-192.412326565497	1.14105296160183	0.812900232185652	0.271879403320515	0.216727701968336	3.68789447790709e-09	0.113867657578267	3.4287261844886	0.180078377511606	ok
f1.0_r067	control	150	18	-178.515122878459	-178.599685845551	1.09686199927424	0.929902210336839	0.401758224684462	0.224897265239053	5.85209209710082e-11	0.182418468932293	0.169125934184592	0.918913792225546	ok
f1.0_r068	driver	150	63	-202.740553667967	-203.449094428774	0.955606687725207	1.25973657921361	0.157550328638952	0.776416030060975	4.12217188011349e-09	0.0799091821085291	1.4170815216138	0.492362147646087	ok
f1.0_r068	control	150	75	-220.504105446153	-221.01412106305	1.21118785712383	0.957635382644679	0.485765376732505	0.32360509973469	3.32790939123102e-10	0.142207637810862	1.0200312337933	0.600486201008098	ok
f1.0_r069	driver	150	58	-208.942077215172	-209.350454320852	1.26839395037886	1.00746837877491	0.663632316521182	0.445928486815033	1.59803633335413e-08	0.137318290032081	0.816754211360319	0.664728158786958	ok
f1.0_r069	control	150	41	-188.741969029952	-190.444875757725	1.18783170593884	0.983315522114514	0.438922044222624	0.591775210747935	2.18081079482283e-08	0.0741753942510189	3.40581345554602	0.182153283785091	ok
f1.0_r070	driver	150	0	NA	NA	NA	NA	NA	NA	NA	NA	NA	NA	skipped_invariant
f1.0_r070	control	150	107	-219.531864024157	-221.616998783251	1.5675385721093	1.03402289227585	1.48078761495261	0.287367390579041	3.09011726522631e-08	0.1946473709999	4.17026951818826	0.124290369779531	ok
f1.0_r071	driver	150	70	-210.461513649416	-211.478111602494	0.732065669909815	0.930504580931477	3.24108952378184e-05	2.88585813968209e-05	7.20824245395561e-08	0.144408305515814	2.03319590615541	0.361823790196992	ok
f1.0_r071	control	150	0	NA	NA	NA	NA	NA	NA	NA	NA	NA	NA	skipped_invariant
f1.0_r072	driver	150	10	-174.697096754719	-175.761266051046	0.971009598739426	1.61331945518023	0.202074362128362	1.53320828302219	4.9538561376499e-12	0.0770167490052455	2.12833859265527	0.345014340438017	ok
f1.0_r072	control	150	103	-223.117928034704	-224.287237622754	1.1667890639508	0.966230931383539	0.849375244182059	0.11096304226267	5.40864578491976e-10	0.182082630760649	2.33861917609977	0.310581296298779	ok
f1.0_r073	driver	150	75	-212.493112276739	-213.044028211287	0.863770857441265	0.963220206091544	5.01474181278645e-08	0.36179156200172	5.71913542356871e-08	0.0683331443911052	1.10183186909717	0.576421604054499	ok
f1.0_r073	control	150	85	-217.952075240973	-217.95476471869	0.923737831329625	0.906658191330686	0.206105504410389	0.19223506201164	1.31640026042572e-09	0.114052920038093	0.00537895543425293	0.997314135687952	ok
f1.0_r074	driver	150	0	NA	NA	NA	NA	NA	NA	NA	NA	NA	NA	skipped_invariant
f1.0_r074	control	150	103	-228.968499357555	-230.876934265113	1.15732025078183	1.37221805190084	1.1186191087155	0.819587472050118	0.0367300087725707	0.184616114777483	3.81686981511558	0.148312327546532	ok
f1.0_r075	driver	150	112	-227.464578301902	-228.438983869115	1.02035520244893	1.18486756282128	0.777118070082016	0.564506394981232	0.0615914612695637	0.129280922597103	1.94881113442693	0.377416635718674	ok
f1.0_r075	control	150	0	NA	NA	NA	NA	NA	NA	NA	NA	NA	NA	skipped_invariant
f1.0_r076	driver	150	0	NA	NA	NA	NA	NA	NA	NA	NA	NA	NA	skipped_invariant
f1.0_r076	control	150	0	NA	NA	NA	NA	NA	NA	NA	NA	NA	NA	skipped_invariant
f1.0_r077	driver	150	12	-186.346207288306	-188.420063172199	0.8654060109444	0.666154136571675	2.96860188188596e-09	0.311075478216251	8.02689766345867e-10	0.0997290098660061	4.14771176778635	0.125700160832343	ok
f1.0_r077	control	150	13	-203.08209867414	-203.109858511257	0.827966013677394	0.854085309301526	0.0430381289071531	4.82867540451978e-06	2.24627568314266e-08	0.50385718024652	0.0555196742349153	0.972621926439424	ok
f1.0_r078	driver	150	60	-219.577392810326	-219.95216411829	0.996470755657581	0.773143984020979	0.295874703702245	0.0576372704706608	5.8143648415408e-10	0.155523609171572	0.74954261592859	0.687446474349258	ok
f1.0_r078	control	150	34	-212.176487346742	-212.23688399962	0.88032809470493	0.994295342564736	0.199556124911688	0.333277111183642	6.42461520959943e-11	0.247715888416098	0.120793305756877	0.941391054046955	ok
f1.0_r079	driver	150	82	-184.9734315911	-186.643462958365	0.902633021994573	1.43523467780845	1.45752241801371e-05	0.818520567534749	1.71674676532287e-08	0.0634347188935476	3.34006273452843	0.188241160935909	ok
f1.0_r079	control	150	93	-207.824117761292	-209.073533070735	1.41202564587929	0.988308335852283	0.984519620436179	4.39526550544342e-06	1.06709806328558e-08	0.234328729020847	2.49883061888625	0.286672362491662	ok
f1.0_r080	driver	150	92	-203.801728348174	-203.967998022546	1.23542653163902	1.07265981712249	0.626816772138375	0.27161431162204	1.24288340091016e-09	0.149290501886029	0.332539348745172	0.846817838325283	ok
f1.0_r080	control	150	86	-213.82173413853	-214.655577391402	1.20003812194367	1.10363775724381	0.775100209557116	0.215902987599557	7.1245156192813e-09	0.249169381270902	1.66768650574517	0.4343766548809	ok
f1.0_r081	driver	150	69	-165.094061161852	-165.099938523352	1.02921911074484	1.03563243909159	0.0617347395351846	0.0401011639782834	8.17054527665984e-10	0.0591636878926335	0.0117547230007062	0.99413987640109	ok
f1.0_r081	control	150	130	-188.8257983583	-189.921941636761	0.985184360407124	1.05793436781669	0.803698452773799	4.31792710823256e-07	0.244336788052649	0.155027605818624	2.19228655692166	0.33415735357435	ok
f1.0_r082	driver	150	0	NA	NA	NA	NA	NA	NA	NA	NA	NA	NA	skipped_invariant
f1.0_r082	control	150	99	-188.420470590893	-189.353514320474	1.22439617150845	1.0781043661995	0.0581662587130525	0.361697587530668	3.10206555549062e-08	0.0640143237106534	1.86608745916192	0.393354621349155	ok
f1.0_r083	driver	150	57	-204.954484804124	-206.567605977841	0.872401511297508	1.4967915232534	0.235416105002759	0.935550511334634	4.06770911326973e-10	0.122214328265091	3.22624234743353	0.199264702720746	ok
f1.0_r083	control	150	124	-211.565750536678	-212.337847210609	1.22732594177758	1.07789437628323	1.10461012734541	0.388180925667445	4.33008480586859e-09	0.105621493367	1.54419334786201	0.462043297882637	ok
f1.0_r084	driver	150	88	-213.792945358403	-214.884444148536	0.676078854874372	0.907817039562019	0.0163558969298848	0.0854420487305069	5.42149350075318e-10	0.0832423321016675	2.182997580267	0.335712953188288	ok
f1.0_r084	control	150	74	-220.384017528995	-221.095699688665	0.81887181580749	0.953175463434602	1.6794042679972e-06	0.357432379879629	2.07586915087243e-06	0.089614471272219	1.42336431933933	0.490817868623547	ok
f1.0_r085	driver	150	82	-196.236249707245	-196.604502932881	1.25477285095977	1.09113311975497	0.650360234028311	0.194670882524275	6.77895175317793e-09	0.180753606404133	0.736506451272533	0.691941942063546	ok
f1.0_r085	control	150	18	-167.407156561598	-168.2913701385	1.17325964502232	0.933603015478014	0.315764759083686	0.397232369995979	3.05939848330786e-10	0.169308483907148	1.76842715380383	0.413038868895156	ok
f1.0_r086	driver	150	71	-203.842287477847	-204.257194239848	1.19989640546684	0.922666235476692	0.578559826249849	0.100177258557345	3.02801609953183e-09	0.162525413085217	0.829813524003725	0.66040185238121	ok
f1.0_r086	control	150	41	-192.800505807996	-193.645166619852	0.932748868227806	1.36892752910726	0.101821643231769	0.879117023227132	3.90628592868979e-10	0.1090955321309	1.68932162371209	0.429703083686573	ok
f1.0_r087	driver	150	101	-190.047579093191	-190.06653053498	1.1594782965106	1.23231262067475	0.373619847082519	0.451608286439222	5.77635683650375e-08	0.101334678628211	0.0379028835783402	0.98122700771392	ok
f1.0_r087	control	150	123	-181.962575021272	-181.99906669988	1.11732024989979	1.22872378223293	0.349826674261413	0.442450349328432	0.0996717149566466	0.0569592029484868	0.0729833572153211	0.964166117067483	ok
f1.0_r088	driver	150	53	-190.39831866222	-190.87727907564	1.22801358178136	0.97355277527594	0.379010445397178	0.208219541204791	8.93237736672612e-11	0.171308633998673	0.957920826839427	0.619427005204328	ok
f1.0_r088	control	150	34	-177.066174523717	-177.587807717356	1.06468252546088	1.43504688317442	0.194112340343366	0.901461227567558	3.0596187148078e-10	0.126139230899014	1.043266387279	0.593550373249935	ok
f1.0_r089	driver	150	118	-228.17174778746	-230.971680649817	0.659027872988717	0.957613266326152	0.418940527406019	0.166548647811542	3.52292992044354e-08	0.12077520977158	5.59986572471388	0.0608141454065496	ok
f1.0_r089	control	150	106	-217.072458961083	-217.716153406803	0.814805428763193	0.91238176656773	0.366351695693157	0.0719077699542589	0.0578206628010167	0.0641057703994556	1.28738889144051	0.525347964864812	ok
f1.0_r090	driver	150	67	-209.478257824175	-210.187151150862	1.00692793700476	0.940891502409803	0.144495033126423	0.37042334104132	6.26205066481341e-10	0.0992569571981564	1.41778665337381	0.492188588149596	ok
f1.0_r090	control	150	70	-212.769404149466	-213.047240192627	0.969766844255586	1.01649343519017	0.172504445217525	0.43756127383565	1.22983243258353e-08	0.107218168212119	0.555672086322375	0.757420995686558	ok
f1.0_r091	driver	150	74	-209.453876765693	-211.366904535036	1.15414004242441	0.739500551126521	0.260570010491626	1.69071813601573e-06	0.00757906523114797	0.115172998213965	3.82605553868473	0.147632711411323	ok
f1.0_r091	control	150	106	-218.422106565846	-219.763429727715	0.874615359453706	0.966899119472828	0.468094062038262	0.106548929689667	9.06441909874482e-09	0.146680646939664	2.68264632373706	0.26149943348927	ok
f1.0_r092	driver	150	48	-207.276248804711	-207.437720039655	1.143311599807	1.18229954347515	0.67807177938077	0.597291385289757	8.21656037321332e-12	0.149298646945872	0.322942469888915	0.850891007040429	ok
f1.0_r092	control	150	36	-193.143299436115	-194.449638561421	1.00868565677572	1.79209098927657	0.456347084148279	1.46701634561373	1.07130499577449e-09	0.0722691671258414	2.61267825061105	0.270809644074228	ok
f1.0_r093	driver	150	65	-229.008947854575	-229.541138710937	0.988915265474721	0.733509174474938	0.418633612689586	1.05375672338699e-07	6.265872649343e-08	0.160614206072673	1.06438171272589	0.587316832312486	ok
f1.0_r093	control	150	58	-227.849275252461	-228.407073215388	0.965933777214134	0.701350830332797	0.328445964597012	1.49681513565051e-06	4.85250296276653e-09	0.170439825023769	1.11559592585428	0.572468273287875	ok
f1.0_r094	driver	150	116	-191.821598988475	-194.332239111987	2.19744928329788	0.992629139828926	1.67349267600654	0.107005778366008	1.20130506365069e-08	0.132499847233377	5.02128024702512	0.0812162341767373	ok
f1.0_r094	control	150	24	-162.101789658048	-166.478236919889	0.966809850236924	3.00332782715006	0.0354578900296927	2.82827295542908	1.40651341130484e-09	0.0580416034047433	8.75289452368287	0.012569937081507	ok
f1.0_r095	driver	150	109	-246.752704679008	-248.185731354221	1.02089089236631	0.867383873313057	0.905281030057033	0.0595713472009428	0.0314979691841802	0.208878994148399	2.86605335042759	0.238585706881465	ok
f1.0_r095	control	150	61	-222.902953671466	-223.209737260208	0.855103534315965	0.946831830201311	0.254796735434419	0.214534816685673	1.09708097673009e-10	0.177197290168316	0.613567177482253	0.735809821207798	ok
f1.0_r096	driver	150	0	NA	NA	NA	NA	NA	NA	NA	NA	NA	NA	skipped_invariant
f1.0_r096	control	150	0	NA	NA	NA	NA	NA	NA	NA	NA	NA	NA	skipped_invariant
f1.0_r097	driver	150	0	NA	NA	NA	NA	NA	NA	NA	NA	NA	NA	skipped_invariant
f1.0_r097	control	150	88	-204.613747222866	-207.436156613692	1.928564598827	0.962163335180373	1.66222846437765	0.0948615536886544	1.42659676016103e-08	0.261592723262188	5.64481878165202	0.0594625015696749	ok
f1.0_r098	driver	150	38	-196.714352001814	-198.356295370177	0.984757764855102	0.834738435553441	2.71999216455606e-06	0.224823270994199	6.56655336634289e-07	0.149399225143381	3.2838867367272	0.193603433676695	ok
f1.0_r098	control	150	96	-211.383459518507	-211.728183573991	0.838254659746698	1.00887648761993	0.110610048326542	0.175376309902612	7.31048547500791e-08	0.118021639388024	0.689448110968101	0.708415809956756	ok
f1.0_r099	driver	150	125	-210.352214994538	-210.757844855484	0.967561574263909	1.18856023528717	0.675145076895664	0.607565342441743	2.02827320134912e-07	0.0703759635172747	0.811259721890565	0.666556840489257	ok
f1.0_r099	control	150	75	-207.490904115646	-208.65496936349	0.913724353768079	1.39923286892051	0.345871570663193	0.868870449516133	3.52680719957636e-09	0.115933111461344	2.3281304956879	0.312214368728994	ok
f1.0_r100	driver	150	96	-206.127862109957	-207.024733865088	1.15426382235466	1.53793730496486	0.83289199137132	1.00699717320859	1.91321314964465e-07	0.133831396804331	1.79374351026337	0.407843500596548	ok
f1.0_r100	control	150	43	-183.102810340346	-183.632805408821	1.37722317192871	1.24445518322067	0.751489123897274	0.83182695126892	9.31285911582074e-09	0.116253113378633	1.05999013695038	0.588607872405525	ok
f1.0_r101	driver	150	67	-203.865509012025	-205.413735898959	0.938132195959811	1.21567660518945	0.0324508498048359	0.817451782529002	1.42037877929648e-07	0.0580368781343685	3.09645377386789	0.212624647326044	ok
f1.0_r101	control	150	65	-208.371282449233	-210.586069900539	0.861670651992687	1.45224488852132	1.74299441781868e-06	1.09023094430698	1.59101580678496e-08	0.062513285287495	4.42957490261296	0.109176717151097	ok
f1.0_r102	driver	150	56	-216.552093049462	-217.692648763674	1.02874501696332	0.726133238193157	0.290117129240366	0.103225563385352	1.66465182291654e-09	0.123082075727708	2.28111142842295	0.319641343214616	ok
f1.0_r102	control	150	121	-227.34932203846	-228.14853896815	0.941617207820577	0.937432268845713	0.773463737087605	0.243154375056325	4.25326702616674e-09	0.112249861057728	1.59843385937995	0.449680958088483	ok
f1.0_r103	driver	150	107	-217.229922463165	-218.207172735375	1.42308408432828	0.888908688036244	0.833776690627653	0.123278047518665	9.11893786517225e-09	0.118585920683935	1.95450054442006	0.376344522375344	ok
f1.0_r103	control	150	114	-215.561916340688	-215.840311513208	1.20905330991427	0.97345902059143	0.755501486264457	0.220174173789971	0.047355275542972	0.117338091022913	0.556790345038962	0.75699761774383	ok
f1.0_r104	driver	150	30	-217.092573952323	-217.179299563117	1.02033117513782	1.0107611323879	0.444753528224086	0.539390110707345	4.53330811020271e-10	0.229573598549417	0.173451221587413	0.916928656445058	ok
f1.0_r104	control	150	0	NA	NA	NA	NA	NA	NA	NA	NA	NA	NA	skipped_invariant
f1.0_r105	driver	150	130	-211.690159170478	-213.742467595558	0.48339478586088	1.00114956880213	1.89907575919644e-06	0.240157845706441	2.45776425348454e-08	0.0559203672323837	4.10461685015952	0.128438071446915	ok
f1.0_r105	control	150	11	-178.067427018482	-181.512233569938	0.861871668963267	1.826261360318	6.22163181053406e-06	1.83654797350386	3.65257179802303e-07	0.0346995442844299	6.8896131029112	0.0319109345693985	ok
f1.0_r106	driver	150	68	-199.213339197869	-199.434740185388	1.13613568801243	1.35331246511578	0.426694036689878	0.817741298553837	2.48763389074527e-09	0.12354956902244	0.442801975039288	0.801395266352904	ok
f1.0_r106	control	150	93	-193.323987641075	-195.354948434889	0.996241386020771	1.43094666040601	4.14200910638023e-06	0.973961619540243	0.0467771986813928	0.0401140268379725	4.06192158762786	0.13120939539235	ok
f1.0_r107	driver	150	99	-200.148527496791	-200.475359640289	1.42075034633019	1.34227628075312	1.05818836040712	0.693900767022327	5.97900386295805e-11	0.143569940634264	0.653664286995479	0.721204791780674	ok
f1.0_r107	control	150	77	-197.453518070002	-197.882419852387	1.3805386673661	1.26849641838498	0.616785527133102	0.738012124482035	1.98226651847205e-09	0.0984966541873802	0.857803564770336	0.651223887697026	ok
f1.0_r108	driver	150	0	NA	NA	NA	NA	NA	NA	NA	NA	NA	NA	skipped_invariant
f1.0_r108	control	150	0	NA	NA	NA	NA	NA	NA	NA	NA	NA	NA	skipped_invariant
f1.0_r109	driver	150	18	-173.162195418788	-174.017827442043	1.14970398589716	1.58788987594392	0.468290786794571	1.34887282219859	7.26333957254389e-09	0.104745835829157	1.71126404651	0.425014487138066	ok
f1.0_r109	control	150	84	-203.815696996128	-204.23594572649	1.2605873348582	1.20584178931437	0.825587139368163	0.509667929528488	2.87460064040166e-09	0.147468238462621	0.840497460723782	0.65688341264479	ok
f1.0_r110	driver	150	85	-208.930830440428	-209.04698892609	1.14157526303987	1.33560072875363	0.473349759820068	0.754949686173641	0.0151566277158204	0.120528355970813	0.232316971322575	0.890334106925604	ok
f1.0_r110	control	150	0	NA	NA	NA	NA	NA	NA	NA	NA	NA	NA	skipped_invariant
f1.0_r111	driver	150	82	-204.262895505194	-204.582567575028	0.99585161053395	1.28075044692348	0.252014299998093	0.695068503957832	3.41433923397905e-09	0.105516481497736	0.639344139667458	0.726387202296803	ok
f1.0_r111	control	150	21	-180.099346848075	-181.230907197501	1.15264635805727	0.948922802674852	0.40022959859199	0.538727426345666	4.92950430229135e-09	0.102882623326459	2.26312069885341	0.322529604704308	ok
f1.0_r112	driver	150	27	-182.427786384689	-183.805548258046	1.07335324460551	0.873386074706238	0.237673097277777	0.411372647845025	0.00415032326859946	0.102615841476237	2.75552374671292	0.252142248297662	ok
f1.0_r112	control	150	38	-183.162614349613	-183.997488174201	0.941364656745016	1.45087115290854	0.171219623019631	0.961772380604329	8.88988749570439e-09	0.0872643549314308	1.66974764917632	0.433929229178211	ok
f1.0_r113	driver	150	53	-218.325277642175	-218.82122284624	1.00975370348009	1.14642571528606	0.589751896255401	0.568153071870417	2.65375592120467e-09	0.139743188578978	0.991890408130814	0.6089950106094	ok
f1.0_r113	control	150	81	-242.199569394826	-244.198069073541	1.50696685199328	0.83930759016044	1.27230584835628	0.192026008183645	2.71061578380092e-08	0.232101000297539	3.99699935742962	0.135538482036316	ok
f1.0_r114	driver	150	0	NA	NA	NA	NA	NA	NA	NA	NA	NA	NA	skipped_invariant
f1.0_r114	control	150	67	-169.774673705684	-171.117833814328	1.02686869931306	1.61741067478661	4.27391353903893e-06	1.04232433101048	2.08745355403706e-07	0.0730647504742819	2.68632021728951	0.261019513876283	ok
f1.0_r115	driver	150	82	-228.058548051453	-229.876936545853	1.17376654962659	0.685925006281646	0.554230436994098	1.37524680678412e-05	1.40346877716217e-07	0.118595395958097	3.63677698880031	0.1622870668383	ok
f1.0_r115	control	150	23	-210.659281933322	-210.79757376171	0.821729866684144	1.0134324677597	0.180605359798336	0.433255925729532	3.90492344383783e-10	0.200616010179858	0.276583656775529	0.870844517508435	ok
f1.0_r116	driver	150	5	-172.574118851157	-173.677518079087	0.953705018961178	0.897469076755992	0.0659733019936432	0.630098953459656	1.94593612183381e-11	0.227888456231125	2.20679845586062	0.331741499957152	ok
f1.0_r116	control	150	118	-214.07924977552	-217.355674950381	0.674781285142789	1.07594243396772	0.453981039130926	0.180534627465746	4.1003281653335e-09	0.149255664219234	6.55285034972258	0.0377630119650923	ok
f1.0_r117	driver	150	0	NA	NA	NA	NA	NA	NA	NA	NA	NA	NA	skipped_invariant
f1.0_r117	control	150	19	-211.286236444739	-211.545280707716	0.756976371443964	0.795246511586603	1.30770260331125e-07	0.244958856046393	6.47533171395101e-09	0.210559516210247	0.518088525953658	0.771788860615189	ok
f1.0_r118	driver	150	0	NA	NA	NA	NA	NA	NA	NA	NA	NA	NA	skipped_invariant
f1.0_r118	control	150	34	-191.73988595287	-192.019382006366	1.10135866115232	1.13954832573968	0.430994590315223	0.684714048748938	5.49235693435483e-09	0.136987760076636	0.55899210699198	0.756164712016348	ok
f1.0_r119	driver	150	0	NA	NA	NA	NA	NA	NA	NA	NA	NA	NA	skipped_invariant
f1.0_r119	control	150	0	NA	NA	NA	NA	NA	NA	NA	NA	NA	NA	skipped_invariant
f1.0_r120	driver	150	65	-202.302137858231	-203.135907676198	0.865827683038249	1.05334252838564	4.65763808314975e-06	0.510356093354122	1.2630955591199e-07	0.0668384448889745	1.66753963593476	0.43440855446063	ok
f1.0_r120	control	150	83	-221.498068146282	-222.494947067676	1.17268420657573	0.823941757008257	0.632523414584088	6.60492472231937e-07	0.0960915589041026	0.0465668462221165	1.99375784278874	0.369029415471322	ok
f1.0_r121	driver	150	53	-200.59994861185	-200.663944285811	0.952915916721107	1.06800068530748	0.160562085226169	0.337729800586167	6.93765926742891e-11	0.161581776664739	0.127991347922432	0.938009057385514	ok
f1.0_r121	control	150	92	-222.948631288583	-223.795869887221	1.16032830695799	0.873490450155397	0.221775035909584	0.112527886152285	0.156235766762348	0.135772344163502	1.69447719727737	0.428596827216228	ok
f1.0_r122	driver	150	0	NA	NA	NA	NA	NA	NA	NA	NA	NA	NA	skipped_invariant
f1.0_r122	control	150	36	-196.699733221769	-197.65431020285	0.846114468490981	1.10441773332831	0.0793118480612132	0.729873684051282	3.48020169841193e-09	0.059407895444135	1.90915396216076	0.384974961805586	ok
f1.0_r123	driver	150	0	NA	NA	NA	NA	NA	NA	NA	NA	NA	NA	skipped_invariant
f1.0_r123	control	150	64	-181.921720493853	-183.911433471522	0.947469078695816	1.50923475036908	3.00561816392119e-07	1.03060108032194	2.00759143270832e-09	0.0642024059956494	3.97942595533897	0.136734665716254	ok
f1.0_r124	driver	150	0	NA	NA	NA	NA	NA	NA	NA	NA	NA	NA	skipped_invariant
f1.0_r124	control	150	70	-209.47179183321	-209.98885355698	1.01529382299382	0.788913568532451	0.201995903265881	0.0224608047827283	1.37536769308383e-09	0.128104901411192	1.03412344753872	0.596269982467182	ok
f1.0_r125	driver	150	91	-238.026688549991	-238.165365133551	0.85902810426125	0.796217313441647	0.215310757158819	4.07902637556275e-07	9.44513233217594e-08	0.155143210189936	0.277353167119259	0.870509520026573	ok
f1.0_r125	control	150	0	NA	NA	NA	NA	NA	NA	NA	NA	NA	NA	skipped_invariant
f1.0_r126	driver	150	58	-170.194494637884	-170.869576706097	1.0126720254374	0.841150702772091	4.34269836636813e-09	0.0167001680416946	5.15109315592501e-08	0.0423288822006621	1.35016413642563	0.509114636764652	ok
f1.0_r126	control	150	36	-177.363592753853	-178.133787630153	0.998334875110148	0.795180418351097	3.25647442281046e-08	7.25349903434368e-07	7.59939225764377e-08	0.133739596687097	1.54038975260039	0.462922846828833	ok
f1.0_r127	driver	150	85	-229.150511578973	-229.686047546747	1.29257611432777	1.01966217147945	1.00647214254289	0.494244508502114	0.00507687180309028	0.145572482105358	1.07107193554862	0.585355474383954	ok
f1.0_r127	control	150	76	-223.814383001237	-224.061073185469	1.03114835903463	1.21588653373104	0.629490967068392	0.77585103694255	6.1591762346044e-10	0.102517786922864	0.493380368463363	0.781382740728591	ok
f1.0_r128	driver	150	54	-210.069997895514	-210.536944848928	1.24787407759005	0.936732871120678	0.774463455411916	0.296454530259099	1.22351983652124e-10	0.166718224009258	0.933893906827734	0.626913345143105	ok
f1.0_r128	control	150	72	-229.95886841368	-231.39774870304	1.42912799461857	0.884848883544772	1.0690619900393	0.186622126864813	1.00845241716949e-09	0.245281342007278	2.87776057872003	0.237193197794192	ok
f1.0_r129	driver	150	80	-217.450526159331	-218.111569712417	0.765102455121905	1.05071241564697	2.50049323457267e-08	0.361081699488192	5.57766632210005e-10	0.0968014771197305	1.32208710617249	0.51631225401493	ok
f1.0_r129	control	150	72	-209.445986854601	-209.64539858645	0.828952662019014	0.945880366803953	4.89246823841724e-06	0.258594559228215	3.08681140270525e-08	0.0829722669080098	0.398823463698761	0.819212527996477	ok
f1.0_r130	driver	150	21	-177.072748919609	-177.460530100473	1.15634167447335	1.06545728324479	0.371441004038446	0.524627802784536	3.75083935681785e-10	0.212995399688549	0.775562361727907	0.678560809109932	ok
f1.0_r130	control	150	100	-200.967413394217	-201.016641892185	1.24317072945426	1.1200159338501	0.564594329467297	0.39015554156155	1.88450710917177e-09	0.123992555013558	0.098456995935635	0.951963583100799	ok
f1.0_r131	driver	150	55	-217.72763407312	-217.788947895676	1.17479283566752	1.25658259517979	0.788162305283311	0.828224935993427	2.80204609878594e-05	0.163921363214476	0.122627645112004	0.94052803454561	ok
f1.0_r131	control	150	95	-237.879536641716	-239.792365161187	1.5133817644857	1.09764192372964	1.51670108041259	0.511073705127245	1.78548548801606e-08	0.223462236947822	3.82565703894267	0.147662130140774	ok
f1.0_r132	driver	150	23	-180.869661585168	-181.481987575219	1.11925789308084	1.07989890550972	0.350413131887168	0.626826334305033	2.66514773666443e-10	0.153491843280717	1.22465198010201	0.542088509046399	ok
f1.0_r132	control	150	79	-196.057910075603	-196.167484831691	1.09733210102339	1.17761633621454	0.477310328669367	0.479124013394988	3.86012743682638e-08	0.108338307872411	0.219149512175136	0.896215164318506	ok
f1.0_r133	driver	150	45	-186.778065436324	-187.071024235211	1.12265099520478	0.942740128276315	0.348684795714444	0.248271238028739	9.49586859656957e-10	0.14865534664182	0.585917597772948	0.74605287827334	ok
f1.0_r133	control	150	94	-216.17201279255	-217.335554964745	1.27356790363644	0.980572168271149	0.882529620998518	0.0751291507516105	4.04655889806397e-11	0.21067122343797	2.32708434438905	0.312377723182321	ok
f1.0_r134	driver	150	79	-224.568638761674	-225.399157205419	1.33799433848623	0.893841783326236	0.894656554406628	0.21145207753034	0.0122512475917185	0.173386035240769	1.66103688748905	0.43582327788813	ok
f1.0_r134	control	150	107	-224.656079761941	-224.821347581012	0.948225255622557	1.12321616441649	0.417220938620908	0.563448057420586	2.50968084357152e-10	0.0781444926713337	0.330535638142123	0.847666652389473	ok
f1.0_r135	driver	150	115	-234.080145756382	-234.925842644361	0.824403264816412	0.882392928632381	0.505345513037144	0.124213386796383	4.82738827330762e-10	0.122860127864918	1.69139377595752	0.429258109135266	ok
f1.0_r135	control	150	55	-207.366094869817	-208.938705281552	0.833101492531229	1.01336479923701	2.43544234668581e-06	0.551865800806661	3.98733541001023e-07	0.0566340817591403	3.14522082346991	0.207502806991095	ok
f1.0_r136	driver	150	75	-229.762565535912	-230.564660347377	1.13441031977936	0.763541073136164	0.581874058417798	0.101427762345413	2.77342195303099e-10	0.150595946847962	1.60418962292931	0.448388689844296	ok
f1.0_r136	control	150	89	-226.635406992792	-227.377420368113	0.939757686409475	0.915441980748034	0.51111260958968	0.205958908074878	4.15124547648568e-10	0.10415082361176	1.48402675064233	0.476154272523079	ok
f1.0_r137	driver	150	87	-248.82087442164	-249.210118473736	0.774754703737019	0.89511648108265	0.238403444417237	0.206041536479125	5.57226095201555e-10	0.15444148741318	0.778488104191524	0.677568887726772	ok
f1.0_r137	control	150	46	-215.974489014014	-216.868099724353	0.77875631749257	0.97426502760531	1.18126592352057e-08	0.501851762724275	1.24040663803567e-08	0.0925969369359909	1.78722142067738	0.409175667467876	ok
f1.0_r138	driver	150	0	NA	NA	NA	NA	NA	NA	NA	NA	NA	NA	skipped_invariant
f1.0_r138	control	150	97	-217.97442317259	-219.067893967528	1.37755604869614	1.39423951358751	1.2536598449988	0.817079389771569	3.84464542132355e-10	0.181857103311078	2.18694158987586	0.335051577963582	ok
f1.0_r139	driver	150	65	-211.987365632555	-213.924408587751	1.37860398344297	0.772442821157362	0.81987331366431	0.128400336834593	5.41908934229602e-11	0.14146707578197	3.87408591039184	0.14412951769732	ok
f1.0_r139	control	150	66	-214.796101363726	-215.07160136181	0.990418295929949	1.21526091243638	0.449656850169076	0.675379513703388	5.8490440746156e-09	0.122836948140342	0.550999996167945	0.759192433548682	ok
f1.0_r140	driver	150	64	-163.575384405424	-163.709865059912	1.69773370003897	1.53475263048227	1.2058942386596	1.10714174097419	2.13869216879999e-07	0.0542663530989118	0.268961308976031	0.874169789975143	ok
f1.0_r140	control	150	121	-195.051562886254	-196.018868303294	1.57149945525479	1.65803844658516	1.66023175127473	1.12358541504085	0.0621289370646383	0.132416872129372	1.93461083408135	0.380105886253749	ok
f1.0_r141	driver	150	13	-170.55296804574	-172.690195891302	0.898565120833477	0.892625754788237	0.0174004831252436	1.33294241409234e-09	0.00648664241234921	2.32506219574289e-10	4.27445569112473	0.117981452914341	ok
f1.0_r141	control	150	110	-212.685859626907	-213.448625033925	1.16452314423912	0.919933779496776	0.728582431212834	2.41551078901385e-08	3.20567999639674e-07	0.164243177090148	1.52553081403715	0.466374925576927	ok
f1.0_r142	driver	150	85	-218.78093233045	-218.873620234618	1.10984656070567	1.06207521952619	0.512000096597302	0.313724697223436	0.0565185414942549	0.177330649706884	0.18537580833754	0.911477924370502	ok
f1.0_r142	control	150	96	-206.733389704233	-208.376084678707	0.821935587113957	1.22681581491729	0.267793595265476	0.466215106332558	1.17471601333608e-08	0.10945772354567	3.2853899489487	0.19345797482361	ok
f1.0_r143	driver	150	93	-223.310923778481	-225.782134992462	1.55742235087331	0.856933965086146	1.13843291888664	3.00463497092147e-05	3.11839381072077e-06	0.213679671295472	4.94242242796128	0.084482470657406	ok
f1.0_r143	control	150	108	-228.681568838671	-229.797506264036	1.11664346654442	0.947045691850825	0.866116436000842	0.0727419383263427	0.00300181377278455	0.195813867960987	2.23187485072833	0.32760802683529	ok
f1.0_r144	driver	150	84	-215.00487716209	-215.134321595034	1.00643708771827	1.14236472782962	0.341361138896608	0.619968763577355	1.35114570781606e-10	0.0934545005220603	0.258888865887116	0.878583407353657	ok
f1.0_r144	control	150	38	-195.296999701868	-198.294705321415	0.946561947734246	1.13536913680193	0.0367189456545717	0.850277140813933	3.65327888582419e-08	0.0519397943371839	5.99541123909347	0.0499014299887179	ok
f1.0_r145	driver	150	0	NA	NA	NA	NA	NA	NA	NA	NA	NA	NA	skipped_invariant
f1.0_r145	control	150	88	-202.381225924824	-203.914201670814	1.46585871955491	1.02337710928722	1.06962603007444	9.82439516396804e-06	2.98093092936029e-08	0.287238757646416	3.06595149197966	0.215892269940693	ok
f1.0_r146	driver	150	107	-201.318186763698	-201.64898903551	1.49319418121898	1.18027053973518	1.09350255337747	0.493397717716595	2.53743828347998e-09	0.131873292259993	0.661604543623127	0.718347192488127	ok
f1.0_r146	control	150	62	-196.421645073042	-196.62517801785	1.33712623730773	1.12564022855278	0.679144792901994	0.491237648504951	5.34894288469678e-09	0.172076873672154	0.407065889614955	0.815843326078617	ok
f1.0_r147	driver	150	95	-213.516523840325	-214.013379402774	0.985423493320757	0.963514845501787	0.371679356355686	2.39469309609504e-06	1.18949764881173e-08	0.183900465685279	0.993711124899562	0.608440859171924	ok
f1.0_r147	control	150	6	-163.314823124476	-165.969940284178	0.959503160070334	0.908027352611881	1.07281746281877e-07	0.898394566935153	1.89141088941833e-09	0.0609914296570544	5.31023431940366	0.0702906029567074	ok
f1.0_r148	driver	150	0	NA	NA	NA	NA	NA	NA	NA	NA	NA	NA	skipped_invariant
f1.0_r148	control	150	78	-248.396576765267	-248.563760074215	0.865762489005132	0.759756403551151	0.387353240677303	0.145315909598179	2.26693847131025e-10	0.129714230422923	0.334366617896592	0.846044509592589	ok
f1.0_r149	driver	150	94	-222.636741691463	-223.180324628914	1.16946263229284	1.15568949910187	0.869824327166526	0.547061124677419	4.09587931537093e-09	0.154085560516753	1.08716587490255	0.580664037870658	ok
f1.0_r149	control	150	0	NA	NA	NA	NA	NA	NA	NA	NA	NA	NA	skipped_invariant
f1.0_r150	driver	150	79	-212.8075736573	-213.187324741948	1.02531981721698	1.19312887269244	0.498183014629234	0.526648149593836	4.74975324957569e-08	0.160156472412912	0.75950216929516	0.684031654003428	ok
f1.0_r150	control	150	0	NA	NA	NA	NA	NA	NA	NA	NA	NA	NA	skipped_invariant
f1.0_r151	driver	150	68	-206.686082359834	-207.287357223264	0.989058255463477	1.39061163926289	0.315274514899205	0.862773027490814	7.13576429992211e-09	0.114075813564225	1.20254972686041	0.548112422005036	ok
f1.0_r151	control	150	85	-210.381687268182	-211.573602771622	1.44582002373556	1.00192394795943	1.0742180000419	0.206862492924671	3.45228557257116e-10	0.201518469114546	2.38383100688111	0.303639084949754	ok
f1.0_r152	driver	150	48	-230.936048069528	-232.48230672482	0.891449180651504	0.657066982515977	3.55733588610719e-07	9.47046455631631e-08	0.0296635784652112	0.179387621876443	3.09251731058282	0.213043554002347	ok
f1.0_r152	control	150	64	-210.104103165914	-211.286244439556	0.892714285502907	0.685780489958743	0.00356748221349828	5.94284429908426e-07	8.74062781790089e-08	0.0808636926308574	2.36428254728492	0.306621474679365	ok
f1.0_r153	driver	150	91	-223.73843863934	-224.369957705144	0.888085787477852	1.05794913043822	0.389630365391672	0.361973715587367	1.82648093654675e-08	0.13646172962824	1.26303813160786	0.531783373197513	ok
f1.0_r153	control	150	77	-232.554992992066	-233.073354905127	1.11738930753764	0.8922351090965	0.647666443919517	0.117852768914862	2.21058645443885e-09	0.2258815221265	1.03672382612217	0.595495222397518	ok
f1.0_r154	driver	150	67	-176.822926902535	-177.036783638333	1.1066812815932	1.33786150047378	0.256073564644715	0.658288247107478	4.65438648438756e-10	0.109996363335527	0.427713471595439	0.807464057430684	ok
f1.0_r154	control	150	67	-164.223286619302	-166.665331816662	1.12937403230401	1.30293241799611	3.71724489742309e-08	0.800637342490724	2.13351107164979e-08	0.0375066318883816	4.88409039472003	0.0869827724840751	ok
f1.0_r155	driver	150	40	-198.754344383609	-200.995644155548	1.02868720285927	0.730053168813649	0.145203598160803	0.187375841124094	1.48289251663542e-08	0.108030338837532	4.48259954387697	0.106320222489575	ok
f1.0_r155	control	150	83	-215.159620726517	-215.775310892916	0.913596834283285	1.0414955561173	0.355189829176384	0.281602896584845	2.89345321077743e-08	0.116059548537273	1.23138033279969	0.540267891861022	ok
f1.0_r156	driver	150	120	-208.039763087544	-208.389327757584	1.25872080128196	0.972916072091377	0.56554672403187	0.303630036885639	0.326458623603992	0.033505336086079	0.699129340080049	0.704994928339783	ok
f1.0_r156	control	150	0	NA	NA	NA	NA	NA	NA	NA	NA	NA	NA	skipped_invariant
f1.0_r157	driver	150	40	-167.969152040527	-168.428457422571	1.17677016942416	1.52602652865738	0.435153342435985	1.06324640232694	1.41488195448298e-09	0.071901259195867	0.918610764088328	0.631722298792908	ok
f1.0_r157	control	150	15	-170.247723310058	-171.220810764215	1.23561925010582	1.21222051365906	0.456332043072122	0.895403207470651	2.2690600924541e-08	0.14714254650865	1.94617490831394	0.377914441524045	ok
f1.0_r158	driver	150	3	-176.645066720594	-177.306705408457	1.09476086040965	0.783349209947556	0.416165908367562	0.490591530903527	3.06347293107721e-09	0.337884482198225	1.32327737572672	0.516005070053711	ok
f1.0_r158	control	150	85	-203.787283787758	-204.88753330917	1.4067536183001	0.920082559370545	0.747490593977795	0.264900384203196	9.73184734127463e-10	0.107336758750832	2.20049904282496	0.332788035596672	ok
f1.0_r159	driver	150	63	-211.958190085595	-213.036025740936	0.868066489946996	1.33302069418287	0.0895277133368817	0.878046493370728	2.38250794095383e-08	0.086534409401471	2.15567131068286	0.340331323379661	ok
f1.0_r159	control	150	80	-210.739761322166	-213.134487695002	0.751141712927947	1.40916955394428	0.141004224939384	0.832584094498923	6.86293987347162e-08	0.0906367390942533	4.78945274567133	0.0911976296576402	ok
f1.0_r160	driver	150	46	-191.448916582712	-191.520344096629	1.06338860494504	0.981206220551153	0.290659515361409	0.0805265108027911	5.33091053425433e-10	0.230993154295069	0.142855027834287	0.931063764314073	ok
f1.0_r160	control	150	86	-195.438053495491	-195.453214659784	1.03183233578195	1.03760340571592	0.247593022977715	0.205793812562509	5.29094419832492e-08	0.104338668917825	0.0303223285851004	0.98495318752716	ok
f1.0_r161	driver	150	87	-181.78947272348	-183.365378471771	1.69534276986387	1.36664686488773	1.38159033617797	0.497703775362642	1.622272625482e-10	0.210786057556344	3.15181149658076	0.20682014083101	ok
f1.0_r161	control	150	0	NA	NA	NA	NA	NA	NA	NA	NA	NA	NA	skipped_invariant
f1.0_r162	driver	150	78	-219.700689121265	-220.29786040909	0.898819972846246	1.25340592755729	0.347436560994523	0.764960863693403	1.09489983384236e-09	0.0935613871257544	1.19434257565041	0.550366264011546	ok
f1.0_r162	control	150	78	-240.715903627484	-241.993102251898	1.23982541815069	0.959438803505612	0.951590560568708	0.239392148524981	1.54086439856604e-09	0.23889211085637	2.55439724882621	0.278817279355771	ok
f1.0_r163	driver	150	93	-214.933995045073	-215.761444364425	1.44188439499301	1.49801532432371	1.27775387323342	0.997719844021707	1.10436621913232e-08	0.154877949290016	1.65489863870408	0.437162928466669	ok
f1.0_r163	control	150	58	-191.343430046905	-191.45370935588	1.54823496087155	1.34212177819596	1.15151266083697	0.903549171612152	5.2181079488212e-10	0.129500416062429	0.220558617950019	0.895583955722747	ok
f1.0_r164	driver	150	0	NA	NA	NA	NA	NA	NA	NA	NA	NA	NA	skipped_invariant
f1.0_r164	control	150	103	-223.61100431999	-224.670088311557	0.687104220966759	0.936761486419491	3.26954977431685e-07	3.62018244282209e-06	0.0718257220409861	0.151474037925417	2.11816798313578	0.346773312168654	ok
f1.0_r165	driver	150	114	-200.340906726308	-200.6742013009	0.905465855343211	1.01811554134337	0.282876193830309	0.156985362718188	9.7242766391207e-09	0.0987651600159345	0.66658914918321	0.716559082964004	ok
f1.0_r165	control	150	115	-209.158940807349	-209.799133546658	1.13080750108823	0.963318421747991	0.746044962291393	0.045491869038337	6.86632457298911e-09	0.148614091078018	1.28038547861848	0.527190803858886	ok
f1.0_r166	driver	150	84	-220.567798305066	-221.319568832823	1.23568855487099	0.932010924202938	0.776835892912551	0.0906071959552315	5.84010170563195e-10	0.224987382866347	1.50354105551548	0.471530954590701	ok
f1.0_r166	control	150	84	-202.746052803437	-204.121081691444	1.3672769818398	0.810180980712386	0.706439015074365	0.0225470326962372	1.32617046240113e-09	0.132549389279176	2.75005777601439	0.252832291878183	ok
f1.0_r167	driver	150	82	-229.789120485442	-230.753780096072	1.44220244965719	1.09897336858485	1.24860624999769	0.447829808255294	4.86716902480388e-08	0.250696779574133	1.92931922125956	0.38111290444456	ok
f1.0_r167	control	150	31	-194.90765392713	-195.255460462891	1.25345872591289	1.05021316089088	0.79886133201244	0.291443128806824	0.020225518780286	0.0531710278546665	0.695613071521223	0.706235494311336	ok
f1.0_r168	driver	150	103	-231.469666921262	-232.408205761397	1.2864950973132	1.03210823218291	1.10009369495661	0.352596133440919	3.78915331455292e-08	0.176799258592744	1.87707768027093	0.391199022269589	ok
f1.0_r168	control	150	114	-218.99385892765	-220.383305941998	0.775531272656793	1.22132375364137	0.42662978571051	0.647225499787469	4.25015322211033e-07	0.0902881205799725	2.77889402869562	0.249213077791224	ok
f1.0_r169	driver	150	33	-184.671994531038	-184.928365536067	1.28979520575654	1.02378145039439	0.654500163942271	0.397995764772602	1.31375624741953e-11	0.163500789707755	0.512742010057309	0.773854811500627	ok
f1.0_r169	control	150	83	-208.636995021176	-208.790443325696	1.35563595190525	1.14659113086126	0.799892082464352	0.479911498007163	5.61600578043035e-10	0.152495055845481	0.306896609040507	0.857745104597401	ok
f1.0_r170	driver	150	0	NA	NA	NA	NA	NA	NA	NA	NA	NA	NA	skipped_invariant
f1.0_r170	control	150	0	NA	NA	NA	NA	NA	NA	NA	NA	NA	NA	skipped_invariant
f1.0_r171	driver	150	36	-203.008532811454	-203.291914423997	0.885779945058957	0.840388794155877	0.0622926884491086	0.191176218345111	3.85618800381134e-11	0.166785003958728	0.566763225085424	0.75323229011735	ok
f1.0_r171	control	150	70	-211.704386125897	-212.370101641704	0.98577375106695	0.766936291392346	0.144046904531014	0.0326000509760971	3.192922606988e-09	0.112821099003636	1.33143103161382	0.513905688481566	ok
f1.0_r172	driver	150	130	-211.574409903343	-211.944718224222	0.767914654806944	0.877802113122815	0.355584624010921	0.0358537743907072	4.14664533875193e-08	0.0771018102828092	0.740616641758777	0.690521395648947	ok
f1.0_r172	control	150	68	-217.49061865966	-217.592325175877	0.891998708946985	0.856201421382712	0.151343078985413	1.82632720525407e-06	4.16473318709736e-08	0.191421588648923	0.203413032434298	0.903294615091732	ok
f1.0_r173	driver	150	109	-210.218496154399	-210.285604272845	0.934970602067068	0.993001466967135	0.265032530360672	0.231636868134558	1.6990089663282e-07	0.093118693835891	0.134216236893621	0.935094094949974	ok
f1.0_r173	control	150	51	-199.611584574434	-200.65575983412	1.06016629962866	0.778610917377493	0.195593063566209	0.0694939818916166	2.1932278077513e-10	0.136631946372762	2.08835051937126	0.351981993442419	ok
f1.0_r174	driver	150	118	-226.049090529739	-227.158043799809	0.811891569594762	0.949248481247525	0.584105945917938	0.148080485325142	0.00285050554386388	0.139845160407686	2.2179065401404	0.329904100905962	ok
f1.0_r174	control	150	0	NA	NA	NA	NA	NA	NA	NA	NA	NA	NA	skipped_invariant
f1.0_r175	driver	150	0	NA	NA	NA	NA	NA	NA	NA	NA	NA	NA	skipped_invariant
f1.0_r175	control	150	0	NA	NA	NA	NA	NA	NA	NA	NA	NA	NA	skipped_invariant
f1.0_r176	driver	150	3	-184.84950955435	-185.097422482019	1.06910555368764	1.27131095412695	0.469746906214808	1.06800349753708	7.02599097526555e-11	0.298914173887154	0.495825855336818	0.780427893996046	ok
f1.0_r176	control	150	74	-218.502277015365	-219.152547662598	0.949774375391676	1.17159674585471	0.160664024942284	0.712832154190371	2.10719659673353e-08	0.0773793360296807	1.30054129446751	0.521904505633825	ok
f1.0_r177	driver	150	0	NA	NA	NA	NA	NA	NA	NA	NA	NA	NA	skipped_invariant
f1.0_r177	control	150	126	-209.151788978424	-211.189375617294	1.22406136812348	0.962229503686126	1.53196066233433	1.01465154624515e-06	3.05819597411314e-07	0.194729712794082	4.07517327774178	0.130342896083616	ok
f1.0_r178	driver	150	97	-226.116267376552	-226.646814175996	1.15654431547305	1.13417158460345	0.827162302833096	0.461317991054954	1.72401045549165e-08	0.164503970553973	1.06109359888723	0.588283208785783	ok
f1.0_r178	control	150	88	-212.336932321544	-212.353338657566	1.09314529285285	1.14541024746315	0.508051511137461	0.550744776606177	1.60936128133033e-08	0.10354819713292	0.0328126720448267	0.983727514907623	ok
f1.0_r179	driver	150	103	-196.279625526673	-197.329974188346	1.42861642139971	0.998379174888118	0.96241775199475	4.64352750348889e-06	9.50548327287909e-09	0.185199342354477	2.10069732334694	0.349815760497554	ok
f1.0_r179	control	150	0	NA	NA	NA	NA	NA	NA	NA	NA	NA	NA	skipped_invariant
f1.0_r180	driver	150	100	-210.858231921688	-211.246431778534	1.42241854084754	0.824135035014037	0.815876595919465	1.55553663326101e-07	0.193764642486306	0.0543185165126079	0.776399713691717	0.678276771460916	ok
f1.0_r180	control	150	44	-186.604735721109	-191.752000884262	1.10318784484486	0.626328270432971	2.49493428303659e-07	1.2289028679608e-07	2.48536821450561e-07	0.107019332061878	10.294530326307	0.00581528686019954	ok
f1.0_r181	driver	150	105	-233.33330888791	-236.265095043897	0.734810163101979	0.922728279319623	0.499234763105523	6.62820752368666e-06	1.97667584557088e-08	0.217553152236433	5.86357231197246	0.0533017478328821	ok
f1.0_r181	control	150	85	-225.425999253013	-225.647718633041	0.7685068011206	0.93079599696245	0.000473828640967294	0.169287510059251	1.2391659010906e-09	0.132848958184004	0.443438760055983	0.801140148719799	ok
f1.0_r182	driver	150	102	-206.856214133177	-207.254669414142	1.48359139078777	1.11959049044403	0.896502775535156	0.460099028739391	3.66653529513879e-09	0.113169787000151	0.796910561929394	0.671356302326849	ok
f1.0_r182	control	150	108	-183.159040048167	-183.233504588989	1.34192663406748	1.19227671258914	0.708547736547191	0.571231912976794	1.03291392963151e-06	0.0438584789315653	0.148929081644496	0.928240388116346	ok
f1.0_r183	driver	150	60	-218.450645812649	-218.56989487723	0.87083155846911	0.987468481876361	0.103260238257623	0.35402100211464	1.84370942058559e-08	0.14360246579372	0.238498129162338	0.887586706818373	ok
f1.0_r183	control	150	62	-215.225533691578	-217.351912540916	0.746898487307769	1.25437435520092	0.12388162833277	0.531037354732482	1.3004338420963e-10	0.178325452246623	4.25275769867574	0.119268401679843	ok
f1.0_r184	driver	150	77	-207.253508449095	-207.313609778324	0.85369909970439	0.917078570075007	2.2235111026751e-06	0.147642668825555	6.25858392017225e-08	0.0948996904909082	0.120202658457288	0.94166911014517	ok
f1.0_r184	control	150	121	-217.543255938066	-218.32149751052	0.64875658254487	0.965220829839634	1.01313996560113e-07	0.163891006029046	0.0812812513277846	0.087462829908778	1.55648314490912	0.459212794189235	ok
f1.0_r185	driver	150	1	-160.850533954705	-164.057754179701	0.965135193789401	0.229344206330707	4.09557891561526e-07	5.84560682178338e-08	5.91308454722587e-09	0.336402979330714	6.4144404499919	0.0404689516422116	ok
f1.0_r185	control	150	41	-180.204165688148	-181.153883106835	1.00140637936936	0.896887984761337	1.07615224887326e-06	0.22047388390371	7.06058551300327e-09	0.117089297575711	1.89943483737363	0.386850324683286	ok
f1.0_r186	driver	150	81	-202.066921165009	-202.336527537355	1.24288131359446	1.00427301756472	0.522794404626992	0.28524869043877	9.07837075155832e-10	0.132622003958325	0.539212744691724	0.763680040764238	ok
f1.0_r186	control	150	54	-196.861145665037	-196.890216016861	1.09667839708627	1.13114963345393	0.417883940660636	0.407264491230252	1.1975562061086e-08	0.16335839450729	0.0581407036494284	0.97134812594967	ok
f1.0_r187	driver	150	0	NA	NA	NA	NA	NA	NA	NA	NA	NA	NA	skipped_invariant
f1.0_r187	control	150	9	-192.027477568424	-194.060841815153	0.877270310268097	0.68469387947063	0.134311560085245	0.499156288867393	2.45559667474444e-10	0.084573838463325	4.06672849345756	0.13089441845628	ok
f1.0_r188	driver	150	0	NA	NA	NA	NA	NA	NA	NA	NA	NA	NA	skipped_invariant
f1.0_r188	control	150	116	-218.366621543683	-218.87455000311	1.00296679846956	0.858812838585089	0.593122820208959	5.4083296057601e-07	3.53405875652113e-07	0.12299468298542	1.01585691885253	0.601740819105712	ok
f1.0_r189	driver	150	76	-179.887451623171	-182.429796355349	0.896987754589871	1.60342669452127	1.99246807960596e-08	1.02319580829954	2.4970861489718e-08	0.0602682453331324	5.08468946435556	0.0786816958306209	ok
f1.0_r189	control	150	109	-199.55370487895	-199.648579079959	1.13665934656423	1.1166857204494	0.496338927789205	0.284137016472768	2.41165781605915e-07	0.122674271523903	0.189748402017983	0.909487339861728	ok
f1.0_r190	driver	150	114	-190.153626099603	-190.954241987519	0.794566373289225	1.12187278650252	3.10295184122563e-07	0.300702264867298	3.49401322298414e-09	0.0601618256160047	1.60123177583142	0.449052313039815	ok
f1.0_r190	control	150	81	-195.843405451737	-195.926387970492	0.998528856614561	0.953437088809096	0.0498306154371037	0.0999568229768844	1.3873158513243e-09	0.122110620192944	0.165965037510091	0.920367236244601	ok
f1.0_r191	driver	150	6	-185.851856017665	-186.831344942661	0.890942465273052	0.545331103169088	0.0768779541711083	6.23732045266757e-05	1.89382627572322e-08	0.322631368549955	1.95897784999238	0.375502959996216	ok
f1.0_r191	control	150	50	-206.437039041496	-208.461906509068	0.755770670438906	1.04290069653929	0.0662752646648307	0.0191973964085355	5.20587405235681e-10	0.208176788657197	4.04973493514359	0.132011337811653	ok
f1.0_r192	driver	150	64	-169.330276758512	-170.962689488225	1.62609884001146	1.27029989233323	1.20395211659562	0.196730300196688	0.0258540923074242	0.0893164612880772	3.2648254594269	0.195457418842257	ok
f1.0_r192	control	150	0	NA	NA	NA	NA	NA	NA	NA	NA	NA	NA	skipped_invariant
f1.0_r193	driver	150	39	-213.787149452069	-214.396755660942	0.896735117219069	0.839075721037596	0.180152916621725	0.357136952665597	1.10284087143982e-09	0.115280401122097	1.21921241774663	0.543564877960052	ok
f1.0_r193	control	150	85	-217.64777011821	-219.529880843629	0.663949301106096	1.09785257224683	0.0930587142527463	0.454392882509842	3.09553080529508e-09	0.06379551544893	3.76422145083819	0.152268369609741	ok
f1.0_r194	driver	150	46	-197.514725582323	-199.004315361908	0.862626058181514	1.34044923469495	0.200632635630942	0.577902820924965	1.65464055573234e-09	0.136911208641085	2.97917955916984	0.22546512696928	ok
f1.0_r194	control	150	58	-218.455691268248	-218.943544910464	0.933578852301842	1.12977324491721	0.315460556820486	0.397626830543656	6.64452309888386e-10	0.204573882243558	0.975707284431678	0.613942721763986	ok
f1.0_r195	driver	150	111	-200.954566345726	-201.402921970961	0.782872826614372	0.965740112419082	1.36190108355125e-06	1.9104116114241e-06	1.47058577867102e-10	0.106602331164726	0.896711250470446	0.6386775137995	ok
f1.0_r195	control	150	114	-214.063194962248	-214.87651451146	1.02800534461546	0.975203098725439	0.602048970181374	4.05546504730394e-08	4.87692735438812e-09	0.161793510914724	1.62663909842263	0.443383786306238	ok
f1.0_r196	driver	150	81	-192.144075878587	-193.205747602137	1.67443158366648	1.0834903187543	1.21283181261887	0.348667960542969	6.52085851732727e-09	0.183341694027756	2.12334344709996	0.34587711583628	ok
f1.0_r196	control	150	114	-195.057953246471	-196.448159495084	1.1332298037363	1.38616404181953	0.927541928712819	0.698357890122701	1.69618949321013e-08	0.12420799755627	2.78041249722673	0.249023938492743	ok
f1.0_r197	driver	150	60	-212.372648680132	-213.533928467639	1.05158021928531	0.762105174120941	0.236119694925342	0.105160844280955	6.65452584304022e-10	0.129857537866242	2.32255957501377	0.31308524179787	ok
f1.0_r197	control	150	87	-215.501911973287	-215.751110901042	0.846559047865874	1.00940711368187	0.021027060614167	0.394934021518279	4.30145582844226e-10	0.0795059623077809	0.498397855509211	0.779424908714904	ok
f1.0_r198	driver	150	0	NA	NA	NA	NA	NA	NA	NA	NA	NA	NA	skipped_invariant
f1.0_r198	control	150	112	-235.64983664669	-235.688595288419	0.785387080836571	0.865917501867593	0.0867685275663123	0.253818046922745	0.0196155706646655	0.0655436480300341	0.0775172834582349	0.961982863649624	ok
f1.0_r199	driver	150	28	-182.722063605605	-183.234980805592	0.89692582931107	1.02543012257985	1.29621335925285e-05	0.462376991966613	1.54213794230637e-07	0.0976224434840789	1.02583439997437	0.598746365760088	ok
f1.0_r199	control	150	28	-181.60833909071	-182.405491993661	0.865216321831068	1.28555165930041	5.71273695250521e-06	0.75039413687173	3.1028815409649e-07	0.0956470604110865	1.59430580590288	0.450610070135993	ok
f1.25_r000	driver	150	118	-164.488721927298	-165.573896004531	0.926594486066469	1.35581692306331	0.0955342418791616	0.151222278352493	1.27533950333679e-07	0.131831472203042	2.1703481544651	0.337842970006352	ok
f1.25_r000	control	150	127	-159.26862969448	-158.546444174772	1.06915974146531	1.27960991204453	0.709709050856307	0.00814528816602218	2.2633833328198e-09	0.150290647381363	-1.44437103941601	1	ok
f1.25_r001	driver	150	53	-182.780066549885	-183.188170240558	0.99063296851369	1.24363768246413	8.04082109598476e-06	0.536900740396952	3.62826855041022e-09	0.138817562148952	0.816207381344498	0.664909930290147	ok
f1.25_r001	control	150	60	-176.535016591168	-176.552197872266	1.11669814245251	1.05449876247017	0.254221936005305	0.177201539493028	4.7639895872759e-09	0.134174705910896	0.0343625621961223	0.982965475421676	ok
f1.25_r002	driver	150	90	-198.813138571301	-200.872657481926	0.954976810318482	1.35750237348698	0.444684578165032	0.494425058470074	5.19362187964188e-09	0.176869130395578	4.11903782124926	0.12751530139737	ok
f1.25_r002	control	150	108	-195.642147899856	-196.014105461192	1.22773493356073	1.20613335673892	0.780790289140974	0.401588529741662	5.66916237323663e-08	0.142486069678428	0.743915122673059	0.689383498417719	ok
f1.25_r003	driver	150	132	-152.311803665466	-155.493653674443	0.741440857939435	1.57150033700479	0.641144597872016	0.501888643384622	5.64716228055257e-08	0.119512334501117	6.36370001795382	0.0415087924061668	ok
f1.25_r003	control	150	0	NA	NA	NA	NA	NA	NA	NA	NA	NA	NA	skipped_invariant
f1.25_r004	driver	150	90	-214.918114827895	-217.125593234431	1.23584013162303	1.30718309863171	1.02537153644032	0.59449013900601	8.86976717794931e-09	0.200639546069074	4.41495681307322	0.109977618009213	ok
f1.25_r004	control	150	60	-195.765346293202	-196.280349937728	1.39464430165467	1.1311939161745	0.806643362038793	0.659145944426858	2.60244249041539e-09	0.112961099152706	1.03000728905147	0.597498417015912	ok
f1.25_r005	driver	150	76	-181.028779760196	-182.170696375091	0.894878651180294	1.35638080757722	0.0810575155450611	0.544180593510191	2.86077407837028e-10	0.0871381620372878	2.28383322979153	0.319206638953662	ok
f1.25_r005	control	150	0	NA	NA	NA	NA	NA	NA	NA	NA	NA	NA	skipped_invariant
f1.25_r006	driver	150	114	-170.624689675145	-171.167201100259	1.514214792232	1.48433373046908	1.05608998660926	0.584644313436744	0.0590138398685839	0.136189030399769	1.08502285022939	0.581286560011159	ok
f1.25_r006	control	150	89	-179.5135589731	-179.659961763392	1.35392619589394	1.5938974906343	0.535849500610124	0.819997938875869	0.0475724918467963	0.156931209732257	0.292805580583604	0.863809698942284	ok
f1.25_r007	driver	150	102	-177.510951583083	-178.016120738462	1.09411465486571	1.22464122508161	0.300486716042723	0.108055335171351	2.34890973159454e-08	0.151571422485511	1.01033831075853	0.603403497846271	ok
f1.25_r007	control	150	53	-144.558951785892	-144.90127641882	1.07064435846792	1.37722051441738	1.33217581431666e-07	0.403219630405035	5.72536094224981e-10	0.0764003801509446	0.684649265856649	0.710117639717871	ok
f1.25_r008	driver	150	0	NA	NA	NA	NA	NA	NA	NA	NA	NA	NA	skipped_invariant
f1.25_r008	control	150	93	-209.462458987728	-211.549953901141	1.12142953124598	0.766360395293281	1.29844721334013e-05	3.87436879682185e-11	2.65130442923282e-09	0.0831921511023357	4.17498982682622	0.1239973712234	ok
f1.25_r009	driver	150	109	-179.245508344283	-181.050345145726	0.941862140723472	1.29592201473888	0.349879111467354	0.228927063351663	2.5567314541783e-10	0.133780062431952	3.60967360288504	0.164501300761617	ok
f1.25_r009	control	150	0	NA	NA	NA	NA	NA	NA	NA	NA	NA	NA	skipped_invariant
f1.25_r010	driver	150	120	-175.235664019213	-176.858755765942	0.988964105222509	1.51912543171192	0.598112100632981	0.750443606979619	2.62879803625957e-08	0.0882012938800823	3.24618349345769	0.197287791300783	ok
f1.25_r010	control	150	0	NA	NA	NA	NA	NA	NA	NA	NA	NA	NA	skipped_invariant
f1.25_r011	driver	150	115	-194.140359586572	-194.83195864757	1.52861348775479	1.03836375918274	1.00041840131691	8.57385240865408e-07	3.08452879653484e-06	0.168353582332774	1.38319812199597	0.500774659258838	ok
f1.25_r011	control	150	87	-188.402947405627	-188.930559859435	0.933199068378024	1.21970345844918	0.0349379997593794	0.247185968415123	4.01827419605992e-09	0.16132604060278	1.05522490761473	0.590011970203681	ok
f1.25_r012	driver	150	55	-157.287978986463	-157.653874660168	1.11832044366872	1.42203876374004	0.0734883718244064	0.65446208709012	9.46241812879083e-10	0.0861282882039195	0.731791347409512	0.693575155561912	ok
f1.25_r012	control	150	104	-187.380558681346	-187.49323011592	1.32513585529175	1.20718548585351	0.612172996041523	0.220012137097095	0.0215472458337729	0.181928362916352	0.225342869148278	0.893444166758441	ok
f1.25_r013	driver	150	125	-167.434800010727	-168.915222180172	0.967811940909739	1.53067088704731	0.537773261268226	0.475751495990749	0.26992925788202	0.163913422741905	2.9608443388895	0.227541606990045	ok
f1.25_r013	control	150	73	-148.473156436963	-148.53849242716	1.39536330683412	1.40730197128593	0.305603924143949	0.455218199663562	1.48016933042619e-09	0.12685650003466	0.130671980393913	0.936752670782396	ok
f1.25_r014	driver	150	109	-195.678458283673	-197.029703209421	1.54005180639148	1.43745703885185	1.54215760312084	0.626136143563138	2.11110298805052e-09	0.228708831138473	2.70248985149442	0.258917726577839	ok
f1.25_r014	control	150	87	-177.407783511785	-177.597498941266	1.30040239843493	1.5638052780889	0.645199391044385	0.923459918784335	1.92645368267343e-09	0.0877721445877839	0.379430858962223	0.827194495620117	ok
f1.25_r015	driver	150	100	-173.985672494501	-175.431417319143	1.23653025210221	1.53634109404223	0.781044422653038	0.538537015650562	4.63061870642667e-08	0.213394569917902	2.8914896492841	0.235570552444235	ok
f1.25_r015	control	150	127	-157.402454875643	-157.438068812295	1.56242807068946	1.40157415466893	0.819742410830782	0.510470928237935	2.31900067443866e-10	0.0686081151243763	0.071227873302746	0.96501277764166	ok
f1.25_r016	driver	150	115	-204.668353368118	-208.50148354992	0.972654267387255	1.33435925541146	0.973611652272451	0.495806766783359	2.40480516548259e-08	0.20090278989711	7.66626036360407	0.0216417668310113	ok
f1.25_r016	control	150	1	-155.545983102915	-158.242583984154	1.28539791232478	1.81371545215316e-08	0.595874943551425	2.55718645838296e-07	0.00471770077207363	9.21255009876788e-06	5.39320176247634	0.0674343409458026	ok
f1.25_r017	driver	150	120	-186.699945798162	-187.252526904887	0.810992183169002	1.06838089702075	4.46192186401777e-06	5.66882354203913e-06	6.13579708810262e-10	0.107502731152672	1.10516221345091	0.575462561544335	ok
f1.25_r017	control	150	88	-168.259720241429	-168.79244152239	1.10759600922592	1.14982093147935	1.22946225575615e-06	0.301267774226953	1.264531661942e-06	0.0571400812588474	1.06544256192296	0.587005387623756	ok
f1.25_r018	driver	150	32	-179.42870273042	-179.821331280387	1.29633759277515	1.74694171235761	0.726074874591992	1.35224040484989	3.0677328597224e-09	0.139799140864219	0.785257099935791	0.67527953361045	ok
f1.25_r018	control	150	94	-188.660488727437	-188.95969581087	1.62249965050459	1.2765693623139	1.12088483130421	0.716255674412521	3.59062156113482e-11	0.0838953531033728	0.598414166866235	0.741405860665896	ok
f1.25_r019	driver	150	133	-161.514165998478	-163.543680241214	0.624093424227462	1.17674088228187	4.33430633165802e-08	2.73736123529218e-06	0.0382237081622729	0.0681063573675126	4.05902848547208	0.131399333829389	ok
f1.25_r019	control	150	104	-183.842813375526	-183.882158305005	1.06326658850902	1.12670642405715	1.45916029795374e-08	4.47083895938432e-07	1.12096113077e-08	0.148019400395048	0.0786898589572047	0.96141903018193	ok
f1.25_r020	driver	150	136	-178.698902989433	-179.607304715692	1.11917359740617	1.06308746600643	1.12596313227589	2.71817436950777e-08	2.84628535166411e-08	0.101207684052194	1.81680345251755	0.403168082324956	ok
f1.25_r020	control	150	103	-188.824386833229	-189.417721445155	0.957579024318358	1.24717317059494	6.68393019192744e-08	0.362230334893518	0.0529505934703974	0.0964702364330534	1.18666922385142	0.552481896896233	ok
f1.25_r021	driver	150	63	-167.67764840005	-168.665657080361	1.11562808279667	1.46545650228946	0.33351909580019	0.478391058330429	3.63975779173177e-09	0.154115649857372	1.9760173606212	0.372317356208835	ok
f1.25_r021	control	150	71	-161.317673444558	-162.043473995008	1.14916092542387	1.36461694849343	0.378674601336719	0.351195339736311	3.7475687754075e-08	0.0981779165307206	1.45160110090143	0.4839369978592	ok
f1.25_r022	driver	150	108	-181.561286228732	-181.692017123002	1.06109306965187	1.1194714779627	8.65733239138308e-06	0.183452461617726	4.90809390129689e-08	0.0852622918394306	0.261461788538952	0.877453870487031	ok
f1.25_r022	control	150	81	-178.084857159203	-181.509802184662	1.4013252750192	0.883494899404635	6.65017226382552e-09	4.9048441743153e-10	0.00491618190099761	0.110355054722168	6.84989005091694	0.0325510704200891	ok
f1.25_r023	driver	150	111	-185.330484494355	-187.056740057013	0.909742621731088	1.18067824975619	0.313271042395587	0.0127628831943327	2.82111558397325e-09	0.167441555941208	3.45251112531525	0.177949484723086	ok
f1.25_r023	control	150	88	-186.385933302514	-189.938625865297	1.81832897039184	0.974849484927721	0.655872772176559	2.20106496858677e-07	1.60012493803049e-08	0.198959423006347	7.10538512556616	0.0286474007904585	ok
f1.25_r024	driver	150	124	-187.524728654599	-191.303301845232	0.614758909990611	1.66506190312992	0.14167413047425	0.91652398252069	0.266608223234916	0.115172624009251	7.55714638126682	0.0228552782970879	ok
f1.25_r024	control	150	61	-174.115339892452	-174.125230437073	1.37044514200133	1.41728017925365	0.620005771693709	0.653988221561615	5.98283239675643e-10	0.190083600109757	0.0197810892410075	0.990158205960294	ok
f1.25_r025	driver	150	113	-187.543376496745	-188.08023293198	0.935039300953999	1.18432989202938	0.136596143344717	0.130503522020722	0.0464318431604275	0.138630178190713	1.07371287046948	0.584583041625643	ok
f1.25_r025	control	150	133	-179.035266936793	-182.222591185113	0.508603810179622	1.1924906542791	0.555392864458588	0.0865568931574547	8.12165104967644e-09	0.131861727879347	6.37464849663991	0.0412821841614817	ok
f1.25_r026	driver	150	117	-165.485105890777	-166.3334859844	1.4723907754871	1.11936885222314	3.26939522704853e-06	0.106939365492561	5.52543166723032e-07	0.0742332254094847	1.69676018724539	0.428107865214727	ok
f1.25_r026	control	150	118	-161.184523002595	-161.704585914708	1.37079709537698	1.14678288364781	0.68855236832507	0.00369744884849111	3.11896995083399e-09	0.0881745009001575	1.04012582422558	0.594483146602935	ok
f1.25_r027	driver	150	0	NA	NA	NA	NA	NA	NA	NA	NA	NA	NA	skipped_invariant
f1.25_r027	control	150	86	-200.313737625777	-202.340486480519	1.13484768175891	0.731954718140722	0.217284397552258	3.9533942783255e-06	4.91816059032939e-07	0.0596046710575463	4.05349770948277	0.131763206862836	ok
f1.25_r028	driver	150	137	-168.911684995978	-169.646343162702	0.882012889510459	1.17430763844704	0.585855407600821	0.169888688685067	6.90339114373825e-09	0.0675421115895685	1.46931633344735	0.479669397915247	ok
f1.25_r028	control	150	89	-174.933210986854	-175.263194806249	1.122016004493	1.19361168030354	4.70812134037551e-07	0.319957569504649	4.82434728865722e-06	0.100125356912012	0.659967638789283	0.718935366147252	ok
f1.25_r029	driver	150	22	-159.04907530735	-162.408042000367	1.03155561508327	2.53702319592058	0.157809162916339	2.4054541998698	2.64818325126395e-10	0.0485335997001782	6.71793338603311	0.0347711696805898	ok
f1.25_r029	control	150	20	-166.324226257789	-168.605645851347	1.06402082914452	2.26253099401624	0.201899776823584	2.05117034502613	1.87366735120225e-08	0.0941950425264984	4.56283918711489	0.102139107729816	ok
f1.25_r030	driver	150	123	-165.034884508579	-166.251021503012	0.988067485603285	1.32547524358173	0.440790352641653	0.334324564890859	5.02970094311775e-08	0.0806675026095821	2.43227398886484	0.29637284837396	ok
f1.25_r030	control	150	118	-172.355221984548	-172.968167358962	1.80546243379346	1.1735100395909	0.988603189010289	0.237053650092905	0.217077874576188	0.0964832241614204	1.22589074882688	0.541752851861975	ok
f1.25_r031	driver	150	71	-166.779153261582	-167.852164781652	1.03460394329286	1.62373825550624	0.132575021922888	0.934554631486284	2.24367271447401e-09	0.0949344466434672	2.14602304014011	0.341977094239623	ok
f1.25_r031	control	150	34	-164.542779049638	-168.288091243892	1.38222806442747	0.748732226827802	0.25293812313932	0.0393661811060723	6.90533803231998e-10	0.189999905959194	7.49062438850711	0.023628251291817	ok
f1.25_r032	driver	150	124	-186.614345511501	-189.479130967038	1.17138163918274	1.58843583753507	1.77032280889595	0.769963764874982	1.21059427458172e-08	0.235620157885142	5.72957091107543	0.0569953578588035	ok
f1.25_r032	control	150	93	-175.081410699824	-175.351920222354	1.72956112533102	1.37848453779956	1.15488539170873	0.651833711430067	2.66195544139248e-09	0.124952968101925	0.541019045060125	0.762990634360373	ok
f1.25_r033	driver	150	0	NA	NA	NA	NA	NA	NA	NA	NA	NA	NA	skipped_invariant
f1.25_r033	control	150	60	-172.533714183288	-174.337969570477	0.958135269260513	1.77368824986373	0.0909166459457717	1.16994623455976	6.49685135221624e-11	0.0956023930610715	3.60851077437906	0.164596971972123	ok
f1.25_r034	driver	150	131	-145.659735111549	-148.402158171006	0.726320316764374	1.68723993848108	0.295338234399794	0.535572653420279	0.20623578800251	0.125988136682714	5.48484611891428	0.0644140785037349	ok
f1.25_r034	control	150	85	-148.1442546893	-149.686043589263	1.84284688041068	1.38852122498498	1.12087841245043	1.09759435467306e-09	3.50664300313725e-10	0.226740096853951	3.08357779992713	0.213997937905234	ok
f1.25_r035	driver	150	83	-169.453397276583	-169.74803723037	1.44188437165725	1.28145041540407	0.841960856221097	0.430514605257337	8.26555223956024e-10	0.116249704992863	0.589279907573996	0.744799701508263	ok
f1.25_r035	control	150	0	NA	NA	NA	NA	NA	NA	NA	NA	NA	NA	skipped_invariant
f1.25_r036	driver	150	115	-194.857731077824	-197.804852369571	0.802146570949184	1.453305261955	0.512980964982962	0.610462678275585	9.6717319616326e-08	0.153386059984608	5.89424258349544	0.0524905937686746	ok
f1.25_r036	control	150	108	-195.832626612256	-197.037729389489	1.49564467302878	1.19509830889716	1.29965120339439	0.201976389530595	3.99865808820072e-08	0.233941598842935	2.41020555446465	0.299661199581779	ok
f1.25_r037	driver	150	108	-192.696677530585	-196.26980067467	0.723226051590127	1.15376361722359	0.112729444118078	3.75072808921753e-05	6.54355364577875e-07	0.14057204496119	7.14624628816858	0.028068056066105	ok
f1.25_r037	control	150	2	-149.343599014325	-151.273028013094	1.03712526563631	0.232144236153382	1.13847765337484e-05	1.19598588871698e-05	0.00707642781210874	7.02610372666212e-10	3.85885799753777	0.14523110195039	ok
f1.25_r038	driver	150	101	-184.73849113437	-186.685892604101	1.01791507366699	1.5104597186776	0.572471522676873	0.654384731009877	3.68137315542004e-08	0.178874636855937	3.8948029394611	0.142644255827265	ok
f1.25_r038	control	150	115	-170.581882094674	-170.5833811836	1.32498957567249	1.32667881035703	0.562632907631297	0.540788031778981	8.49481688207647e-10	0.0693633289548583	0.00299817785207779	0.9985020341465	ok
f1.25_r039	driver	150	119	-194.339952827032	-196.424359120257	0.862599464705265	1.46815180009296	0.525892565845435	0.684927652977892	0.0692712609595487	0.128721322458174	4.16881258644889	0.124380944057975	ok
f1.25_r039	control	150	100	-183.625886711644	-183.642406533234	1.27668491971961	1.31701260867419	0.474319636943703	0.586551590587199	2.34428248977689e-08	0.089311686263887	0.0330396431791655	0.983615882367115	ok
f1.25_r040	driver	150	92	-182.165153217255	-182.501334270311	1.17008412855507	1.43573975830563	0.34403219130547	0.521394147238088	3.78466233137089e-09	0.166025422523918	0.672362106112473	0.714493732830733	ok
f1.25_r040	control	150	0	NA	NA	NA	NA	NA	NA	NA	NA	NA	NA	skipped_invariant
f1.25_r041	driver	150	0	NA	NA	NA	NA	NA	NA	NA	NA	NA	NA	skipped_invariant
f1.25_r041	control	150	82	-216.246963682457	-216.872331470659	0.899203162319147	0.846241838463127	5.80219546648061e-06	0.163300491975582	2.5032323061795e-06	0.084981293234853	1.25073557640417	0.535064601878027	ok
f1.25_r042	driver	150	123	-178.510472509315	-180.986194774724	0.615411903815431	1.15781470953944	4.80450957570377e-07	2.53370274134204e-06	5.29351317351544e-09	0.120384110222805	4.95144453081718	0.0841022241880204	ok
f1.25_r042	control	150	92	-175.704695106113	-175.727263998902	1.10450037178122	1.0618993988169	3.20710836790656e-07	1.21008291977516e-07	3.47176562107136e-08	0.122316866965359	0.0451377855785609	0.97768387950364	ok
f1.25_r043	driver	150	131	-188.570872218248	-190.867929643077	1.24317444386122	1.16904351598549	2.09559574131898	0.149846225581237	3.23573349195124e-07	0.233505706847587	4.59411484965892	0.100554297391095	ok
f1.25_r043	control	150	0	NA	NA	NA	NA	NA	NA	NA	NA	NA	NA	skipped_invariant
f1.25_r044	driver	150	0	NA	NA	NA	NA	NA	NA	NA	NA	NA	NA	skipped_invariant
f1.25_r044	control	150	9	-177.864331816891	-181.778888309082	0.881786844805703	1.93588678608365	0.096570850655144	2.067219157139	1.49423623382631e-09	0.0176366647550093	7.82911298438171	0.0199493943961275	ok
f1.25_r045	driver	150	109	-171.230239938321	-172.399233785272	1.38462846833926	1.550082376038	1.02633835242936	0.72719778138466	1.31522839259247e-08	0.126204758588448	2.33798769390052	0.310679375061729	ok
f1.25_r045	control	150	96	-168.121052730666	-168.715838925898	1.8807096815202	1.33405052539411	1.18381572728864	0.600123145904584	1.42887420444808e-10	0.126024084903141	1.18957239046267	0.551680505182173	ok
f1.25_r046	driver	150	116	-201.003749599602	-204.535183078385	0.584291912434042	1.21704945562685	6.46039920756966e-06	0.403479568691439	6.61963164913955e-08	0.0801255487029254	7.06286695756688	0.0292629379862838	ok
f1.25_r046	control	150	110	-217.723220330633	-218.591429208636	1.26124025611336	0.938512975115381	0.869567265460545	3.31637459760051e-06	3.07240404529581e-07	0.17771493885848	1.73641775600657	0.419702615007463	ok
f1.25_r047	driver	150	110	-145.234191280543	-146.157391007708	1.15544254157377	1.65850487725374	9.44562830990504e-06	0.605115634618999	2.65400041340154e-06	0.0996731630862027	1.8463994543302	0.397245926778368	ok
f1.25_r047	control	150	73	-122.485061491972	-122.648666855425	1.31750308454781	1.5552130827837	0.0487474731605985	0.49061623686195	4.35544693090043e-09	0.0475530490546745	0.327210726906372	0.849077032600246	ok
f1.25_r048	driver	150	125	-175.378097787845	-178.817353512157	0.568874415267506	1.18912445654847	8.91917037728756e-05	0.0269294578413364	2.57451064151497e-07	0.106501915303336	6.8785114486223	0.0320885591768815	ok
f1.25_r048	control	150	134	-176.495963568075	-177.37020858253	0.715922486236302	1.12733598172118	3.41356810162866e-06	0.017503222951097	0.432295695114051	0.0953543806371725	1.74849002890988	0.417176863313891	ok
f1.25_r049	driver	150	117	-170.688677150476	-171.581746086013	1.59664475270114	1.28294070639195	1.16277690343483	0.18539746661814	6.6862293057072e-08	0.153853165680129	1.78613787107349	0.409397408595533	ok
f1.25_r049	control	150	89	-168.549802951194	-168.775485763846	1.51410064229659	1.22942077214614	0.572292771966524	0.228642790790319	8.95760807316276e-09	0.166228897631111	0.451365625303822	0.797971167887444	ok
f1.25_r050	driver	150	93	-159.90718238307	-161.565776733105	0.956485117301138	1.63131994037908	4.42227231019464e-05	0.78448114521163	8.5084440866754e-07	0.0701224605841019	3.31718870006944	0.190406436883569	ok
f1.25_r050	control	150	10	-142.480515536234	-144.408832734319	1.37521951594265	0.71358011900311	0.34488501017748	7.98370376011906e-07	7.41655583647804e-10	0.379677075640698	3.85663439616985	0.145392659782283	ok
f1.25_r051	driver	150	119	-185.218552640021	-187.300350217765	0.786329314801458	1.16081730438271	0.301897667869744	1.81346353635643e-06	2.57534209195397e-08	0.16214110277478	4.16359515548908	0.124705842151233	ok
f1.25_r051	control	150	92	-183.051838607526	-186.01819307509	0.815941604201191	1.54828693305382	3.05559410832047e-06	0.610253374589612	1.62199846124432e-06	0.171340232794439	5.93270893512715	0.0514906795365767	ok
f1.25_r052	driver	150	78	-166.21495213883	-168.97568535226	1.07215637621814	1.99578854972967	0.494518850342169	1.33432070901302	8.83842573547731e-09	0.104775088540759	5.52146642686017	0.0632453789937968	ok
f1.25_r052	control	150	42	-159.625208301672	-161.160823896761	1.38769221714783	1.70279850028126	0.511800611669708	1.36520738093949	1.86985703085751e-09	0.0661048907020306	3.07123119017842	0.215323098520194	ok
f1.25_r053	driver	150	17	-203.659697775081	-204.838590203818	0.77504130566742	1.45246642157001	0.096739183013922	1.17796048954938	1.90233023055455e-09	0.110637011871478	2.35778485747443	0.307619260242853	ok
f1.25_r053	control	150	0	NA	NA	NA	NA	NA	NA	NA	NA	NA	NA	skipped_invariant
f1.25_r054	driver	150	128	-156.286282654338	-158.2238036793	1.76366150423208	1.45259182525987	1.8299991334231	0.348117747891378	3.73175065345041e-10	0.176125416425943	3.87504204992462	0.144060630200292	ok
f1.25_r054	control	150	78	-151.771155846447	-151.927200878276	1.41807480681031	1.57030912382694	0.33829836795827	0.724606057478701	1.5071459939738e-09	0.117475251261086	0.312090063658729	0.855520663843013	ok
f1.25_r055	driver	150	133	-177.134099739174	-179.019506382542	0.7089493363274	1.71657207872416	0.060787243395898	1.09079116049455	0.692069897743488	0.0809043194317302	3.77081328673506	0.151767331700851	ok
f1.25_r055	control	150	59	-162.058689144923	-162.22554812641	1.70237350323346	1.4233632297724	1.1393911754124	0.778599149932703	4.53586653816838e-10	0.140461898170378	0.333717962975413	0.846318949561734	ok
f1.25_r056	driver	150	121	-170.279378490239	-170.955509891563	0.848097565063308	1.16077549080236	2.64393303143728e-08	0.115409382898724	9.113388053781e-10	0.067095367910406	1.3522628026472	0.508580686114152	ok
f1.25_r056	control	150	129	-175.415707640281	-176.450087867195	0.897905396744617	1.10521265037283	0.516923879827021	2.40154242693727e-09	3.68137190625709e-08	0.113563042761484	2.06876045382836	0.355446608913863	ok
f1.25_r057	driver	150	93	-176.173466271763	-176.982789026516	0.904513646486483	1.24321592067029	1.93225551489421e-07	0.266382692704353	2.46775754200414e-08	0.100332008303944	1.61864550950611	0.445159446276441	ok
f1.25_r057	control	150	0	NA	NA	NA	NA	NA	NA	NA	NA	NA	NA	skipped_invariant
f1.25_r058	driver	150	127	-151.34284214389	-151.627276445266	1.53228504688237	1.58377712555079	0.99446686476219	0.609124384375595	3.42105259563089e-09	0.0896451071953405	0.568868602752048	0.75243978809885	ok
f1.25_r058	control	150	41	-134.256446923542	-134.561699946558	1.63966025230297	1.38079675805302	0.654472040982374	0.523405670264939	1.11854210534712e-09	0.129481076398513	0.610506046030821	0.736936888806277	ok
f1.25_r059	driver	150	68	-187.481781051222	-190.956698712319	0.779268986496972	1.53457990719822	5.68647919747932e-09	0.709906166778056	8.52522151761675e-11	0.137120151100273	6.9498353221943	0.0309643832915628	ok
f1.25_r059	control	150	98	-198.038772101461	-198.32168743852	0.844567027371327	0.97543877565076	4.0451376606519e-09	4.86566769594563e-08	1.48788799346364e-07	0.120019098441487	0.565830674117933	0.753583585761705	ok
f1.25_r060	driver	150	105	-178.532760687005	-179.969138187415	0.800930458232033	1.25272542388622	2.5407110813728e-07	0.30611143101037	3.9460842095073e-08	0.0893835332634905	2.87275500081904	0.237787585812378	ok
f1.25_r060	control	150	66	-168.106501837828	-171.195965311416	1.25993139991614	0.900297427770009	7.12990910877215e-08	0.144592276922146	7.11910636967308e-10	0.0654310382097351	6.17892694717648	0.0455263739552275	ok
f1.25_r061	driver	150	117	-179.778011479547	-180.744717041706	0.987707094153068	1.32548991542074	0.41394659516224	0.312701375561206	7.37633941148479e-09	0.136762139607968	1.93341112431773	0.380333963024868	ok
f1.25_r061	control	150	0	NA	NA	NA	NA	NA	NA	NA	NA	NA	NA	skipped_invariant
f1.25_r062	driver	150	104	-170.696269681574	-170.706925661639	1.29953007927481	1.35456219966949	0.468243786453452	0.514822794764944	1.98185252065271e-07	0.0952272528107455	0.0213119601294807	0.989400593762655	ok
f1.25_r062	control	150	80	-177.151634209944	-177.294539650485	1.31588278532092	1.36015453053262	0.569644942464801	0.460189876848272	4.11426734486585e-08	0.157951553687305	0.285810881082114	0.86683603256644	ok
f1.25_r063	driver	150	51	-190.143620302446	-190.855951081422	0.952923455332562	0.860339046883375	1.25453099315574e-06	0.152304285503285	8.50545008329718e-11	0.0929430101568872	1.42466155795279	0.490499617900808	ok
f1.25_r063	control	150	56	-200.669628399009	-202.354519082665	1.01588415105594	0.810975471758409	4.01834558364535e-09	0.12008234546787	7.64766486827928e-10	0.110347233550831	3.36978136731193	0.185464705171371	ok
f1.25_r064	driver	150	107	-175.117040690416	-175.679170804078	1.19777261484669	1.55929783850519	0.609872979392067	0.833151582567432	1.73903842331015e-07	0.0893747380055995	1.12426022732444	0.569993618595774	ok
f1.25_r064	control	150	0	NA	NA	NA	NA	NA	NA	NA	NA	NA	NA	skipped_invariant
f1.25_r065	driver	150	110	-182.668233843328	-186.313128673606	0.710973903608614	1.60962584275451	0.083403500807567	0.870999819979829	7.83975510610834e-08	0.0932689437052912	7.28978966055723	0.0261241571797799	ok
f1.25_r065	control	150	32	-158.641708528417	-160.187399807905	1.15427161523591	1.67425819202704	0.201273693269305	1.30785727106135	9.90833250834218e-09	0.0752910870851557	3.09138255897687	0.213164464057344	ok
f1.25_r066	driver	150	86	-175.897961704715	-176.870795567922	1.6729187876134	1.08583535734721	1.0611257494284	0.321724063847805	1.20653344142958e-08	0.109090595485117	1.94566772641485	0.378010289358675	ok
f1.25_r066	control	150	45	-178.249773531705	-179.605514027484	1.10537433005785	1.71915280461634	0.208895398639207	1.30583431884968	0.00402411681390025	0.0993282969556883	2.71148099155812	0.257756356272247	ok
f1.25_r067	driver	150	59	-170.201528975603	-171.608882822132	1.02527900804392	1.48294207214706	0.233894814120883	0.50414938734659	1.58570976948354e-09	0.156115246078296	2.81470769305713	0.244790179265406	ok
f1.25_r067	control	150	87	-182.16868915575	-182.695388325866	1.26794682880663	1.12429656725303	0.174798514827974	0.3185303741555	6.42557111746819e-08	0.104048016762835	1.05339834023044	0.590551064649849	ok
f1.25_r068	driver	150	111	-174.226182638729	-175.631492603291	1.05985281614957	1.4525008394787	0.578823046450113	0.650334703851493	0.0110289049092426	0.0770876577718932	2.81061992912396	0.245291013146723	ok
f1.25_r068	control	150	60	-168.114836978098	-168.223951562278	1.45583618127716	1.27268499477585	0.770774915973378	0.567852509617844	2.68709741015384e-09	0.0995337084926351	0.218229168359358	0.896627672265555	ok
f1.25_r069	driver	150	105	-187.884261459551	-190.271291814364	0.865088435137523	1.16460334014535	0.187320196902211	3.47627228047327e-09	0.1193671211518	0.0920641667707061	4.77406070962456	0.0919021959591107	ok
f1.25_r069	control	150	102	-188.758300941726	-189.231681120713	1.18193838201964	0.972504313657754	6.20029639734564e-07	6.86854973249035e-07	1.60834252214774e-07	0.106490378350017	0.946760357974767	0.622893215244866	ok
f1.25_r070	driver	150	107	-195.306340098057	-195.917007137723	0.917088572765884	1.22943073717332	0.162939114130293	0.318601929606348	1.01898634380985e-07	0.133933298369631	1.22133407933177	0.54298855334525	ok
f1.25_r070	control	150	109	-188.176577514954	-189.066459333091	0.83166128707323	1.25793825335163	5.21920903754786e-05	0.362764770980594	4.95675403701908e-07	0.104393139545269	1.77976363627437	0.4107042876821	ok
f1.25_r071	driver	150	90	-209.214886765953	-211.585503824986	0.860025499610543	1.01092514807426	0.349084201874004	8.05784967938563e-07	2.82512433685405e-10	0.177752747797958	4.7412341180667	0.0934230609447516	ok
f1.25_r071	control	150	89	-208.436564391906	-209.30813734308	0.943530793763433	0.96638670046886	0.374695034782824	0.0289559610169409	9.88596059548296e-09	0.169619556906272	1.74314590234843	0.418293076924482	ok
f1.25_r072	driver	150	89	-193.566165935976	-195.787248681151	1.02826192043127	1.4903577530215	0.551116401091439	0.647304862084893	0.0223047116860802	0.181268519376621	4.44216549035059	0.108491576476659	ok
f1.25_r072	control	150	0	NA	NA	NA	NA	NA	NA	NA	NA	NA	NA	skipped_invariant
f1.25_r073	driver	150	95	-177.469934965436	-178.208676982577	0.93869357046315	1.36131257769658	7.68549103709994e-07	0.592316091056909	7.09298959907187e-11	0.0697340706782432	1.47748403428324	0.477714494327975	ok
f1.25_r073	control	150	27	-152.309309430761	-152.902478804847	1.21640143498037	1.0457289452423	0.311313437778375	0.43104882331888	4.56546523885768e-10	0.0572050929213614	1.18633874817118	0.552573195354355	ok
f1.25_r074	driver	150	0	NA	NA	NA	NA	NA	NA	NA	NA	NA	NA	skipped_invariant
f1.25_r074	control	150	103	-228.968499778041	-230.876934265053	1.15743703017176	1.37245832562472	1.11863851614344	0.819924739166248	0.0367866034568935	0.184595232827343	3.81686897402506	0.148312389918592	ok
f1.25_r075	driver	150	89	-186.833068482377	-189.348947077015	0.80628848691854	1.60226894720648	0.0955632730046864	0.951277870679288	2.87979399902096e-08	0.0749741191924621	5.03175718927736	0.0807918976866274	ok
f1.25_r075	control	150	88	-204.489687858297	-205.692139962705	1.66833566397766	1.01589341060008	1.12334356978779	0.207218822431076	1.89389398563184e-09	0.174403461123668	2.40490420881633	0.300456557030467	ok
f1.25_r076	driver	150	114	-162.365357018299	-163.585409967886	1.62968062505748	1.24251842640169	1.14185160063492	0.0275910058450329	5.8842842048437e-10	0.158542300913266	2.44010589917423	0.295214535022427	ok
f1.25_r076	control	150	90	-159.937609575838	-160.784908764073	1.17092962432565	1.39175978834924	0.337353606944391	0.232221788042445	2.90346298361808e-09	0.153167055722241	1.69459837647059	0.428570859494052	ok
f1.25_r077	driver	150	122	-173.928260104827	-173.937899902878	1.05877534764283	1.09643337951634	1.23745974357641e-08	1.5848350006098e-07	9.46725383917086e-07	0.0852012187105025	0.0192795961016259	0.990406515864017	ok
f1.25_r077	control	150	115	-172.088831326177	-172.282304323982	0.974572738238336	1.11872288982329	1.57035168888886e-06	1.4057810350408e-07	3.46026564041736e-07	0.0931744912816411	0.386945995610176	0.824092088189874	ok
f1.25_r078	driver	150	103	-156.821896984811	-157.240528018883	1.0154143149986	1.21426714468325	1.53435188974782e-08	0.021552195209495	1.51452635627323e-08	0.0883950978868268	0.837262068142934	0.657946910480993	ok
f1.25_r078	control	150	118	-177.426337193512	-177.558992420514	1.14707491863352	1.17140981476712	0.33463641805535	1.96411741776779e-08	1.03595562941508e-07	0.149915113287743	0.265310454002588	0.875766980872397	ok
f1.25_r079	driver	150	122	-179.393477787705	-183.636836538497	0.592428396638274	1.44949838792843	2.64702666729344e-07	0.442507147430441	0.15480153093957	0.119807690867953	8.48671750158326	0.0143592815092065	ok
f1.25_r079	control	150	116	-174.185099612958	-174.778925357171	0.950339981119326	1.36322849877031	0.0897872644192239	0.443185547843214	8.41562820468179e-09	0.0874044770503889	1.18765148842698	0.552210621819683	ok
f1.25_r080	driver	150	109	-166.9794777234	-167.504308846149	1.31232619468831	1.42260649624823	0.733552675194203	0.476252337374209	9.07926663177804e-08	0.131332403532803	1.04966224549838	0.591655273046365	ok
f1.25_r080	control	150	79	-180.419158540434	-180.54354711368	1.50778906081154	1.29643183024803	0.714911322529448	0.363228375632527	0.044569884281022	0.221615999776255	0.248777146492841	0.883036649791913	ok
f1.25_r081	driver	150	120	-151.953473242863	-152.864839943579	1.07260370827148	1.4730810803148	0.246368875683228	0.137058906189115	4.42658818923961e-09	0.150479834352855	1.82273340143161	0.401974469648949	ok
f1.25_r081	control	150	113	-140.198153532918	-143.042295219005	0.90358213572248	1.60559670299774	6.0432101162528e-09	0.243565043397199	1.27605647973078e-09	0.128970768212477	5.68828337217531	0.058184185609714	ok
f1.25_r082	driver	150	99	-177.529391058298	-177.810732842696	1.16581786484084	1.20999381256508	1.6543594931483e-07	0.36270848879199	0.0191905859405496	0.0789100090157553	0.562683568795251	0.754770322670264	ok
f1.25_r082	control	150	109	-189.291220657511	-189.308022970829	1.17112753544111	1.23270887388629	0.290014451278244	0.324209314856867	1.74502900655791e-08	0.12816491233561	0.0336046266357926	0.983338058259862	ok
f1.25_r083	driver	150	90	-190.772193013094	-191.498269075818	0.920977673353528	1.24644947450252	0.263019522987085	0.509418769040582	1.81365063818994e-09	0.0873354153254762	1.45215212544792	0.48380368564223	ok
f1.25_r083	control	150	0	NA	NA	NA	NA	NA	NA	NA	NA	NA	NA	skipped_invariant
f1.25_r084	driver	150	43	-190.980419318152	-191.857062923621	0.827237384232909	1.24616526586053	8.37216635267486e-09	0.609251069625846	3.78670420402726e-09	0.0857157630519812	1.75328721093655	0.416177425738736	ok
f1.25_r084	control	150	98	-236.709645682616	-237.237841927885	0.935189991066646	0.907328696615951	0.442928507347744	7.40115694828561e-08	0.0904467600528704	0.228872179181681	1.0563924905386	0.589667626775193	ok
f1.25_r085	driver	150	78	-174.047878912321	-174.172039138516	1.22714714954148	1.04600293225158	0.332909942536518	0.0231415735631659	1.13069660849136e-08	0.130896959473107	0.248320452389862	0.883238311630817	ok
f1.25_r085	control	150	90	-165.540350459832	-166.327158837857	0.973052301189392	1.34893631827944	9.65091697355329e-08	0.499019161039856	7.64832499869909e-08	0.0567515298624628	1.57361675605108	0.455295610298963	ok
f1.25_r086	driver	150	103	-189.18427068846	-191.214810715385	0.74999553914171	1.32776772413845	4.10009281175632e-06	0.487190877862404	2.45265181882134e-07	0.0984962875920514	4.06108005385147	0.131264615577949	ok
f1.25_r086	control	150	93	-177.283208962974	-177.862059204041	0.904777986639037	1.26278520419521	6.43952790818519e-06	0.468602504773277	9.3590738329353e-09	0.0583315263588781	1.15770048213375	0.56054248493347	ok
f1.25_r087	driver	150	128	-165.884602811887	-169.947164374299	0.966723062451727	1.48704236306662	1.58472875489128	0.227177910669556	3.06307747483078e-08	0.27247570665106	8.12512312482534	0.0172048912186349	ok
f1.25_r087	control	150	79	-151.62184372859	-154.054311974111	1.63787432554944	1.10351903122338	0.035215041640665	0.0535078424900443	1.08630006238048e-08	0.138286055374808	4.86493649104301	0.0878198040147011	ok
f1.25_r088	driver	150	115	-175.970004018598	-176.163400318078	1.07694172787074	1.1994358683577	0.124290531159796	2.83322726444796e-09	0.165314465560424	0.165634763387489	0.386792598960028	0.824155297096722	ok
f1.25_r088	control	150	117	-166.346636476647	-166.694023757342	1.07657218645946	1.20759183355737	0.204872736865381	5.33608532865891e-06	7.30811464915434e-07	0.124687943310287	0.694774561391	0.706531649197368	ok
f1.25_r089	driver	150	35	-193.473858615777	-193.492251068625	0.850949605093292	0.900602692733297	5.73062146272534e-06	0.0970992320540553	8.38563117097238e-08	0.154606286287912	0.0367849056972887	0.981775656089278	ok
f1.25_r089	control	150	74	-205.776135748245	-206.45873238166	0.955346571823274	0.796129986522897	2.26124815081125e-07	0.0242989750849825	7.72843358124831e-10	0.0962113320583707	1.3651932668306	0.505303200210946	ok
f1.25_r090	driver	150	133	-171.667011507526	-172.614600847639	1.0923186426413	1.20218884036246	0.845865025090088	0.233390563175208	4.46982202407247e-08	0.0849498775359356	1.89517868022659	0.387674449160205	ok
f1.25_r090	control	150	108	-179.408621627904	-179.455572421779	1.28887697330501	1.1596393660363	0.449266275521524	0.235858253047086	3.11878823008664e-08	0.102136942585224	0.0939015877492011	0.954134345689557	ok
f1.25_r091	driver	150	100	-173.077528286269	-174.994460991245	0.915022997386574	1.69459368972775	0.22804671191047	1.09056759561224	5.69404145068485e-07	0.0561567539559086	3.83386540995235	0.147057339302473	ok
f1.25_r091	control	150	78	-169.108514600177	-171.813271306479	0.937206762436706	1.92092113365275	0.0806825773038872	1.44439212075728	3.8584812775424e-09	0.0514889462981878	5.40951341260336	0.066886594954239	ok
f1.25_r092	driver	150	57	-167.948084634909	-168.635150379869	1.19999388896947	1.71881548569615	0.57230449960157	1.15279826440996	6.98741718463511e-11	0.0589382161313548	1.37413148991931	0.50304998253633	ok
f1.25_r092	control	150	44	-173.952774793325	-174.03718247667	1.44069086171359	1.25388173244831	0.841044285561486	0.607207271822857	7.40619229745373e-10	0.127445682902716	0.168815366690069	0.919056495682091	ok
f1.25_r093	driver	150	110	-210.316354702755	-212.404281417432	0.789263610515473	1.20129107090548	0.345545445969414	0.405944010213165	4.85074483759667e-10	0.111676505475725	4.1758534293532	0.123943840559972	ok
f1.25_r093	control	150	91	-203.169332963992	-203.854066095776	0.876932683852131	1.24331719856613	1.33181927585694e-07	0.615592203878661	1.21956209399922e-08	0.079557554086676	1.36946626356746	0.50422477318714	ok
f1.25_r094	driver	150	69	-161.48278377577	-162.971411855654	1.08029652229564	1.51811835733607	1.26670139769912e-06	0.921718981768845	6.28338046032793e-08	0.0599561228827897	2.97725615976913	0.225682061010308	ok
f1.25_r094	control	150	0	NA	NA	NA	NA	NA	NA	NA	NA	NA	NA	skipped_invariant
f1.25_r095	driver	150	134	-192.335934731262	-192.806745025638	1.33831401114069	1.02474734472877	1.7308325001621	8.68690916538182e-07	0.201981744271676	0.171622285603808	0.941620588751334	0.624496037585574	ok
f1.25_r095	control	150	72	-181.263277691458	-182.151487872556	0.874357584237088	1.18397158122916	0.00407954163270404	0.203552704896435	4.62576839357916e-10	0.0992216488852481	1.77642036219459	0.411391410331661	ok
f1.25_r096	driver	150	0	NA	NA	NA	NA	NA	NA	NA	NA	NA	NA	skipped_invariant
f1.25_r096	control	150	0	NA	NA	NA	NA	NA	NA	NA	NA	NA	NA	skipped_invariant
f1.25_r097	driver	150	101	-180.058897143059	-181.483799234934	0.856137104049956	1.40280637572406	5.55331163780815e-08	0.575692906364674	6.76293590607428e-09	0.092410396081662	2.84980418375011	0.240532012093803	ok
f1.25_r097	control	150	122	-197.043872899473	-198.820714585346	1.66698312720366	1.11090858982791	1.95793898562673	0.0219492435198716	1.01780004813457e-07	0.254799174033454	3.55368337174565	0.169171601476043	ok
f1.25_r098	driver	150	118	-204.117155391231	-205.990191832889	1.22378846017345	1.09341633410186	1.28915071130918	0.0944895184663714	1.7791938608915e-08	0.229641554861319	3.74607288331669	0.153656384097647	ok
f1.25_r098	control	150	78	-187.703984433471	-188.127437736871	1.11095685708751	1.06385797194488	0.413541866620341	0.0618128925259297	6.34611445798948e-08	0.167210495163951	0.846906606800417	0.654781751033924	ok
f1.25_r099	driver	150	120	-189.590689273436	-192.00224086879	0.631938066179938	1.19503734639552	5.19592116216456e-07	0.313960881471434	1.2411917969824e-06	0.0776226121919312	4.8231031907082	0.0896760456354004	ok
f1.25_r099	control	150	106	-200.247642931123	-200.638920625406	1.21881013837484	0.9290442813897	0.251415201358856	0.00151364810167976	2.30960463789952e-08	0.125080380763701	0.78255538856655	0.676192355213451	ok
f1.25_r100	driver	150	104	-186.39284715984	-187.750712135094	1.08292715326807	1.55902781348531	0.563744912357149	0.735858839466488	1.72968544564605e-08	0.147876791285126	2.71572995050775	0.257209339452589	ok
f1.25_r100	control	150	87	-173.177343479846	-176.263157600508	2.23227528947657	1.02023876200162	1.65791035805741	0.0264228564630123	1.56652190259293e-09	0.208863583089186	6.17162824132413	0.0456928192853921	ok
f1.25_r101	driver	150	138	-169.47501869324	-171.379325592033	0.538057706289345	1.3434360732682	0.170322898874627	0.446050629449112	0.3066125909617	0.069563809055261	3.80861379758574	0.148925827530052	ok
f1.25_r101	control	150	99	-185.200443014778	-185.384822004002	1.28878974203632	1.2773417250726	0.618249342417447	0.361124123934403	4.41414169625287e-09	0.163714668979841	0.368757978447832	0.831620568861132	ok
f1.25_r102	driver	150	132	-174.521371460163	-179.556779907102	0.429493407794931	1.49410127217545	1.70070328135752e-06	0.733522415343619	6.24815288020393e-09	0.0448594482506309	10.0708168938774	0.00650354122270701	ok
f1.25_r102	control	150	27	-165.390771256897	-166.319737324738	1.46802620636202	0.877099418476616	0.759279954887942	0.0520423657337808	2.29685527391661e-10	0.257569751172767	1.85793213568206	0.394961863105953	ok
f1.25_r103	driver	150	135	-161.7534825484	-163.219703360463	0.747049313980155	1.41943072222982	0.36125783874091	0.486396231849761	2.65885851690978e-08	0.065650433738878	2.93244162412441	0.230796060805223	ok
f1.25_r103	control	150	45	-158.358861953202	-158.721071930781	1.28409044068165	1.38618935196629	0.230034657223309	0.650538601356797	1.30179482544252e-09	0.167138334433223	0.724419955156975	0.696136179504902	ok
f1.25_r104	driver	150	69	-199.201381927648	-199.458368719071	1.08245631335465	1.34843046312666	0.433194613159094	0.802154560177692	4.53885734442994e-11	0.104920122798383	0.513973582847484	0.77337842892594	ok
f1.25_r104	control	150	0	NA	NA	NA	NA	NA	NA	NA	NA	NA	NA	skipped_invariant
f1.25_r105	driver	150	133	-158.16527354822	-159.191680816312	1.56215547402152	1.38469955434751	2.08784460557319	0.289533925498636	2.86497948925226e-08	0.177801991748055	2.05281453618488	0.35829189770279	ok
f1.25_r105	control	150	90	-150.788573623071	-151.766866415594	1.21124335925371	1.61471590694834	7.17572758101404e-09	0.81451348150405	1.2046941919583e-07	0.0761935702692182	1.9565855850459	0.375952380009818	ok
f1.25_r106	driver	150	105	-167.104491512188	-167.948261083633	1.29303932826403	1.72401286805551	0.756892509510389	0.937628913261269	2.21044648666558e-09	0.1252608302849	1.68753914288936	0.430086223148967	ok
f1.25_r106	control	150	93	-170.035206896732	-170.309180878791	1.82682466592417	1.44592445526631	1.1688852417312	0.63986866235774	1.05536825170554e-08	0.165943106131546	0.547947964117895	0.760351857793346	ok
f1.25_r107	driver	150	117	-172.729042834198	-173.52256754141	1.13826266846946	1.45322126966954	0.630902049819097	0.506404538261813	3.93051079667354e-09	0.133593329195874	1.58704941442272	0.452247941134468	ok
f1.25_r107	control	150	115	-167.489402353482	-169.088673816818	2.20695256539841	1.17485400984348	1.4739343213685	0.181821994735594	0.173355204548679	0.126522711583357	3.19854292667065	0.202043660603369	ok
f1.25_r108	driver	150	123	-207.888663908674	-213.184617400141	0.413519748190125	1.13441538545445	7.8434828279849e-08	0.243754273429015	0.0889663191317079	0.108443947765461	10.5919069829334	0.00501183335618419	ok
f1.25_r108	control	150	91	-218.076885322366	-219.924987939367	1.4727010499745	0.877404966596567	0.9143656560108	1.17227638518603e-07	0.00820653511694324	0.223442128657669	3.69620523400158	0.157535788650719	ok
f1.25_r109	driver	150	116	-186.734927241029	-188.907859034581	1.00282427227611	1.30564790210382	0.782420024316926	0.240723101067585	7.94658205246393e-09	0.203835357565875	4.34586358710374	0.113843361932526	ok
f1.25_r109	control	150	124	-182.669016092905	-182.695826466466	1.19525324979625	1.23099396694358	0.349632493458518	0.268867956753146	0.337102898534325	0.111759604332423	0.0536207471206467	0.973545834052345	ok
f1.25_r110	driver	150	0	NA	NA	NA	NA	NA	NA	NA	NA	NA	NA	skipped_invariant
f1.25_r110	control	150	41	-167.577724306072	-170.881591341704	0.992636659486914	1.59086620949872	1.08818090149555e-05	1.31910510410413	9.39788018985958e-10	0.0277326285408096	6.60773407126328	0.0367408142983475	ok
f1.25_r111	driver	150	124	-181.881838109577	-184.883873046061	0.560608048178563	1.28697487020084	4.19205420774684e-06	0.257316658259148	1.76141817359647e-06	0.114019487750528	6.00406987296964	0.049685857859374	ok
f1.25_r111	control	150	122	-180.074181325146	-180.653562197972	0.887354459146893	1.14357208441209	0.112260558503333	0.07430550108721	8.67749844784819e-09	0.103172573528895	1.1587617456529	0.560245122190409	ok
f1.25_r112	driver	150	122	-149.396582088195	-150.785060263473	1.156012593284	1.49742654067408	0.623028288534318	0.163853734990605	0.00303899468473189	0.167421786135051	2.77695635055568	0.249454642157338	ok
f1.25_r112	control	150	0	NA	NA	NA	NA	NA	NA	NA	NA	NA	NA	skipped_invariant
f1.25_r113	driver	150	105	-223.136840214013	-226.380772327923	0.698518943205836	1.1047874754282	0.396439920657143	0.161565492480405	3.31707429208804e-09	0.217608523543333	6.48786422782104	0.0390102005725003	ok
f1.25_r113	control	150	67	-209.338160293664	-210.603661434569	1.28078389757332	0.870574378162798	0.590465449699637	1.59203210250725e-07	1.67579359180577e-07	0.234033969693064	2.53100228180961	0.282097889919465	ok
f1.25_r114	driver	150	0	NA	NA	NA	NA	NA	NA	NA	NA	NA	NA	skipped_invariant
f1.25_r114	control	150	67	-169.774673794737	-171.117833771909	1.02686868234651	1.61741065782006	4.24784325145852e-06	1.0423243049402	2.10566104129747e-07	0.0730647522950304	2.68631995434396	0.261019548193245	ok
f1.25_r115	driver	150	122	-176.269426354377	-176.947770935969	1.01775195042318	1.12333781438618	0.395778817456093	6.05868110193706e-07	0.0464093071691766	0.11300436417722	1.3566891631832	0.507456350013127	ok
f1.25_r115	control	150	0	NA	NA	NA	NA	NA	NA	NA	NA	NA	NA	skipped_invariant
f1.25_r116	driver	150	95	-177.007988954414	-179.012097917371	0.827419587903711	1.45651164344191	7.71832260741047e-07	0.650922653860697	4.7277688581737e-08	0.0804832249975894	4.00821792591375	0.134780336479659	ok
f1.25_r116	control	150	62	-187.293889543236	-187.34035588786	1.1187052353076	1.23366256279001	0.236939707636094	0.426165249957661	3.13349614119698e-09	0.189135488620434	0.092932689249551	0.954596687339048	ok
f1.25_r117	driver	150	114	-192.193182421647	-193.503972884414	0.816607520063311	1.05840085151709	0.206706464907675	9.0355158009648e-06	6.50891245782653e-07	0.13283845036795	2.62158092553511	0.269606857949988	ok
f1.25_r117	control	150	86	-199.05077044476	-199.809554476801	0.88329825067503	1.21704393969689	3.4323787226384e-08	0.317304078063368	3.84962246277802e-10	0.145920937557171	1.51756806408201	0.468235440281493	ok
f1.25_r118	driver	150	84	-178.490763776535	-179.682227941573	0.970014083392904	1.41568398007794	0.257389344074562	0.596590825507814	1.38477456484565e-08	0.11056416012075	2.3829283300762	0.303776159860537	ok
f1.25_r118	control	150	53	-189.300365104572	-189.710689936979	1.21913274836917	1.2034201744815	0.552718512298129	0.246478786496981	1.24899888313073e-10	0.284870763077045	0.820649664813345	0.663434710037478	ok
f1.25_r119	driver	150	0	NA	NA	NA	NA	NA	NA	NA	NA	NA	NA	skipped_invariant
f1.25_r119	control	150	0	NA	NA	NA	NA	NA	NA	NA	NA	NA	NA	skipped_invariant
f1.25_r120	driver	150	110	-179.896466849045	-180.181654809544	1.00077261441558	1.28580371038164	0.112487029991217	0.441568110151001	3.79602404622457e-10	0.0767664801433329	0.570375920998117	0.751872918628021	ok
f1.25_r120	control	150	30	-155.177059285915	-157.245335274662	1.01301154767491	2.11190873069828	0.0480029089145288	1.6069541295798	4.60214608248144e-11	0.113751395298846	4.13655197749301	0.126403515046165	ok
f1.25_r121	driver	150	89	-198.641415595678	-198.86891038255	0.918141839561767	1.01102661043983	0.0496984659104312	2.15752286851796e-06	1.75529105097087e-07	0.147813777368817	0.454989573743887	0.796526573881698	ok
f1.25_r121	control	150	112	-201.199915854742	-201.491987080625	0.869559474364952	1.07333099879847	1.81309374377014e-08	0.149404525011169	0.124823840191196	0.111266088889426	0.584142451765388	0.746715348619395	ok
f1.25_r122	driver	150	0	NA	NA	NA	NA	NA	NA	NA	NA	NA	NA	skipped_invariant
f1.25_r122	control	150	36	-196.699733098158	-197.654310081122	0.846114476193746	1.10441773611152	0.0793118589734519	0.729873689417778	2.834293161149e-09	0.059407895038087	1.90915396592715	0.384974961080603	ok
f1.25_r123	driver	150	0	NA	NA	NA	NA	NA	NA	NA	NA	NA	NA	skipped_invariant
f1.25_r123	control	150	64	-181.921720477565	-183.911433435746	0.947469084034235	1.50923475570749	3.08441781389951e-07	1.0306010882019	1.49928051013866e-09	0.0642024054873386	3.97942591636206	0.136734668381001	ok
f1.25_r124	driver	150	0	NA	NA	NA	NA	NA	NA	NA	NA	NA	NA	skipped_invariant
f1.25_r124	control	150	70	-209.471794301622	-209.988853656934	1.01504641838747	0.789041544664644	0.201482419374573	0.0227526885109292	9.85943084063624e-10	0.128002437507273	1.03411871062485	0.596271394708628	ok
f1.25_r125	driver	150	126	-187.227664648693	-187.781112270855	0.887316046041048	1.03917814597531	0.341298127048276	1.43711309967296e-07	4.99514984960899e-08	0.101652944736938	1.10689524432337	0.574964130332142	ok
f1.25_r125	control	150	0	NA	NA	NA	NA	NA	NA	NA	NA	NA	NA	skipped_invariant
f1.25_r126	driver	150	106	-175.292103184965	-176.932043759972	0.832402543674518	1.20108315227981	4.17446488007707e-08	7.85959397700324e-07	6.86041112555914e-09	0.140077064433091	3.27988115001392	0.193991569896065	ok
f1.25_r126	control	150	96	-183.433875166586	-183.52896935357	1.03771785370315	1.12641488268037	1.04098008765298e-06	7.71497654003777e-09	8.26182567036837e-06	0.151214012860783	0.190188373967828	0.909287287407763	ok
f1.25_r127	driver	150	76	-198.756653154208	-199.45691828192	1.14201604923827	1.5879600997904	0.636693538940927	1.10383987800313	2.30910107531361e-09	0.115936841848979	1.40053025542443	0.496453662717516	ok
f1.25_r127	control	150	0	NA	NA	NA	NA	NA	NA	NA	NA	NA	NA	skipped_invariant
f1.25_r128	driver	150	92	-186.610793973369	-187.775953214554	1.3341612857651	1.20116476451591	0.858536962560909	0.230527735846811	1.12373053468435e-08	0.179142858313713	2.33031848237033	0.311872995052884	ok
f1.25_r128	control	150	102	-185.273885304909	-185.711594124556	1.58554511963206	1.1519261029235	0.980932713970153	0.315561841108849	2.74155401035825e-09	0.138011042647879	0.875417639292777	0.645513716406892	ok
f1.25_r129	driver	150	129	-189.221570931563	-192.49034194388	0.66823924554013	1.10287558553801	0.455450051044953	1.61977046964885e-05	2.29357833737814e-06	0.12400177481895	6.53754202463386	0.0380531652203467	ok
f1.25_r129	control	150	124	-185.817923463593	-188.132296494083	0.730057051671029	1.10072521007796	0.349932377296964	1.27193755673422e-07	0.00228740315030757	0.128495576090373	4.62874606097961	0.0988281268042343	ok
f1.25_r130	driver	150	86	-176.466335274421	-177.402460906567	0.93924247046979	1.28469976909502	6.95831206510094e-06	0.221799594796845	1.63386666683691e-07	0.13405799513819	1.87225126429257	0.39214420688032	ok
f1.25_r130	control	150	53	-169.73673305163	-170.757867104622	1.17112637295819	1.2230575836678	1.00325757397884e-05	0.459328570733973	8.81828065759002e-08	0.156992299937671	2.04226810598271	0.360186238191161	ok
f1.25_r131	driver	150	137	-179.881783589873	-181.143698015403	0.775889520679113	1.23685088291637	0.62095307463427	0.422920127012777	2.06621945021194e-08	0.0596321728419267	2.52382885106181	0.283111511457514	ok
f1.25_r131	control	150	126	-193.872063821663	-195.935702695317	0.863620226791568	1.2686400791173	0.76119361538883	0.421165701425855	8.72646476841303e-09	0.124390011834824	4.12727774730678	0.126991023813737	ok
f1.25_r132	driver	150	68	-176.530781681987	-177.439628439731	1.00922488923453	1.40423899047478	0.318868293655093	0.631123391049546	1.58187102212584e-08	0.079388268172946	1.81769351548729	0.402988699753033	ok
f1.25_r132	control	150	95	-198.417436441085	-198.940127879336	1.47501147205242	1.07425103973484	0.91649681809862	0.270848042241477	2.36234081882649e-10	0.157615453496256	1.04538287650303	0.592922584001368	ok
f1.25_r133	driver	150	126	-156.584404708456	-160.374461502363	1.12370847945135	1.39485758072787	0.863023121869201	0.38667278810081	0.0596239148965959	0.0229612441318056	7.58011358781391	0.0225943185950536	ok
f1.25_r133	control	150	101	-172.434165087363	-172.439343022417	1.48640108199936	1.44562270688671	0.814212327819596	0.740587325189533	1.87081377664873e-08	0.0885190172739221	0.0103558701065367	0.994835447344747	ok
f1.25_r134	driver	150	116	-186.438050521095	-187.608573551895	1.14554215784554	1.24393786952566	0.7680629884896	0.292309687535692	2.31604706551602e-10	0.14196212535167	2.3410460615994	0.310204652240773	ok
f1.25_r134	control	150	118	-183.74502769844	-183.938751848537	1.13191250487531	1.26039886881562	0.489951554873734	0.401609400503186	8.13638624910644e-11	0.0958021914456544	0.387448300195445	0.823885141561231	ok
f1.25_r135	driver	150	109	-196.903869335402	-199.012345360312	2.00862743942308	0.989280826153638	1.54159962712909	1.45266199664212e-07	0.0492298287402353	0.185822768685113	4.21695204981876	0.121422870933403	ok
f1.25_r135	control	150	81	-182.218969752045	-182.325940822102	1.1151240430616	1.11442351660017	0.136626199785364	0.280202944053026	5.9031792954227e-11	0.101273273646385	0.213942140114341	0.898551667662666	ok
f1.25_r136	driver	150	118	-208.904716850206	-212.885347765576	0.655276517720945	1.30116063751962	0.414311850584645	0.497029566200386	6.43607436878684e-07	0.12946545026246	7.9612618307404	0.0186738539988393	ok
f1.25_r136	control	150	3	-163.418589009398	-164.777863680573	1.12927747302155	2.52475763309151	0.371818473399614	3.00050915808571	3.92204219196408e-13	0.0507289742478876	2.71854934235068	0.256847007944428	ok
f1.25_r137	driver	150	0	NA	NA	NA	NA	NA	NA	NA	NA	NA	NA	skipped_invariant
f1.25_r137	control	150	57	-208.708276588304	-209.40917818984	1.04189342689668	0.796798963461274	0.228549810444659	2.32426270020636e-06	6.42655044166945e-10	0.172647389300265	1.40180320307064	0.496137783491903	ok
f1.25_r138	driver	150	0	NA	NA	NA	NA	NA	NA	NA	NA	NA	NA	skipped_invariant
f1.25_r138	control	150	0	NA	NA	NA	NA	NA	NA	NA	NA	NA	NA	skipped_invariant
f1.25_r139	driver	150	77	-190.575550140882	-191.401360993	1.11509806573193	1.64153371719958	0.468200931140628	1.06271441122521	0.00390758134625148	0.109671379342762	1.65162170423662	0.437879792719686	ok
f1.25_r139	control	150	44	-182.943045674592	-183.214372007865	1.4329393505798	1.20068891314133	0.762209837320445	0.599020441399889	3.59260306554001e-09	0.161656921714415	0.542652666546701	0.76236766986988	ok
f1.25_r140	driver	150	103	-156.598810717552	-156.910473326723	1.56522215360989	1.94144610573722	1.01011555231111	1.31819490891106	3.71785873030706e-07	0.09103327350557	0.623325218342245	0.7322285337492	ok
f1.25_r140	control	150	92	-154.520853981665	-154.859744263026	1.93456802476647	1.73743109664648	1.48460220847281	1.0069992954293	4.07367372055483e-10	0.127681545374301	0.677780562722717	0.712560625982215	ok
f1.25_r141	driver	150	105	-188.411113180159	-190.108916012187	0.907354232300684	1.1384246016182	0.299387200555645	1.08106125803047e-06	5.78087414255481e-07	0.179043641999223	3.39560566405584	0.183085351720598	ok
f1.25_r141	control	150	24	-167.260910293702	-169.705373880468	1.1542240675535	0.908064678345113	2.29578330343631e-08	0.308917571657146	0.0139215458724688	0.190830560317232	4.88892717353241	0.0867726684276921	ok
f1.25_r142	driver	150	131	-167.665147683337	-170.123590237418	0.633206610146816	1.29966721002739	0.310365222889334	0.174476926308597	3.33251277495641e-08	0.114274134847667	4.91688510816056	0.0855681149540435	ok
f1.25_r142	control	150	115	-174.887648380568	-175.732055806776	0.968793238393119	1.24782971135641	0.223706851600367	0.0759324748350159	0.0601566264192357	0.153070800058971	1.68881485241508	0.429811978076653	ok
f1.25_r143	driver	150	102	-175.073494840472	-175.637010074761	1.45511742821064	1.06748488158488	0.453064366366708	2.14811258939165e-06	1.42112499276759e-07	0.145610850052939	1.12703046857871	0.569204655208193	ok
f1.25_r143	control	150	105	-168.73457819806	-170.443998475559	1.58955437215299	1.02014544431556	0.251804905488229	2.10432097074924e-06	6.51428683438685e-07	0.0978307965489073	3.41884055499844	0.180970674985121	ok
f1.25_r144	driver	150	119	-195.679139761903	-195.956457136885	1.04989465774998	1.00503996988618	0.465799807312088	0.0274812795716861	5.77004653834093e-09	0.117426236877398	0.554634749962815	0.757813947752775	ok
f1.25_r144	control	150	101	-204.543299960723	-205.840054465926	1.09821010397151	1.03549805408777	0.575254829868887	2.03795396369241e-07	1.10399114331356e-07	0.177418266891473	2.59350901040688	0.27341773042515	ok
f1.25_r145	driver	150	118	-160.794241785928	-161.572838079819	1.78623671455111	1.60890178621172	1.59130684319767	0.674359458261026	1.75047205176417e-07	0.171844444820634	1.55719258778021	0.459049930454997	ok
f1.25_r145	control	150	0	NA	NA	NA	NA	NA	NA	NA	NA	NA	NA	skipped_invariant
f1.25_r146	driver	150	118	-176.597588849755	-176.849896739352	1.23978679333055	1.19571396099874	0.560964124035091	0.0779089064825706	9.29730320317198e-10	0.143282099855831	0.504615779194239	0.777005469335746	ok
f1.25_r146	control	150	97	-176.353432269045	-177.207152748452	1.53856603855472	1.14784958140575	0.819380642006159	8.17263046655861e-06	3.20833804513403e-07	0.202494184274369	1.70744095881378	0.425827697962764	ok
f1.25_r147	driver	150	86	-174.496376767108	-179.248671428384	0.749991110409381	1.58668266926167	3.00410568728791e-07	0.75940114246223	1.34765038811337e-07	0.0904615783653862	9.50458932255208	0.008631865253376	ok
f1.25_r147	control	150	20	-164.402400142966	-165.583410888749	1.12754719818387	0.746923110241424	0.163063435972245	3.65363432819224e-09	5.22115395197951e-10	0.232972304633876	2.36202149156458	0.306968314818296	ok
f1.25_r148	driver	150	0	NA	NA	NA	NA	NA	NA	NA	NA	NA	NA	skipped_invariant
f1.25_r148	control	150	6	-183.50129211446	-185.266489794046	0.85990171567179	0.516374761177823	1.64481678496957e-08	0.220632466249241	1.01781269313643e-11	0.178563741360172	3.53039535917117	0.171152949696463	ok
f1.25_r149	driver	150	114	-197.161491882299	-199.350110685742	1.07051536609545	1.59581394489881	0.949532553238398	0.948811993182181	1.79879650003116e-07	0.138203103292787	4.3772376068851	0.112071434446416	ok
f1.25_r149	control	150	0	NA	NA	NA	NA	NA	NA	NA	NA	NA	NA	skipped_invariant
f1.25_r150	driver	150	117	-168.316566918957	-172.087121236963	0.959987695991055	1.61717434305025	0.61706449488627	0.628951998439021	0.0597218677774007	0.0779166143207382	7.54110863601272	0.0230392886543933	ok
f1.25_r150	control	150	0	NA	NA	NA	NA	NA	NA	NA	NA	NA	NA	skipped_invariant
f1.25_r151	driver	150	123	-167.329124190814	-168.133180586734	1.06818710437691	1.32762570733508	0.553397590535906	0.244270846013266	2.31204223202297e-08	0.125969754652999	1.6081127918394	0.44750999965474	ok
f1.25_r151	control	150	101	-173.748176861227	-174.950884354862	0.942466388587277	1.46702876384154	1.8588996912871e-06	0.458874174661319	1.660555531075e-08	0.131767016016525	2.40541498726986	0.300379833460294	ok
f1.25_r152	driver	150	111	-180.335786938264	-180.876308511411	1.45512522809745	1.21028597636916	0.90346706952362	4.1717626351283e-08	0.182196855991118	0.130532256891563	1.08104314629293	0.582444385785618	ok
f1.25_r152	control	150	111	-179.35472831365	-181.132683547396	1.97523558277536	1.1375645213497	1.53630762241548	3.87962955811385e-08	1.26062290736412e-07	0.204346173226644	3.55591046749169	0.168983325645575	ok
f1.25_r153	driver	150	67	-190.696002844011	-191.128491099425	0.828700511843226	0.983207177747831	1.07019554627662e-05	0.0317632620117958	3.21521830283136e-08	0.104705926107858	0.864976510828001	0.648892474063167	ok
f1.25_r153	control	150	45	-192.492684413302	-193.414709622204	0.975241608827027	0.77192044260163	7.1156192142542e-08	6.62974503555581e-08	9.43147827983593e-09	0.138378656107232	1.84405041780417	0.397712773480598	ok
f1.25_r154	driver	150	95	-153.489426070833	-154.667656583703	1.15198787079307	1.61908836912686	1.08995542938209e-05	0.829533370465602	1.46119706413636e-07	0.0639647574558587	2.35646102573986	0.307822945716176	ok
f1.25_r154	control	150	33	-137.69483937423	-137.980242582832	1.33063599385126	1.57263512504087	0.296905791415045	0.882923605208647	1.47128854660579e-09	0.110745678610008	0.5708064172033	0.751711096825439	ok
f1.25_r155	driver	150	118	-193.966553127469	-194.82234644747	1.27901377128972	1.07776883745777	0.993070239354002	0.00956487509045333	2.42775120061409e-08	0.183097677914831	1.71158664000194	0.424945939212727	ok
f1.25_r155	control	150	117	-178.612372723044	-180.536927937397	1.01335206235678	1.14978487758699	0.380029150006158	4.7133448934142e-08	0.204574534710642	0.0280106906422335	3.84911042870641	0.145940654730844	ok
f1.25_r156	driver	150	78	-162.330019874777	-164.706498087496	0.906513210938157	1.59177066480373	1.36329963380276e-07	0.681903763886746	6.05942226256209e-09	0.090099114572624	4.75295642543733	0.0928770955832142	ok
f1.25_r156	control	150	103	-181.218487433131	-181.874386150707	0.997704014228318	1.30752837893473	0.210907107781275	0.342542688487333	1.77876908764427e-09	0.133731702619403	1.31179743515241	0.518975440587683	ok
f1.25_r157	driver	150	96	-161.413292790137	-162.657807285423	1.13842752998289	1.34391368788723	0.447638659406919	0.247657204059104	3.43598874278933e-08	0.107083601727571	2.48902899057293	0.28808073874035	ok
f1.25_r157	control	150	0	NA	NA	NA	NA	NA	NA	NA	NA	NA	NA	skipped_invariant
f1.25_r158	driver	150	103	-192.110836008398	-193.34151706243	0.851466170295863	1.30515126189422	0.0343941503360965	0.344788410612529	2.57031258335559e-08	0.136173056155319	2.46136210806498	0.292093578414482	ok
f1.25_r158	control	150	102	-188.519929159791	-188.870557898229	1.20776557351862	1.11580032788102	0.529691308046174	0.0582283891164315	1.14634863759044e-08	0.181904578393705	0.701257476875242	0.704245164486824	ok
f1.25_r159	driver	150	124	-200.034305284919	-203.742423119811	0.579122913727451	1.27828990463334	0.391331648448625	0.482590363840101	2.38859944222518e-09	0.114689707474856	7.41623566978404	0.0245236373954683	ok
f1.25_r159	control	150	51	-195.523658979663	-198.263126143666	1.26516098529162	0.738521786510733	0.22207710547051	1.66459340618275e-05	7.61117114963607e-09	0.199785774114483	5.47893432800561	0.064604761466192	ok
f1.25_r160	driver	150	86	-167.137410363792	-167.669149717496	1.12000208934959	1.4597246461839	0.257280920483122	0.526586035045449	1.04246259606689e-10	0.140365026080008	1.06347870740728	0.587582067296772	ok
f1.25_r160	control	150	104	-178.570796073253	-178.838499274149	1.42701189593677	1.21789421128877	0.271767838859192	0.289429465566573	7.82327480988742e-09	0.127426960262495	0.535406401792613	0.765134838740288	ok
f1.25_r161	driver	150	117	-162.391483908724	-165.750387163841	0.992153926264094	1.89470379007816	0.732171105004678	0.975507183237874	9.9018355144968e-10	0.164003862488189	6.71780651023482	0.0347733755605125	ok
f1.25_r161	control	150	123	-161.833104235995	-162.967092860074	1.97157926816906	1.64573103555675	2.05394520058619	0.68312197861886	1.27408456729209e-07	0.189371976256012	2.26797724815856	0.32174736437206	ok
f1.25_r162	driver	150	120	-210.331662268819	-210.976596669831	0.734950292308786	1.00293380819189	8.89533566163453e-06	7.9252490443742e-08	0.323954593310265	0.154600229746262	1.28986880202393	0.52469696056731	ok
f1.25_r162	control	150	94	-206.168290789953	-206.250738903209	1.01928416533116	0.941200536195121	1.42939213973304e-05	3.90931132952991e-09	0.00508645904983713	0.143485054911051	0.164896226511019	0.920859217004146	ok
f1.25_r163	driver	150	111	-182.739460854586	-184.229500487473	1.63436238565286	1.16407315301276	1.32857890728048	0.271437317249765	2.85571102891486e-09	0.132911963454755	2.98007926577344	0.225363723547513	ok
f1.25_r163	control	150	115	-193.835641620069	-194.435750221174	1.6204732265399	1.21132253419252	1.30977498661694	0.415371717458556	1.26549785266855e-09	0.136966644204997	1.20021720221115	0.548752037779874	ok
f1.25_r164	driver	150	130	-144.813854661581	-146.894545403245	0.730387595806614	1.52354540702344	2.2426804909031e-07	0.347020978585595	0.0203064388759566	0.0861526532964976	4.16138148332675	0.124843947492746	ok
f1.25_r164	control	150	122	-159.564917793193	-160.454345067314	1.24581335785284	1.41341856919441	0.909645670480338	0.151337677098154	2.07438560056511e-09	0.1940707422782	1.77885454824082	0.41089101329302	ok
f1.25_r165	driver	150	129	-158.287701284095	-159.256761123723	1.38791676272966	1.23264916887452	1.05602878672699	5.98530720086251e-07	4.32208139178941e-08	0.133016727078577	1.93811967925581	0.379439604542112	ok
f1.25_r165	control	150	0	NA	NA	NA	NA	NA	NA	NA	NA	NA	NA	skipped_invariant
f1.25_r166	driver	150	97	-176.758093422055	-177.279723272016	1.39769870446023	1.18447932900918	0.860393374008485	0.322465928429593	8.42106748459124e-09	0.0888969641246933	1.04325969992226	0.593552357894799	ok
f1.25_r166	control	150	22	-164.247932692975	-167.391452769217	1.37795302600395	0.655864070693214	0.518826479388825	0.0463089858791045	3.27434625573327e-10	0.142840516606222	6.28704015248417	0.043130706996218	ok
f1.25_r167	driver	150	0	NA	NA	NA	NA	NA	NA	NA	NA	NA	NA	skipped_invariant
f1.25_r167	control	150	0	NA	NA	NA	NA	NA	NA	NA	NA	NA	NA	skipped_invariant
f1.25_r168	driver	150	117	-194.393765845603	-196.120095582149	0.781493153154017	1.43735088770666	0.178187907409493	0.751578983725863	1.97951649029472e-08	0.0743029725410642	3.45265947309338	0.177936286007254	ok
f1.25_r168	control	150	45	-173.061515822406	-173.472489825683	1.16958239956346	1.40826178070914	0.364487731570569	0.878144911359745	1.09515653867893e-08	0.0856854320203106	0.821948006555317	0.663004167311939	ok
f1.25_r169	driver	150	65	-170.756893341904	-174.439886739945	1.05969429182424	1.63889077848102	0.442155162278988	0.502344512555106	2.41949173914254e-09	0.192652019276525	7.36598679608278	0.0251475853234594	ok
f1.25_r169	control	150	40	-167.412179207095	-170.297443497783	1.61447566827697	0.80460984004849	0.737347822961186	3.6843972310734e-06	7.11543875087718e-08	0.258575582559707	5.77052858137574	0.0558400295862817	ok
f1.25_r170	driver	150	0	NA	NA	NA	NA	NA	NA	NA	NA	NA	NA	skipped_invariant
f1.25_r170	control	150	0	NA	NA	NA	NA	NA	NA	NA	NA	NA	NA	skipped_invariant
f1.25_r171	driver	150	144	-163.844546602802	-165.372789860931	0.575450102665433	1.25902950581339	0.899365020344086	0.411061680393351	1.22721967636021e-08	0.0480233920562472	3.05648651625808	0.216916398914993	ok
f1.25_r171	control	150	113	-199.121975216792	-200.511091297793	1.34268639247635	1.24636077721264	1.31190195995203	0.305703838170481	1.91153403785409e-07	0.231369253098131	2.77823216200113	0.249295564357259	ok
f1.25_r172	driver	150	120	-188.609333000543	-191.450689436288	0.874661922438404	1.30770636407845	0.796264140528178	0.276440373716793	2.59938819367942e-08	0.197709723385465	5.6827128714894	0.0583464690276996	ok
f1.25_r172	control	150	114	-198.218070305186	-198.9648304425	1.3800743929848	1.18105799156565	1.20746524484238	0.113061927388334	0.115452598487898	0.257291455122309	1.49352027462811	0.473899437336276	ok
f1.25_r173	driver	150	98	-161.572036740659	-162.133591979828	1.0348766650002	1.40121437366528	0.1592384296165	0.486045231596393	2.37013815705662e-09	0.069134735369737	1.12311047833811	0.570321387592365	ok
f1.25_r173	control	150	53	-150.400353312513	-152.690194577013	1.20295242375399	1.44964428611599	1.99621768640992e-06	0.908806471245771	5.90319448201053e-09	0.050986588622197	4.57968252899911	0.101282537712255	ok
f1.25_r174	driver	150	0	NA	NA	NA	NA	NA	NA	NA	NA	NA	NA	skipped_invariant
f1.25_r174	control	150	105	-242.138094019626	-244.902655040481	0.819175268386869	0.879290363194844	0.612379421437743	6.06732209078441e-08	1.87913634202505e-06	0.213789722003697	5.52912204170957	0.0630037506109957	ok
f1.25_r175	driver	150	0	NA	NA	NA	NA	NA	NA	NA	NA	NA	NA	skipped_invariant
f1.25_r175	control	150	0	NA	NA	NA	NA	NA	NA	NA	NA	NA	NA	skipped_invariant
f1.25_r176	driver	150	0	NA	NA	NA	NA	NA	NA	NA	NA	NA	NA	skipped_invariant
f1.25_r176	control	150	42	-202.658881610603	-202.941488185973	1.07460752721341	0.863979755349729	0.43844518174478	0.236620073731643	1.14187197904637e-10	0.140935682096367	0.565213150741556	0.753816299426519	ok
f1.25_r177	driver	150	0	NA	NA	NA	NA	NA	NA	NA	NA	NA	NA	skipped_invariant
f1.25_r177	control	150	126	-209.137415371205	-211.17249835275	1.22397068434189	0.962310505730856	1.53142270423789	4.81260039429577e-06	2.38054472332383e-07	0.194673300924924	4.07016596308983	0.130669638885613	ok
f1.25_r178	driver	150	110	-168.926015539657	-169.400182503975	1.01257091481757	1.43261410880285	0.148104624776231	0.64142134854235	7.55661170533956e-08	0.0735943886786688	0.948333928635407	0.622403324745357	ok
f1.25_r178	control	150	55	-167.602322249468	-168.109663083922	1.35322005033445	1.19045880889805	0.393871094611199	0.459280953649617	2.1817614980755e-09	0.135678571810437	1.01468166890709	0.602094520949966	ok
f1.25_r179	driver	150	127	-139.781019048399	-139.926210494788	1.69217781845678	1.41889705167863	0.9586325571439	0.354542403536669	5.22826270459603e-08	0.071585329470555	0.290382892776677	0.864856703568159	ok
f1.25_r179	control	150	35	-136.494972116224	-136.976702923446	1.58057352725147	1.14453855894918	0.588278552274113	4.25621429768549e-06	1.71527840480614e-08	0.240634131300915	0.963461614444554	0.617713323350816	ok
f1.25_r180	driver	150	126	-146.139208487736	-146.604008538925	1.0779438732694	1.55814414209452	3.48773249311887e-06	0.619480813680799	6.31256925066442e-08	0.0510977529654545	0.92960010237897	0.628260712613875	ok
f1.25_r180	control	150	125	-151.483212631282	-154.270876796589	0.751224644897106	1.66812748864685	5.67541723080475e-08	0.68739129520393	0.0372550574432135	0.0749265076419846	5.57532833061413	0.061564851408757	ok
f1.25_r181	driver	150	98	-175.288237097987	-176.126555537832	0.925174680324798	1.30405255660436	4.64457857459426e-08	0.389647306088909	5.37016801670835e-07	0.0967164867773979	1.67663687969014	0.432437081347962	ok
f1.25_r181	control	150	93	-190.043722359826	-190.292112986872	1.16901759707533	1.0307581124082	1.36955132421031e-06	0.0475878627143758	9.68872501304404e-09	0.148963441773536	0.496781254090877	0.780055173108624	ok
f1.25_r182	driver	150	73	-158.40080587045	-159.528591204971	1.18874194177163	1.89987893811377	0.224049319294937	1.28112733882972	1.94378477643092e-07	0.0913445653240187	2.25557066904361	0.323749459806283	ok
f1.25_r182	control	150	115	-173.851509338562	-174.667825583263	1.65053124388333	1.52182080357859	1.47249520898553	0.642079602481158	5.48631448637591e-08	0.181550796301547	1.6326324894016	0.442057088960511	ok
f1.25_r183	driver	150	0	NA	NA	NA	NA	NA	NA	NA	NA	NA	NA	skipped_invariant
f1.25_r183	control	150	109	-208.324280414009	-209.713825565701	1.49815205725086	0.85168093269253	0.789484936178013	0.0417819534055108	1.00508607986023e-06	0.109684063128698	2.77909030338373	0.249188621881705	ok
f1.25_r184	driver	150	92	-172.22262003353	-173.166929764295	1.08471624540977	1.33998881307937	0.304535759501105	0.270529167801229	8.73001421722234e-09	0.127070207463906	1.88861946153179	0.388947957070173	ok
f1.25_r184	control	150	92	-162.544996368297	-163.048948981622	1.14811057608433	1.34886065405205	4.9692623510501e-08	0.51327604915719	6.86477357042417e-10	0.0700771335872441	1.00790522665153	0.604138010268666	ok
f1.25_r185	driver	150	91	-159.448929862688	-159.8699684187	1.09251893204282	1.38529047278968	2.82530691885825e-09	0.301686187478664	7.46693429045886e-08	0.125999070044902	0.842077112024015	0.656364794112417	ok
f1.25_r185	control	150	52	-138.499111996842	-138.685140875053	1.31698803561614	1.13258946004156	0.19734783764307	9.58318429110597e-07	7.86915693855253e-08	0.0909395311249262	0.372057756422294	0.830249618511948	ok
f1.25_r186	driver	150	97	-194.136148560883	-194.54068552393	0.950937399653802	1.19325455177019	7.34771932339474e-09	0.338856875443396	0.0597725262171126	0.0976482799480098	0.809073926095209	0.667285717280318	ok
f1.25_r186	control	150	66	-172.896583998709	-174.203011213022	0.969339039692563	1.42791411188822	5.97345304460852e-08	0.73006049490303	9.68378185096468e-09	0.0752879365221185	2.61285442862658	0.270785789772055	ok
f1.25_r187	driver	150	0	NA	NA	NA	NA	NA	NA	NA	NA	NA	NA	skipped_invariant
f1.25_r187	control	150	9	-192.027480455456	-194.060841796164	0.877540580120864	0.684700163194659	0.134874699081496	0.499136279095435	8.19789690902621e-12	0.0846118643383795	4.06672268141438	0.130894798838839	ok
f1.25_r188	driver	150	138	-154.998153196839	-160.023230592563	0.176967881248561	1.29939279175391	0.865880207570077	0.0192364179033727	1.55349015286112e-08	0.165239310237216	10.0501547914484	0.00657107790191544	ok
f1.25_r188	control	150	84	-158.398302685502	-158.791680592847	1.22311236752852	1.38770250584946	1.12321590600191e-08	0.395124054882656	7.08311262813836e-08	0.120674059409488	0.786755814690252	0.674773697459942	ok
f1.25_r189	driver	150	137	-147.710373877878	-150.167328136785	0.881372092838964	1.46648802163541	0.851389503928142	0.336192197675503	2.35351272430913e-08	0.0966798814955402	4.91390851781341	0.0856955603812239	ok
f1.25_r189	control	150	86	-156.27888166898	-156.533133165156	1.48950262162023	1.38998686614262	0.286352876466847	0.4300456884784	2.43114291360454e-09	0.126750255907441	0.508502992351907	0.775496743053866	ok
f1.25_r190	driver	150	86	-177.001282196787	-177.462760476347	1.16790701888424	0.985499907724761	5.14632623374477e-06	0.00692837100958319	1.03724167269199e-06	0.115897515720259	0.922956559118802	0.630351121233196	ok
f1.25_r190	control	150	32	-165.310347556658	-166.14977309736	1.11559111734571	0.98365995338969	3.21038341316862e-06	0.196080729646719	4.58395808540641e-07	0.203707695803463	1.67885108140365	0.431958594800014	ok
f1.25_r191	driver	150	110	-173.466987891818	-174.759518835817	1.8902827464979	1.18261865029906	1.37526117693832	3.40212798008177e-07	0.101456158422585	0.241387463126785	2.58506188799765	0.274574969057843	ok
f1.25_r191	control	150	123	-155.955093881837	-156.06029317977	1.10297099262582	1.31787755039923	0.0249739632020352	0.271866190652323	8.60365434560536e-09	0.0542656283906886	0.210398595865797	0.900145107649083	ok
f1.25_r192	driver	150	112	-166.603409586844	-168.581422970263	1.94547265168054	1.70626098248824	2.06429659448483	0.71639584810362	3.60089367930859e-09	0.283963323513383	3.95602676683785	0.138343800582745	ok
f1.25_r192	control	150	108	-147.172940709745	-148.992715969674	1.63642322756335	1.61431827061585	1.16813344118913	0.437094507664167	0.119471188126034	0.059823511798326	3.63955051985829	0.162062168704739	ok
f1.25_r193	driver	150	72	-184.937449443984	-185.033950006627	0.975890277057008	1.09285793800531	3.27085873283841e-05	0.109245814120747	8.18125444757641e-08	0.147642724421012	0.193001125287026	0.908009386714015	ok
f1.25_r193	control	150	96	-193.893629276994	-194.524634870565	1.26660679569444	0.964307534913925	0.199954168718358	3.90720380803464e-05	2.90956143963037e-07	0.141080382534523	1.26201118714221	0.532056499308864	ok
f1.25_r194	driver	150	120	-178.821151095745	-179.184290898656	0.988392349112981	1.33291008652095	0.220481446953941	0.538085324799192	0.0192865123425735	0.0713433173188347	0.726279605822015	0.695489195288086	ok
f1.25_r194	control	150	118	-179.546347277746	-179.853411485674	1.00366285289964	1.3252790785613	0.176310506716997	0.534193100352108	3.07399038703938e-08	0.0650222237942098	0.614128415856328	0.735603367822702	ok
f1.25_r195	driver	150	113	-166.90380092776	-167.317874479934	1.45052553462101	1.23550909440172	0.74671424734435	1.6514533866523e-07	1.01276632925482e-07	0.179178135785453	0.828147104348204	0.660952334996801	ok
f1.25_r195	control	150	79	-155.368395847757	-155.694737998454	1.28358184327218	1.2944712623101	1.37483101081113e-06	0.270589070322291	3.93245991122097e-10	0.131570042805645	0.652684301393379	0.721558263528964	ok
f1.25_r196	driver	150	128	-175.415993634957	-181.682066769523	0.551705704469903	1.48130964381887	0.387875344612986	0.497873302019622	0.0932560642546654	0.11715879273691	12.5321462691322	0.00189967371868176	ok
f1.25_r196	control	150	99	-168.952209672611	-169.54916202251	1.213804055703	1.62002067442722	0.597308665182579	0.930149868990017	4.93930786252012e-09	0.0776222728842809	1.19390469979663	0.550486773251958	ok
f1.25_r197	driver	150	102	-181.979674743231	-182.360633585651	1.45148426463715	1.10450631902343	0.565820872329395	0.197079910842274	1.44401847550147e-09	0.125991753152788	0.761917684839716	0.683206008147284	ok
f1.25_r197	control	150	51	-164.847509714968	-165.336229943788	1.08066349398542	1.50918199581582	0.154186985529681	0.766280921048991	2.95724925841229e-10	0.117272774793619	0.977440457639204	0.613410917686253	ok
f1.25_r198	driver	150	0	NA	NA	NA	NA	NA	NA	NA	NA	NA	NA	skipped_invariant
f1.25_r198	control	150	112	-235.649836646698	-235.688595288397	0.785387088505576	0.8659175095366	0.0867685417898987	0.253818061146336	0.019615569353749	0.0655436467191162	0.0775172833971283	0.961982863679016	ok
f1.25_r199	driver	150	107	-177.149528307195	-179.720698212109	0.770598512606985	1.34986705627297	1.15613679597725e-06	0.33393339567013	6.90317379682723e-07	0.108449757303476	5.14233980982692	0.0764460584690863	ok
f1.25_r199	control	150	0	NA	NA	NA	NA	NA	NA	NA	NA	NA	NA	skipped_invariant
f1.5_r000	driver	150	129	-119.399777836242	-120.403056909237	2.02286176178666	1.34577870632024	4.7205172178558e-05	9.37046587014731e-09	1.41093100365373e-06	0.050984770749454	2.00655814599082	0.366675113249024	ok
f1.5_r000	control	150	126	-133.198547306345	-133.206637324483	1.43943995338246	1.39102186587685	3.52617051930731e-06	2.48804126210127e-05	8.22104994237218e-08	0.084521522650361	0.0161800362761255	0.991942617990416	ok
f1.5_r001	driver	150	80	-137.487530017296	-142.133089326476	0.966981879068867	1.92674414795063	0.198113227935311	0.81535050732251	0.0164002488915508	0.0148712697502631	9.29111861835958	0.00960415646429637	ok
f1.5_r001	control	150	132	-169.101928033478	-169.291545453204	1.55040224397097	1.42962276899995	1.24676586231247	0.536508916018969	0.330302614957899	0.114545652189095	0.379234839451726	0.827275572723284	ok
f1.5_r002	driver	150	108	-170.427325455105	-170.795966150302	1.13825981000371	1.20795863984813	0.371326010832917	0.123498993956552	4.54711800787784e-08	0.124831085914929	0.737281390393889	0.691673887558074	ok
f1.5_r002	control	150	97	-184.977480169134	-185.962306396639	1.54004272395713	1.04717840603914	0.465165491295005	8.76092100318944e-09	1.84047063109034e-09	0.172438304612506	1.9696524550082	0.373504126041869	ok
f1.5_r003	driver	150	143	-104.786405899063	-106.789176322504	0.514857453148707	1.98583043609098	0.17397834304336	0.775449726693553	0.418824712046474	0.0618744288256577	4.00554084688216	0.134960866082039	ok
f1.5_r003	control	150	0	NA	NA	NA	NA	NA	NA	NA	NA	NA	NA	skipped_invariant
f1.5_r004	driver	150	80	-185.237841659758	-186.326602957124	1.22177651867391	1.81623107733428	0.729828036788247	1.29690781354109	1.51173332277525e-09	0.125701411267644	2.17752259473195	0.336633224012268	ok
f1.5_r004	control	150	72	-189.598943864434	-189.776870531679	1.37959305350654	1.63374582377711	0.765662722924177	1.15179948615731	3.50437804309787e-10	0.12075625527716	0.355853334489268	0.83700380103323	ok
f1.5_r005	driver	150	126	-165.666839244227	-168.400652169863	0.705186296419036	1.35296043106177	0.187752138016348	0.262696057748173	3.27928906851107e-08	0.100144363554746	5.46762585127186	0.0649710868567319	ok
f1.5_r005	control	150	0	NA	NA	NA	NA	NA	NA	NA	NA	NA	NA	skipped_invariant
f1.5_r006	driver	150	135	-123.86866015254	-124.046181123448	1.53257701761325	1.48990113215495	0.867391521768077	0.0836481159094231	6.74429421229201e-09	0.0957242671269542	0.355041941814449	0.837343439300049	ok
f1.5_r006	control	150	86	-133.344780377878	-133.837370594478	1.59335079045958	1.43752915859952	8.89594924118195e-07	0.180453518016675	5.32214882378666e-11	0.139470696785496	0.985180433200185	0.61104161247854	ok
f1.5_r007	driver	150	129	-129.819370034062	-131.800389168171	1.78358493042526	1.60373342110898	1.61058788346998	0.225091570194015	2.7847288054867e-08	0.163385429483459	3.96203826821875	0.137928597919067	ok
f1.5_r007	control	150	124	-131.94199725001	-132.45176803951	1.70606065352965	1.66782929292727	1.18009293018888	0.424146874698228	6.8270377628933e-07	0.144749407991249	1.01954157900093	0.600633234479314	ok
f1.5_r008	driver	150	0	NA	NA	NA	NA	NA	NA	NA	NA	NA	NA	skipped_invariant
f1.5_r008	control	150	93	-209.449831612009	-211.53607639748	1.12155597341389	0.766459989971972	0.000307933340268006	3.47722844734919e-08	6.59147006780117e-08	0.0832318618632256	4.17248957094205	0.124152480735078	ok
f1.5_r009	driver	150	122	-153.476473467903	-154.239371886237	1.22987385425824	1.40749643507311	0.666207666103274	0.111892322034036	1.91106483536404e-08	0.163973682222797	1.52579683666676	0.466312896560258	ok
f1.5_r009	control	150	121	-147.250826989208	-147.506260483105	1.70085001715866	1.30144436703715	0.819597563290604	0.0131692313450216	1.27796197603395e-08	0.132085747454942	0.510866987795282	0.77458064918749	ok
f1.5_r010	driver	150	138	-134.58167353125	-139.245569099141	0.423773676949035	1.70178686403389	4.99192898947623e-09	0.660539437120347	2.64121235186403e-08	0.0514135082872053	9.32779113578215	0.00942965689046507	ok
f1.5_r010	control	150	0	NA	NA	NA	NA	NA	NA	NA	NA	NA	NA	skipped_invariant
f1.5_r011	driver	150	123	-152.004512095473	-159.170215053825	0.540085845414273	1.55657590262689	5.56927557562376e-06	0.31934875036831	2.28851682464251e-07	0.117859633268968	14.3314059167053	0.000772635655833318	ok
f1.5_r011	control	150	135	-150.534404642889	-152.742500702192	0.712873300568832	1.28251575957956	0.413770852957525	0.0154280141746814	1.29583413986979e-07	0.099029143802572	4.41619211860518	0.109909711002887	ok
f1.5_r012	driver	150	131	-160.802230226292	-168.883456660117	0.346800897338478	1.54006643138032	0.39188814953809	0.404742486709956	3.45528977715686e-08	0.153032284698245	16.1624528676511	0.0003092914771851	ok
f1.5_r012	control	150	86	-161.5473921434	-161.754146341168	1.30050433182724	1.6019693794562	0.293570778816504	0.753156248497074	0.0178689064207195	0.11509464008627	0.413508395534848	0.813219516595489	ok
f1.5_r013	driver	150	121	-157.766689636363	-158.819211968181	0.965223414053516	1.40621848838738	0.000121718322918131	8.60442986151346e-06	0.174378305613241	0.16337434808182	2.10504466363614	0.349056202236473	ok
f1.5_r013	control	150	104	-140.883123099193	-141.060602780572	1.55751919103382	1.31031262583262	0.256995782757157	1.01067363672756e-06	9.03490136927676e-10	0.104142627737731	0.354959362757882	0.837378013529441	ok
f1.5_r014	driver	150	129	-160.12706232812	-161.618471687285	2.67575699187595	1.49478037681798	3.55214716714347	0.292413980652987	0.110812798627589	0.316008498742424	2.98281871832887	0.225055248244919	ok
f1.5_r014	control	150	90	-153.117676116515	-153.875537215968	1.43531437242822	1.68834581187375	0.664490837089251	0.608107951033508	0.103018317541559	0.0711345153988587	1.51572219890522	0.468667789512277	ok
f1.5_r015	driver	150	107	-132.83928988347	-133.517496569568	1.31032189357209	1.77124651396163	0.315834511864358	0.582078879081239	7.95427848632297e-10	0.130013934679198	1.35641337219653	0.507526330781765	ok
f1.5_r015	control	150	104	-143.112347599894	-144.08469407531	2.22980521276237	1.4180143184601	1.15100867540238	0.165453021508872	1.2869855555939e-09	0.16457608950312	1.94469295083246	0.378194571863528	ok
f1.5_r016	driver	150	110	-161.989375705656	-163.303581278374	1.25712032347597	1.50531224164926	0.752312433945158	0.384788727164431	4.32572518877286e-10	0.18892367777952	2.62841114543625	0.268687691307587	ok
f1.5_r016	control	150	104	-177.033188959414	-177.807565752453	1.59440767737671	1.40388403982997	1.12956339614313	0.259594191467076	3.21944797744857e-09	0.250043293248575	1.54875358607785	0.460990984286526	ok
f1.5_r017	driver	150	129	-147.25570962296	-149.510530323162	0.848143423692929	1.41230127094378	0.563963189377975	0.0226826437945453	3.65653965333279e-08	0.163626385118739	4.50964140040452	0.104892349227327	ok
f1.5_r017	control	150	117	-150.765379303133	-151.565450133899	1.01918837194951	1.45716428614287	1.02121083902622e-07	0.161538607914951	8.7378075953093e-07	0.131749169306829	1.60014166153223	0.449297138929569	ok
f1.5_r018	driver	150	0	NA	NA	NA	NA	NA	NA	NA	NA	NA	NA	skipped_invariant
f1.5_r018	control	150	0	NA	NA	NA	NA	NA	NA	NA	NA	NA	NA	skipped_invariant
f1.5_r019	driver	150	136	-142.397850631597	-145.007756577895	0.661636003575425	1.39957501528167	0.630965969105123	1.23201036789323e-07	1.5113445801393e-06	0.130194581481494	5.21981189259657	0.0735414602843592	ok
f1.5_r019	control	150	136	-139.34507846009	-140.612050501325	0.732969182279327	1.37810885797938	1.46341570330975e-05	5.09545498323732e-06	3.46781332480025e-05	0.0796327881652267	2.53394408246953	0.281683257056664	ok
f1.5_r020	driver	150	129	-164.399650038552	-168.499126509767	0.514096577227985	1.35928292729901	5.45577535036859e-07	1.40699574733726e-06	0.283810576815261	0.168800636010406	8.19895294243054	0.0165813539459097	ok
f1.5_r020	control	150	56	-144.987283809903	-145.782282111253	1.37103219721644	1.10976609924828	1.19515665407714e-07	2.57894453283916e-06	5.65561472249654e-09	0.150285514167655	1.58999660270104	0.451582002001475	ok
f1.5_r021	driver	150	0	NA	NA	NA	NA	NA	NA	NA	NA	NA	NA	skipped_invariant
f1.5_r021	control	150	58	-169.174008749455	-170.191473200935	0.979298670518796	1.5370910799822	0.0754763224170051	0.905534413316828	4.37253474221108e-09	0.0762383941334264	2.03492890295917	0.361510406253976	ok
f1.5_r022	driver	150	113	-150.711418488859	-155.688636793465	0.707537517654829	1.86848611299086	1.75613725421304e-06	1.00477431645565	3.21671897348389e-07	0.0584440839081975	9.95443660921205	0.00689321072548858	ok
f1.5_r022	control	150	128	-157.737016121717	-158.611231904006	1.1444106781825	1.61665378231352	0.715783137000128	0.791061386989061	1.26440150251728e-08	0.0738917658626073	1.74843156457865	0.417189058475295	ok
f1.5_r023	driver	150	126	-133.979600472693	-134.464406010032	1.07377637047524	1.37960701804861	2.13389979498655e-05	1.15477120704925e-05	5.20324844247509e-09	0.0740815915538169	0.969611074677005	0.615816938522118	ok
f1.5_r023	control	150	47	-122.08188033554	-122.733481337071	1.26649899625706	1.7436836853848	1.58989907113421e-07	0.487396871610219	1.70806841498682e-08	0.10520955079473	1.30320200306161	0.521210649371768	ok
f1.5_r024	driver	150	138	-144.978535265888	-146.822027071508	0.696709412631298	1.61420312189266	0.342085950131761	0.599950205733146	1.42503871270938e-08	0.0607552221584329	3.6869836112391	0.158263833607141	ok
f1.5_r024	control	150	113	-152.353783084105	-152.602045296678	1.65121291205538	1.50237249646856	1.01069041540828	0.436517623122362	3.20061908819533e-07	0.153482597136346	0.49652442514639	0.780155349913937	ok
f1.5_r025	driver	150	130	-128.875377352544	-129.734270244035	0.990440510668133	1.57609661290847	3.90385586619947e-08	0.269496570020334	5.45023507651658e-08	0.0781849120554369	1.71778578298193	0.42363082808812	ok
f1.5_r025	control	150	133	-131.708679566591	-132.502331731852	1.44348575306901	1.49256795585862	1.17264844110867	0.111364435498615	2.78960403384235e-08	0.133734800963602	1.58730433052176	0.452190302167345	ok
f1.5_r026	driver	150	128	-128.870076624997	-129.186564029618	1.41304275127872	1.76484485169205	0.535256715475049	0.578916343638277	1.55331233991958e-09	0.0876277117244348	0.632974809242569	0.728704189807225	ok
f1.5_r026	control	150	105	-130.571801659136	-130.686232275772	1.61710641190507	1.74999322076163	0.58508895136174	0.551861058682956	2.18605467878226e-09	0.14403443779097	0.228861233272823	0.891873817476765	ok
f1.5_r027	driver	150	116	-170.721406910529	-170.889801314007	1.43479955845649	1.14783762447674	0.964287567692217	1.32141363915847e-08	0.0715306474819839	0.0799969283981416	0.336788806956179	0.845020489932529	ok
f1.5_r027	control	150	84	-164.841633357724	-165.172790211234	1.18825480461489	1.0320392812808	9.0558715483787e-05	3.19001059143814e-05	2.80188552464656e-07	0.104083703898616	0.662313707020303	0.718092524873345	ok
f1.5_r028	driver	150	0	NA	NA	NA	NA	NA	NA	NA	NA	NA	NA	skipped_invariant
f1.5_r028	control	150	92	-195.730073245456	-195.807204613455	1.18193685356758	1.15949896105458	0.392714343366708	0.485586296495898	1.84797691773939e-09	0.0910575501727021	0.154262735999339	0.925768229297459	ok
f1.5_r029	driver	150	116	-140.782948261684	-141.929624343022	1.25866865683119	1.8126112205804	0.573609843682799	0.781535435615846	1.50311899416333e-08	0.105263586430843	2.29335216267538	0.317690995356037	ok
f1.5_r029	control	150	17	-114.928970420798	-117.120661904251	1.53348681066991	1.81721439661568	0.262485443748087	1.51807955011744	2.37339000143198e-10	0.109926347482843	4.38338296690688	0.111727603302063	ok
f1.5_r030	driver	150	134	-110.840072928614	-110.924757096879	1.63628401683362	1.99670648566959	0.602698698152838	1.02186793934358	2.83614551859722e-07	0.037304656166483	0.169368336531392	0.918802425544698	ok
f1.5_r030	control	150	113	-129.634172562791	-131.184324698861	2.00956717492091	1.8846868271297	1.61263411781966	0.641663213148061	5.03859292322889e-10	0.183925830443746	3.10030427214042	0.212215685710251	ok
f1.5_r031	driver	150	56	-162.604813204973	-164.786097959107	1.15489376370892	2.18927663392729	0.327095327173852	1.73987286543289	3.55353119481623e-08	0.0881401080109579	4.3625695082664	0.112896393319586	ok
f1.5_r031	control	150	41	-163.067899642309	-164.979660615749	1.31045352295093	1.57660371458406	0.251383114591321	1.20015161956403	1.02535349508457e-09	0.090092126126218	3.82352194687957	0.147819850433673	ok
f1.5_r032	driver	150	126	-147.743755633561	-148.437366018419	1.25194811845041	1.8582809807819	0.5999383227651	1.03846687798557	0.167355465951487	0.0770793791505205	1.38722076971533	0.499768451482415	ok
f1.5_r032	control	150	125	-154.377828946838	-156.043449964253	1.45890096451586	1.81531008378229	1.50805803607639	0.891450728475444	0.0756054304350817	0.179949989212382	3.33124203482993	0.189073203762959	ok
f1.5_r033	driver	150	133	-142.702692442522	-148.838370253431	0.431314152239736	1.68291321731121	0.795130813142843	0.392811524877826	2.06834182973005e-08	0.188229604333231	12.2713556218181	0.00216425776309069	ok
f1.5_r033	control	150	78	-126.268925740979	-126.693617841534	1.43379630496822	1.59257389178516	3.25493862792188e-06	0.574799421428067	1.0549067172877e-08	0.0879953647086791	0.849384201111405	0.653971111475932	ok
f1.5_r034	driver	150	129	-121.410453319246	-128.428010684241	0.539980737854411	2.32443824206978	0.0172832170424748	1.22734188179331	4.37838053841387e-08	0.0978451072129486	14.0351147299908	0.000896011450947747	ok
f1.5_r034	control	150	96	-115.066651359645	-117.981433702281	1.19727801313533	2.52088906017729	0.0616411017168955	1.53620225570758	1.26811401129172e-07	0.0656325808990109	5.82956468527294	0.0542158302235045	ok
f1.5_r035	driver	150	98	-163.46586812237	-163.972269756054	1.480537962008	1.44963488404704	0.859526297139951	0.392155327844509	0.00326970600872001	0.175990674383998	1.01280326736833	0.60266027422365	ok
f1.5_r035	control	150	0	NA	NA	NA	NA	NA	NA	NA	NA	NA	NA	skipped_invariant
f1.5_r036	driver	150	111	-169.389515684988	-172.627087977826	1.03773930405278	1.86861969534185	0.65702677500122	0.847581716873215	2.88317710798332e-08	0.199898746241902	6.47514458567576	0.0392590890724066	ok
f1.5_r036	control	150	131	-149.38688808262	-149.611487395709	1.89731511270936	1.58223713353204	1.59831085054578	0.587014385161827	1.99303652026025e-07	0.105080776922637	0.449198626176837	0.798836237866371	ok
f1.5_r037	driver	150	119	-134.616286867494	-135.406377126827	1.90278589423515	1.46544464457693	1.19995553932047	1.57208182147764e-06	0.000192139961407815	0.180663069488153	1.58018051866645	0.453803833402369	ok
f1.5_r037	control	150	65	-122.703624255688	-122.902150509113	1.48038431176597	1.51259443031852	4.11554705291849e-08	0.269997847202786	7.33342058449919e-10	0.16081488300418	0.397052506851139	0.819938244270167	ok
f1.5_r038	driver	150	97	-163.488684387477	-163.95710524193	1.09297328226069	1.30217689607798	0.079082400804476	0.0320415471455987	1.98028155901115e-08	0.188786901621886	0.9368417089064	0.625990017526046	ok
f1.5_r038	control	150	136	-155.685781326874	-160.820801265077	0.376777685155477	1.3130067508983	0.786148791408756	1.68010691309426e-05	4.50907095841499e-07	0.161923983003331	10.270039876405	0.00588693412915686	ok
f1.5_r039	driver	150	134	-164.068828448396	-166.123139483031	0.895709867181197	1.44751207111784	0.972883351159597	0.435229678553347	0.00997618554723613	0.11855526677378	4.1086220692697	0.128181117512875	ok
f1.5_r039	control	150	112	-164.701591927318	-164.879425971186	1.607183104436	1.33560126070341	0.899425504187394	0.337622545329106	1.07917346832773e-06	0.1315430992427	0.355668087736149	0.837081330741951	ok
f1.5_r040	driver	150	102	-152.723621627444	-156.060100866851	0.923423161030046	1.82891481207615	0.146506779023865	0.780958001170365	1.61666355592986e-08	0.135051900250433	6.67295847881468	0.0355619426577808	ok
f1.5_r040	control	150	49	-144.572723319634	-148.476464723774	1.5664379963555	1.09564014189815	3.72789684856031e-06	0.332845822006336	5.93814680273805e-07	0.148885019761391	7.80748280827851	0.0201663197722132	ok
f1.5_r041	driver	150	133	-120.306386313871	-122.735361422878	0.75833847788272	1.65583406202219	4.33995098739653e-06	0.247652128980651	1.96927655381017e-08	0.0815734331562117	4.85795021801417	0.0881271069919437	ok
f1.5_r041	control	150	113	-139.862869230902	-140.015984282429	1.29439683156089	1.50622386399532	2.97335263249962e-06	0.0724674929034987	3.67189654133241e-08	0.162994064842413	0.306230103052997	0.858030998356217	ok
f1.5_r042	driver	150	119	-119.483991812859	-121.39802447395	1.03849096394459	1.78736029208635	0.0462716247633694	0.361216857542879	8.98705528202668e-08	0.115309466294149	3.82806532218297	0.147484431033068	ok
f1.5_r042	control	150	117	-144.58763475657	-146.130941756586	1.092187570364	1.84851773452242	0.177571083715441	0.484717158849932	0.323386594342967	0.2202478647729	3.08661400003092	0.213673314092652	ok
f1.5_r043	driver	150	120	-154.672173017508	-155.406299173155	1.10013899952924	1.49814177697845	0.280084218634204	0.348448957475235	6.08743151657534e-08	0.113524342089905	1.46825231129435	0.479924655241838	ok
f1.5_r043	control	150	51	-131.77729265691	-132.225345050798	1.54031751691592	1.16413989082046	0.406443861241112	9.23072260356661e-07	5.61374437721904e-11	0.126955698187578	0.896104787775698	0.638871210208474	ok
f1.5_r044	driver	150	113	-172.118829434636	-175.152298216659	1.03782655537967	1.61185912886454	0.695873717294658	0.647809451900666	5.25012125960352e-08	0.151899319730817	6.0669375640469	0.0481483320509959	ok
f1.5_r044	control	150	129	-160.3996987465	-161.605970034115	1.06746981039433	1.58531180326685	0.772749097284582	0.753408011045719	6.9746266393067e-08	0.0849212518802208	2.41254257522883	0.299311246860472	ok
f1.5_r045	driver	150	0	NA	NA	NA	NA	NA	NA	NA	NA	NA	NA	skipped_invariant
f1.5_r045	control	150	81	-209.469371403687	-212.075176701176	0.686937585453857	1.26752961840139	1.40570759033157e-09	0.563530800263889	4.5717032938252e-08	0.102426863051569	5.21161059497922	0.073843647143507	ok
f1.5_r046	driver	150	129	-160.153819585354	-160.343065754487	1.19072499759478	1.25106084355556	0.376783554764075	1.73626257138932e-06	0.278950542799162	0.125711186221409	0.378492338266369	0.827582756287478	ok
f1.5_r046	control	150	121	-148.641847042256	-148.911157047257	1.14333446279946	1.25939026499737	0.180860950948955	1.72829822395318e-06	5.76874255173642e-09	0.087508670874521	0.538620010000386	0.763906404132558	ok
f1.5_r047	driver	150	123	-104.096996863142	-104.962702463577	2.31017663196266	1.64426673296036	1.59328050885778	1.08239519908807e-06	1.89478719837949e-06	0.157847396792799	1.73141120086865	0.42075456325915	ok
f1.5_r047	control	150	94	-111.457666171273	-112.294258800682	1.70754078964093	1.9371498884877	8.06099939871063e-08	0.713670828551442	1.34927109017976e-11	0.101776011284107	1.67318525881805	0.433184030136497	ok
f1.5_r048	driver	150	118	-143.632843091647	-144.170789749097	1.10264720681477	1.44021271984666	6.32737256097843e-08	0.066753675193003	2.42441327654477e-08	0.12023965332431	1.0758933149009	0.583946063493683	ok
f1.5_r048	control	150	144	-122.056269367915	-124.195995600877	0.295767560843193	1.42999956334808	0.206057017238608	0.0740746069008747	1.99713357089944e-05	0.0518925544738985	4.27945246592301	0.117687057449141	ok
f1.5_r049	driver	150	136	-114.645432001839	-115.933682763938	0.842308028914643	1.58769631796367	0.0288430441812243	5.2526833182711e-06	0.129719172122409	0.0966439323596244	2.57650152419757	0.275752718563642	ok
f1.5_r049	control	150	126	-119.928514689082	-120.725729227111	1.18359326109852	1.59064954020036	0.127250340052437	2.73745513264494e-05	4.25771297968773e-06	0.113454449943492	1.59442907605796	0.450582297605268	ok
f1.5_r050	driver	150	117	-155.857258826029	-157.389107884747	1.09330405090723	1.41240755553906	0.473518737873364	3.28320240791887e-07	1.90268404696613e-08	0.200770926836691	3.06369811743531	0.216135650094311	ok
f1.5_r050	control	150	0	NA	NA	NA	NA	NA	NA	NA	NA	NA	NA	skipped_invariant
f1.5_r051	driver	150	131	-150.182260490095	-151.095833430594	1.59463192881405	1.27266001149775	1.29060841753342	1.46125848870644e-05	2.89015185376851e-06	0.128769920323559	1.82714588099759	0.401088595167357	ok
f1.5_r051	control	150	105	-162.265250123316	-162.366038536994	1.39687982943384	1.22245572706622	0.24661762841836	1.12593905863303e-08	7.36465944389631e-08	0.161586065257958	0.201576827356405	0.904124312986857	ok
f1.5_r052	driver	150	140	-140.022675779406	-143.344015965591	0.473979528923405	1.70216991693917	0.529522580203944	0.703006560368289	1.09653154051435e-05	0.0718796894287769	6.64268037237133	0.0361044126808906	ok
f1.5_r052	control	150	92	-143.256455835585	-143.460383824587	1.72407959328551	1.56830591300278	0.6513024584184	0.682991004141348	4.45502594449662e-10	0.106774402124804	0.407855978004704	0.815521095560561	ok
f1.5_r053	driver	150	119	-157.402780104205	-157.465823219407	1.6227998442221	1.48069041337367	0.862426769462448	0.497934065088405	0.00509576585566131	0.102420731077721	0.126086230403416	0.938902991824571	ok
f1.5_r053	control	150	0	NA	NA	NA	NA	NA	NA	NA	NA	NA	NA	skipped_invariant
f1.5_r054	driver	150	133	-123.490598455887	-124.703978817021	2.31135252997718	1.67820179807616	2.53195860401368	0.32657694628636	2.54936092034407e-08	0.178920481549687	2.42676072226868	0.297190966744529	ok
f1.5_r054	control	150	66	-117.092333988626	-117.568089635713	1.89640715789077	1.51052686690459	0.867837098465327	0.0119384281775497	8.20166018895073e-10	0.216880151615548	0.951511294173258	0.621415308338138	ok
f1.5_r055	driver	150	109	-159.403390264567	-160.957681413282	1.03514122459787	1.84901212213971	0.069951862629486	0.989774364824225	5.25823400196777e-11	0.100232943534593	3.10858229743053	0.211339137576897	ok
f1.5_r055	control	150	122	-153.896097473514	-154.508718979289	1.30987844876483	1.66458415255105	0.772244943739342	0.705740260168593	0.086035609574551	0.123504381997999	1.22524301155033	0.541928337035928	ok
f1.5_r056	driver	150	127	-167.034648626693	-169.861024707272	0.487693647673636	1.38102585728379	1.24170933018152e-06	1.03297283111472e-08	0.282496412597034	0.197843261728967	5.65275216115776	0.0592270994662377	ok
f1.5_r056	control	150	101	-155.116505093628	-155.423076865587	1.45056426723276	1.2324794716319	0.0341111903095804	1.60705883572533e-08	0.0350765409635629	0.132382319968655	0.613143543917829	0.735965694584162	ok
f1.5_r057	driver	150	107	-142.169665840513	-143.682325030521	0.952176658666536	1.41691919473565	8.10776633810598e-06	0.221039366593151	2.66048063806458e-07	0.0554538815870013	3.02531838001647	0.220323316720825	ok
f1.5_r057	control	150	106	-166.530741502964	-166.978405666537	1.31032421399824	1.25723777441534	0.525015389704696	0.0285853366116543	7.72799945907174e-10	0.169189372272764	0.89532832714599	0.639119287532018	ok
f1.5_r058	driver	150	142	-108.893968311507	-109.864281286139	1.38749103644721	2.01146874730033	1.8751406340609	0.916164553080118	2.31062305719409e-08	0.0815798997627738	1.94062594926481	0.378964413293143	ok
f1.5_r058	control	150	76	-105.09903098704	-105.101097489035	1.94777763498481	1.98311899566283	0.893506949998462	0.928642448202467	4.64646560297955e-10	0.076906728394923	0.00413300398949445	0.997935631750451	ok
f1.5_r059	driver	150	112	-170.615503830277	-172.374835458772	0.90692002150042	1.28100749927575	0.218224897067843	1.12761281285531e-05	1.11532953349791e-08	0.175487287304649	3.51866325698978	0.172159892144174	ok
f1.5_r059	control	150	51	-140.401058481975	-141.471142989162	1.21364294357711	1.56065673975984	1.11461275734182e-08	0.82287107329427	2.37302639799079e-08	0.0766799378495683	2.1401690143731	0.342979531958694	ok
f1.5_r060	driver	150	109	-152.073166103124	-152.671095303657	1.44500598210958	1.51608336949113	0.729766921557027	0.253055965493765	5.30608761167728e-10	0.197087771771145	1.19585840106538	0.54994929246026	ok
f1.5_r060	control	150	133	-135.886256028665	-136.732548913733	1.40756658013409	1.48271684900921	0.980999453052304	0.228510586949333	3.49315495040429e-09	0.094272950118383	1.69258577013738	0.429002348775178	ok
f1.5_r061	driver	150	125	-116.282710491441	-116.657605726756	1.69849877846151	1.8314469795061	0.965599477289915	0.698269674752973	3.14303644507729e-09	0.0645697786680939	0.749790470629478	0.6873612862078	ok
f1.5_r061	control	150	0	NA	NA	NA	NA	NA	NA	NA	NA	NA	NA	skipped_invariant
f1.5_r062	driver	150	104	-158.712080481117	-161.946859569453	0.85133306463698	1.65403134125722	3.31210420056729e-08	0.744228952000868	6.54832349068271e-08	0.0828976897613213	6.46955817667191	0.039368901028975	ok
f1.5_r062	control	150	128	-161.808072075397	-163.427234989346	1.23564011536929	1.24581472847743	0.99394573650607	0.108255968483472	1.05875969938701e-08	0.128420446960708	3.23832582789765	0.198064426678615	ok
f1.5_r063	driver	150	111	-152.955139093561	-152.955208831559	1.32220685177343	1.32629145082154	0.099114090045416	0.100649408325719	3.63751706365603e-08	0.127167138307523	0.000139475995752036	0.999930264433762	ok
f1.5_r063	control	150	119	-156.912685685231	-159.743622518237	2.72649221030013	1.31175466395823	2.66354669114618	3.16041468965938e-08	2.09372919326312e-10	0.265854290921013	5.66187366601207	0.0589575943687599	ok
f1.5_r064	driver	150	139	-130.11317538499	-131.100280171107	0.604883727110878	1.91192506501431	1.75523657446096e-07	0.756291346091599	3.17300074167663	0.29257597404589	1.97420957223511	0.372654043847159	ok
f1.5_r064	control	150	115	-135.831114008815	-136.594041350654	1.29521971330294	1.99897485310484	0.129681294195769	0.943250656319153	8.52318247122777e-08	0.117817408995465	1.52585468367721	0.466299409351807	ok
f1.5_r065	driver	150	124	-147.152619455947	-152.477948099024	0.611350257576901	1.84553208732943	0.0608812186106786	0.87386438668001	1.02544826172129e-08	0.0798202132682426	10.6506572861549	0.00486675132724774	ok
f1.5_r065	control	150	110	-150.620207915394	-151.56185878681	1.48768705398067	1.63775945083624	0.917903979857685	0.630912836670745	0.0417287344605534	0.0943668873328941	1.88330174283334	0.38998349104172	ok
f1.5_r066	driver	150	122	-147.317686391791	-147.594240153819	1.97064772611688	1.62068758923738	1.47943056614733	0.782222170615474	0.0466033035893375	0.0777960284330542	0.553107524057111	0.758392845297833	ok
f1.5_r066	control	150	98	-152.73319875929	-153.14996015897	1.37024542433711	1.83782923429456	0.43077515451432	1.13825290392178	3.14083549747937e-08	0.090363721928215	0.833522799360367	0.659178181306945	ok
f1.5_r067	driver	150	124	-144.886669813342	-147.067761607047	0.822764152759404	1.71109067400177	0.0344867270571182	0.537438123800836	0.040052331360327	0.119002009279252	4.36218358741058	0.112918179957862	ok
f1.5_r067	control	150	98	-145.802772578982	-145.836928228607	1.5487094977167	1.48971868004196	0.476377229661679	0.276657644177783	3.28232041517888e-09	0.164420962480231	0.0683112992509223	0.966421069852691	ok
f1.5_r068	driver	150	103	-178.117802091272	-181.338725695179	0.872932731791433	1.60658911998315	0.338607182616452	0.694390161879002	4.05393155040984e-09	0.152010412814916	6.44184720781408	0.0399181726492079	ok
f1.5_r068	control	150	114	-169.150238879601	-170.630345691489	0.973667299338319	1.50240147768087	0.409589253656986	0.633146534346391	2.11443717311728e-08	0.0983113334247359	2.96021362377587	0.227613375271039	ok
f1.5_r069	driver	150	116	-161.236806670945	-162.209869861666	1.01192919523647	1.32629373429675	0.251318910042735	9.39718255529545e-07	3.81497342191889e-07	0.176567146813774	1.94612638144196	0.377923611138149	ok
f1.5_r069	control	150	109	-149.344926128946	-150.109257343155	1.16191112711224	1.33016114208272	0.277283746467811	2.49015107713781e-07	2.31529580906818e-09	0.138295880073091	1.52866242841839	0.465645243784518	ok
f1.5_r070	driver	150	112	-154.556610155036	-155.387335678114	1.01839200084017	1.44299141212849	8.739944890335e-08	0.381373878536513	3.33698839758758e-07	0.0754764142981345	1.66145104615634	0.435733037237965	ok
f1.5_r070	control	150	46	-155.507852648456	-155.715773392234	1.17598178703633	1.4613007285285	4.60041609022575e-07	0.466827894197384	3.61088650322279e-08	0.234955379301053	0.41584148755669	0.812271411723897	ok
f1.5_r071	driver	150	109	-157.69137888042	-161.47124868938	0.971883357679091	1.3948065375681	0.436603543973169	4.02207939638297e-09	0.0681940697422099	0.112856719473907	7.55973961791909	0.0228256629284629	ok
f1.5_r071	control	150	23	-138.736337890467	-142.548756726854	1.31661587241345	0.980391897988134	2.71032960834879e-07	0.44043145967328	1.08831576032592e-08	0.126234706281662	7.62483767277308	0.0220946708756162	ok
f1.5_r072	driver	150	7	-159.646902876624	-160.596065329874	1.07112157577385	1.92648716832866	0.1694677688492	1.8178197633859	1.75722160677434e-11	0.142141206595604	1.89832490650059	0.387065072825979	ok
f1.5_r072	control	150	100	-185.791512065646	-187.472085568354	0.867430125098136	1.39925597949589	7.98353815402488e-08	0.695123376065521	7.17374165405647e-08	0.0736817396106701	3.36114700541532	0.186267120703355	ok
f1.5_r073	driver	150	69	-165.875681516395	-166.841439859943	1.23680068317719	1.79116199751587	0.517112635570482	1.03769792475551	8.26935805025643e-10	0.160156712660664	1.93151668709703	0.380694393108886	ok
f1.5_r073	control	150	103	-158.589880646229	-159.399193230667	1.42536547273561	1.4164284427245	0.168697881272026	0.733908377966324	0.0282909045987115	0.0461603105064379	1.61862516887641	0.445163973711192	ok
f1.5_r074	driver	150	0	NA	NA	NA	NA	NA	NA	NA	NA	NA	NA	skipped_invariant
f1.5_r074	control	150	103	-228.968499778027	-230.876934265266	1.15743701817229	1.37245831362526	1.11863849847267	0.819924721495499	0.03678660459115	0.184595233961599	3.81686897447736	0.148312389885051	ok
f1.5_r075	driver	150	125	-158.617265389514	-159.698991815305	1.30064617955595	1.64881418324381	0.991147393143465	0.779543003258924	8.54034967084954e-10	0.100187161437097	2.16345285158172	0.339009744969933	ok
f1.5_r075	control	150	106	-161.059618847124	-162.178820992781	1.19039448986408	1.7961851514091	0.556798219094492	0.986510245191271	0.0346921590728485	0.123345653714859	2.23840429131349	0.326540222252139	ok
f1.5_r076	driver	150	119	-140.504983861059	-142.45580441538	0.980894317251092	1.72104660630091	5.61135014972519e-07	0.721087396380119	1.09328760252863e-06	0.0606589624555996	3.90164110864214	0.142157375866434	ok
f1.5_r076	control	150	132	-155.819502021095	-156.638545791174	1.0274421118621	1.49800954226676	0.798042110505238	0.303415980409122	0.592620465396035	0.192668280072577	1.6380875401565	0.440853009856713	ok
f1.5_r077	driver	150	117	-142.516343751464	-153.136171986697	0.599198124356287	1.71361734700162	0.014556174054676	0.340083867830967	0.0371275884493022	0.0694834681302195	21.2396564704667	2.44268349922161e-05	ok
f1.5_r077	control	150	119	-153.627812003856	-155.833237882102	2.85834724281676	1.280203124492	2.23306142437533	0.244129870369106	5.14514807514644e-09	0.132026814979757	4.41085175649289	0.110203582000874	ok
f1.5_r078	driver	150	135	-135.861658127793	-136.429930188617	1.1986553342759	1.33026702455685	0.554693732693458	2.11784648729779e-05	8.69325136486925e-08	0.0715888992091257	1.1365441216484	0.566503477011985	ok
f1.5_r078	control	150	115	-161.82916539988	-162.011323499823	1.42603760369903	1.32003012255922	0.545239288298327	1.80903320547251e-06	8.68527545214073e-08	0.178164334515381	0.364316199885764	0.83346955850906	ok
f1.5_r079	driver	150	129	-143.417904777763	-145.67148975976	1.31050046205799	1.44296902583296	1.46135285403767	2.71307621266515e-07	6.71379375322133e-08	0.226003217511991	4.50716996399439	0.105022046731119	ok
f1.5_r079	control	150	48	-115.858719669673	-116.485180052338	1.32999823041574	1.82287543865402	3.73771677990021e-06	0.826866221181767	1.42563425457623e-07	0.0837178727125019	1.25292076532904	0.534480312510759	ok
f1.5_r080	driver	150	127	-124.869054018572	-125.023800440242	1.6207720907381	2.06825200797656	0.473941178287625	1.21453771880008	0.1330062046331	0.0567324377099124	0.30949284334082	0.856632373350674	ok
f1.5_r080	control	150	0	NA	NA	NA	NA	NA	NA	NA	NA	NA	NA	skipped_invariant
f1.5_r081	driver	150	117	-139.233801162652	-141.414023121507	2.59491524596069	1.48945958467722	2.30204024509804	1.72680622007959e-08	8.80827709797542e-07	0.287118159601712	4.3604439177098	0.113016442856084	ok
f1.5_r081	control	150	112	-129.441142210492	-129.552168787372	1.59771728283303	1.44486733673956	7.73680922698974e-06	0.0226239414714119	1.48209446473118e-09	0.130894842821085	0.222053153761067	0.894914964564875	ok
f1.5_r082	driver	150	137	-125.439152632668	-127.566846825311	0.734283654493532	1.74705083030537	0.344865052381209	0.507412018251649	8.41315115862402e-09	0.0825148788004777	4.2553883852861	0.119111625915754	ok
f1.5_r082	control	150	96	-135.670034008164	-135.862692459852	1.86413410025825	1.52159174694073	0.759101283684469	0.241153451759426	1.27559449308478e-08	0.200755426314594	0.385316903376406	0.824763622661033	ok
f1.5_r083	driver	150	119	-169.094413437013	-169.436520165868	1.50663837263459	1.42622347956103	0.974704457446017	0.378642333299267	1.4196013438885e-08	0.144784235830655	0.684213457710939	0.710272394103965	ok
f1.5_r083	control	150	80	-156.235948396194	-157.260294344387	1.82799939238538	1.1553380771948	1.0030791467035	1.39773314699769e-06	5.94971123893065e-09	0.20498678585467	2.04869189638572	0.359031213642932	ok
f1.5_r084	driver	150	124	-182.406208920405	-183.741472709192	1.04442981241568	1.22816563009138	1.01365895737272	7.43904058360454e-09	0.266313700477847	0.260239576174431	2.67052757757455	0.263088766435127	ok
f1.5_r084	control	150	117	-165.027453303403	-167.812202703342	0.746484769410937	1.3034754430695	1.63786193811888e-08	0.10485039062356	2.63031817334688e-08	0.0973424315993746	5.5694987998786	0.0617445602828842	ok
f1.5_r085	driver	150	88	-167.35792514036	-169.116686111013	0.930459238977448	1.4605736538873	0.0267385532926255	0.389596782595222	2.00944131977775e-10	0.117892912652042	3.51752194130705	0.172258164573894	ok
f1.5_r085	control	150	90	-168.930107613552	-169.666305561131	1.02999241254683	1.45886545130609	3.95198182489069e-05	0.552059734704036	7.01456136018565e-08	0.107075083311469	1.4723958951576	0.478931380497908	ok
f1.5_r086	driver	150	115	-155.888547904708	-157.076735304644	1.29688412498397	1.77225917726456	0.845356219613391	0.793436691888309	6.48303114261963e-09	0.157988225552101	2.37637479987239	0.304773195613825	ok
f1.5_r086	control	150	102	-163.962325854743	-164.885112816185	1.74667755552705	1.59372947716727	1.30106017567042	0.496922701953261	2.61011363742743e-09	0.238273670860539	1.8455739228836	0.397409930125813	ok
f1.5_r087	driver	150	136	-126.433677250291	-126.55333026644	2.0089695382618	1.66009562915055	1.48286435738986	0.383541352543559	0.87115604263156	0.157618561909935	0.239306032297492	0.887228237183853	ok
f1.5_r087	control	150	81	-136.632756042831	-137.708539216199	2.14761606358179	1.36646879302827	1.02705880384366	0.00343370400042285	3.34685525372234e-10	0.262758460834094	2.15156634673616	0.341030564630422	ok
f1.5_r088	driver	150	137	-132.617385994993	-133.762828461058	0.880386786725509	1.43046911452418	0.505573704176111	2.06293851429916e-06	1.18448959131544e-09	0.0994609602874909	2.2908849321293	0.31808314565158	ok
f1.5_r088	control	150	140	-125.989417292101	-127.727131777416	0.58282788168891	1.43273956515761	0.162206837974718	8.59623771027415e-07	0.105443479802203	0.0789187783530549	3.47542897063022	0.175922013841745	ok
f1.5_r089	driver	150	84	-153.624691394782	-154.779473604252	1.07833046026557	1.52016482679442	0.240229444777733	0.520058304397802	1.30523610005435e-08	0.0843282199966429	2.30956441893943	0.315126160924005	ok
f1.5_r089	control	150	40	-162.201474284316	-163.426578822933	1.36694375886493	1.06592535627892	0.206352769128627	0.280098705799683	4.72560882495484e-09	0.226026452258358	2.45020907723415	0.29372699290487	ok
f1.5_r090	driver	150	137	-141.005421836244	-141.927214857004	9.84206959201666e-08	1.69762387982531	1.67886923752464	0.230094995902874	3.16917133671774	0.568613616709776	1.84358604152055	0.397805128391888	ok
f1.5_r090	control	150	99	-141.028680558777	-142.665091470747	2.33836242695027	1.38386616248418	1.52486415702396	1.90206038358685e-06	5.78312589399997e-08	0.270585033584776	3.27282182394106	0.194677504616777	ok
f1.5_r091	driver	150	129	-154.774877845392	-157.510020259995	0.858019407640233	1.81428422134534	0.558518235579534	0.981113490481972	0.0325586990157607	0.0874703094827363	5.47028482920462	0.0648847659077117	ok
f1.5_r091	control	150	101	-156.403205118742	-156.772521477298	1.34785402367349	1.81005008145562	0.42674377529189	1.09353045206367	0.0221483674415628	0.0819824024746864	0.738632717112296	0.691206706702	ok
f1.5_r092	driver	150	130	-147.170171660815	-148.7657408781	0.998257680118349	1.39381315547995	0.655525842412766	0.0814790965468746	1.95827598076765e-09	0.136584349432193	3.19113843457126	0.202793062326508	ok
f1.5_r092	control	150	134	-153.054768660157	-156.080926016801	0.573507236005441	1.46452335788517	0.730904022918674	0.184047568812263	2.72549804436709e-07	0.153075283678561	6.05231471328841	0.0485016550613718	ok
f1.5_r093	driver	150	112	-183.720208886498	-183.855493109687	1.02291589915672	1.16876006824198	0.0418589968970498	0.0653116327682801	0.0742566527699082	0.144267517253834	0.270568446377695	0.873467616652743	ok
f1.5_r093	control	150	111	-166.761035952664	-166.795915023512	1.16411038898512	1.12122360879911	0.176990646648622	6.16620392758994e-07	3.48780128195976e-07	0.109882074668978	0.0697581416956154	0.96572219316263	ok
f1.5_r094	driver	150	136	-137.238836735744	-142.155034737303	0.396832411334454	1.68254048384333	1.26999607951011e-08	0.504666836029671	0.14588375199227	0.0909367529537746	9.8323960031172	0.00732693495298307	ok
f1.5_r094	control	150	105	-154.208547182467	-154.684020516152	1.34148988389828	1.61780844491263	0.510109273732604	0.459089316100399	1.55150827902531e-09	0.191013229809723	0.950946667370374	0.62159076697354	ok
f1.5_r095	driver	150	119	-148.98736475183	-149.380926106353	1.23721123012875	1.43662038328924	0.427394796832529	0.285589298595944	3.63832072760536e-10	0.109791891240941	0.787122709044752	0.674649923483202	ok
f1.5_r095	control	150	99	-148.478357608435	-148.739530227018	1.37482972395581	1.37009370174817	3.42600706530241e-07	0.326978475246854	1.24041668835774e-09	0.0983331271697085	0.52234523716578	0.770147966289745	ok
f1.5_r096	driver	150	131	-151.82092094948	-153.236412812683	0.891735662291263	1.58663092567287	0.450273785430264	0.565829104297534	2.07023166156912e-07	0.0938471563926528	2.83098372640495	0.242806156659156	ok
f1.5_r096	control	150	98	-157.466174208378	-157.6340523749	1.30009189228732	1.54801034223098	0.297973254414258	0.545503877009675	3.35582966923938e-10	0.143831314708402	0.335756333043946	0.845456833356718	ok
f1.5_r097	driver	150	128	-147.117172338449	-152.528855396175	0.497476633500396	1.68730653759585	0.0389629428127609	0.408400647846811	0.10329930031144	0.150254569449743	10.8233661154517	0.00446412051256197	ok
f1.5_r097	control	150	119	-153.829689649203	-156.063127004548	1.00277116350087	1.59223450269447	0.448390169287669	0.272300565849706	1.43653747614197e-09	0.18337799078424	4.46687471069043	0.107159451230814	ok
f1.5_r098	driver	150	97	-177.03603776949	-180.844510068843	0.710534871038328	1.25995662578294	9.375696052677e-06	0.0944645247871224	1.35692835283247e-07	0.167505008351383	7.61694459870552	0.0221820406030087	ok
f1.5_r098	control	150	106	-176.573444557263	-176.971663710146	0.917039223016794	1.14478844940417	1.45186805174512e-08	0.147116836602921	5.79178760602937e-09	0.080423840596103	0.796438305766173	0.671514847120297	ok
f1.5_r099	driver	150	128	-147.128121196872	-149.433285808932	1.02186570497712	1.665367703424	0.820571540133674	0.539611380159224	4.46717109894622e-10	0.1428343818109	4.61032922411937	0.0997423805034859	ok
f1.5_r099	control	150	134	-130.605469565685	-132.037665275239	0.873363020604247	1.72534266773107	5.15340191824768e-06	0.725428489226438	3.07521757192109e-07	0.0378638772639647	2.86439141910887	0.238784045805703	ok
f1.5_r100	driver	150	112	-151.517923592389	-154.495778258468	1.60323827219289	1.9773364710183	1.49739256128028	0.766778558131908	9.62650600419471e-10	0.288713825593097	5.95570933215964	0.050901918423855	ok
f1.5_r100	control	150	0	NA	NA	NA	NA	NA	NA	NA	NA	NA	NA	skipped_invariant
f1.5_r101	driver	150	133	-146.690416485329	-149.193993083715	1.49325513404698	1.5414771280004	2.48126613370729	0.167746510696101	2.86351459159601e-08	0.268675748511528	5.00715319677118	0.0817919379429224	ok
f1.5_r101	control	150	121	-140.923937788101	-140.945238327033	1.50286648056236	1.53823693481574	0.194884899173172	0.388604530380327	0.0857968927068214	0.0858429727115905	0.0426010778651857	0.978924715365959	ok
f1.5_r102	driver	150	126	-159.833394159612	-160.409397190768	1.20255091039723	1.46186107443893	0.653393169850597	0.421570933991565	5.46322668567856e-09	0.104827760100858	1.15200606231286	0.562140741257716	ok
f1.5_r102	control	150	100	-163.267667544641	-163.437867641853	1.60661136142765	1.32414726658736	0.702363977165853	0.270276144603734	2.09723896022038e-09	0.16429342369236	0.340400194422557	0.843496018507906	ok
f1.5_r103	driver	150	125	-158.186173334858	-158.871611477829	1.72842437592388	1.41026390202395	1.50165125135679	0.155248862036282	0.132631103481978	0.202801902443415	1.37087628594293	0.503869414361603	ok
f1.5_r103	control	150	131	-150.038958664535	-150.657019929633	2.15757523981369	1.38423840416032	2.52462159800314	0.121308192323647	1.25866025008766e-08	0.197587727256562	1.23612253019667	0.538988380888658	ok
f1.5_r104	driver	150	119	-177.869709340804	-179.086184193096	1.22177701838284	1.45838241353559	0.968087458763503	0.570989913168398	2.37559858052469e-09	0.145217814960346	2.4329497045839	0.296272733391054	ok
f1.5_r104	control	150	42	-158.055677769224	-159.619332228244	1.18767641343103	1.83638696226647	0.132373359757108	1.38079584423997	4.80201480874372e-08	0.0861987780301147	3.12730891803881	0.209369539023369	ok
f1.5_r105	driver	150	134	-146.784444433882	-150.011053988583	0.736600836481912	1.57858550437203	1.26527074678195	0.316791919609517	6.26671990213602e-08	0.194302662294437	6.45321910940174	0.039691843940463	ok
f1.5_r105	control	150	98	-138.548392996194	-138.813748554076	1.32877700699892	1.60730578823956	1.32532306828698e-06	0.577398969063174	8.36524466695199e-09	0.0894729417125625	0.530711115762983	0.766933212343495	ok
f1.5_r106	driver	150	125	-147.260821557735	-148.926596157823	1.29712027118708	1.71399849693459	1.00777505634887	0.712997027712068	1.20284976799556e-08	0.120337409915999	3.33154920017608	0.189044167624699	ok
f1.5_r106	control	150	124	-152.110931619795	-153.454828292268	2.00823598914207	1.61289697788498	1.96118819606987	0.579184754147295	0.0147467671507881	0.178517937896573	2.68779334494718	0.260827327131332	ok
f1.5_r107	driver	150	144	-105.060861045211	-107.14296900409	0.64793062098068	1.94194867444937	1.52976506312909	0.707815434565814	1.5502459043191e-06	0.0841745061452707	4.16421591775764	0.124667141816731	ok
f1.5_r107	control	150	42	-98.4245617445769	-100.587628484771	1.56011182380995	2.67425705024681	0.0134807731054139	2.06442161479566	3.85382689446858e-08	0.0860773064713131	4.32613348038731	0.114971990610438	ok
f1.5_r108	driver	150	0	NA	NA	NA	NA	NA	NA	NA	NA	NA	NA	skipped_invariant
f1.5_r108	control	150	0	NA	NA	NA	NA	NA	NA	NA	NA	NA	NA	skipped_invariant
f1.5_r109	driver	150	136	-139.033832941309	-141.300107565332	0.805219375084735	1.77460243077098	1.14000080520913	0.672366818961469	8.09051653737282e-08	0.134322955374662	4.53254924804543	0.103697774593252	ok
f1.5_r109	control	150	98	-142.638407447761	-142.819531676437	1.49982295743717	1.76215295896563	0.272450018534081	0.822973645990853	1.23075378297169e-09	0.110025682433574	0.362248457352109	0.834331704334481	ok
f1.5_r110	driver	150	142	-122.718676753998	-123.572547327989	2.10498040707115	1.80238449446402	3.10848475904658	0.736727360324351	7.90761278741034e-09	0.111442063272563	1.70774114798357	0.425763788327566	ok
f1.5_r110	control	150	0	NA	NA	NA	NA	NA	NA	NA	NA	NA	NA	skipped_invariant
f1.5_r111	driver	150	70	-161.191009176835	-162.066848547451	1.1112821934674	1.46574113635762	0.36304944818526	0.550686850392524	1.77637349394882e-07	0.0892005265982522	1.75167874123156	0.416512264755893	ok
f1.5_r111	control	150	4	-150.457288481401	-150.997461983701	1.27833561696917	0.954141860889821	0.417336034980924	0.532437827916177	1.00941088028598e-10	0.397782014560455	1.08034700459928	0.582647152982835	ok
f1.5_r112	driver	150	0	NA	NA	NA	NA	NA	NA	NA	NA	NA	NA	skipped_invariant
f1.5_r112	control	150	0	NA	NA	NA	NA	NA	NA	NA	NA	NA	NA	skipped_invariant
f1.5_r113	driver	150	128	-147.839842025633	-150.071472897197	0.725839917443273	1.37309721989803	0.10575884021833	4.93298901957931e-06	1.13715864845451e-05	0.126797031378029	4.46326174312787	0.10735320799801	ok
f1.5_r113	control	150	131	-156.27856092257	-156.665575558699	1.42162558299091	1.35978022930885	1.70876279117583	5.39521106588383e-08	0.180637707483198	0.227067781858612	0.774029272258304	0.679081155734401	ok
f1.5_r114	driver	150	0	NA	NA	NA	NA	NA	NA	NA	NA	NA	NA	skipped_invariant
f1.5_r114	control	150	67	-169.774662410684	-171.117833810756	1.02682634645395	1.61795331929733	1.40773829231468e-05	1.04305340333404	4.88313287842183e-10	0.0730298491248778	2.68634280014311	0.261016566610188	ok
f1.5_r115	driver	150	112	-156.836565455262	-159.267480977335	1.3878603700932	1.48595838159762	1.04910855543416	1.62217990930258e-05	6.30473513907169e-09	0.299177745576433	4.86183104414721	0.0879562698029818	ok
f1.5_r115	control	150	126	-144.624072574411	-145.091160295297	1.93877097519802	1.39322258740484	1.29406054432572	0.0413959250691388	0.295882077369206	0.167810878795504	0.934175441772368	0.626825102347151	ok
f1.5_r116	driver	150	121	-165.506962823205	-167.0756966425	0.888710186495251	1.55896491068897	5.98517783195524e-07	0.29095704680793	0.64052014390434	0.215271747801205	3.13746763859018	0.20830877199351	ok
f1.5_r116	control	150	43	-116.613645746019	-118.043272702403	1.28560260255641	2.02190975788041	8.6230035065469e-07	1.36297922487738	2.73178888749123e-07	0.0337934783671157	2.859253912767	0.239398211562939	ok
f1.5_r117	driver	150	135	-156.35352297916	-157.744303364522	0.6653056107352	1.20906103241378	0.0360095801375069	2.28338260580262e-06	1.18470529987412e-07	0.0719592262585534	2.78156077072464	0.248881005733687	ok
f1.5_r117	control	150	110	-181.036926763521	-181.298234570633	1.02209690231166	1.2026161324533	4.11888626725477e-08	4.91752235852054e-08	0.220121258630304	0.179420761192521	0.522615614224605	0.770043858156024	ok
f1.5_r118	driver	150	133	-126.258619767637	-127.097613888108	2.5408697382258	1.90811219093866	3.04593312360687	0.759980198920927	1.84010321890627e-08	0.190745426760676	1.67798824094254	0.432144990681159	ok
f1.5_r118	control	150	82	-111.632342363353	-112.658666982791	1.57313175274965	2.28880886268801	0.254883079777803	1.52216553379157	1.48865238101624e-08	0.0527091045145757	2.05264923887782	0.358321511269451	ok
f1.5_r119	driver	150	0	NA	NA	NA	NA	NA	NA	NA	NA	NA	NA	skipped_invariant
f1.5_r119	control	150	0	NA	NA	NA	NA	NA	NA	NA	NA	NA	NA	skipped_invariant
f1.5_r120	driver	150	101	-169.404671810094	-169.853531890113	1.13732561491688	1.43713920028423	0.257769400481284	0.447241391749283	1.82432760715363e-08	0.116969364201247	0.897720160037522	0.638355411122474	ok
f1.5_r120	control	150	133	-167.842562517732	-172.090069198994	0.622025596414108	1.4020026372234	0.798241344280659	0.301814731917774	1.54866665654617e-07	0.148138452348527	8.4950133625245	0.0142998435653482	ok
f1.5_r121	driver	150	119	-143.773902918601	-146.731073705225	0.898962561611593	1.69857313713623	0.167972639724506	0.42835521723664	5.04944639384567e-08	0.124490151686047	5.91434157324682	0.0519657315329968	ok
f1.5_r121	control	150	95	-135.894312295222	-136.791192731931	2.02685805402879	1.33226244830253	0.898299390567396	0.120941822894127	1.21013053563225e-08	0.143763060728469	1.79376087341848	0.407839959886937	ok
f1.5_r122	driver	150	0	NA	NA	NA	NA	NA	NA	NA	NA	NA	NA	skipped_invariant
f1.5_r122	control	150	36	-196.699733450002	-197.654310404262	0.846126963992855	1.1043556360841	0.0793317158972293	0.729799708917714	4.57777387642052e-09	0.0594125117455816	1.90915390851899	0.384974972130955	ok
f1.5_r123	driver	150	0	NA	NA	NA	NA	NA	NA	NA	NA	NA	NA	skipped_invariant
f1.5_r123	control	150	64	-181.92172049837	-183.9114334793	0.947469078407465	1.50923475008073	2.99720910068494e-07	1.03060107948103	2.11810236646263e-09	0.0642024061061604	3.97942596185885	0.136734665270507	ok
f1.5_r124	driver	150	0	NA	NA	NA	NA	NA	NA	NA	NA	NA	NA	skipped_invariant
f1.5_r124	control	150	70	-209.47179183321	-209.98885355698	1.01529382299382	0.788913568532451	0.201995903265881	0.0224608047827283	1.37536769308383e-09	0.128104901411192	1.03412344753872	0.596269982467182	ok
f1.5_r125	driver	150	127	-147.831133590238	-151.756382622282	0.803971236411711	1.92257883474375	0.51824324674552	0.985448549460091	4.557836133864e-09	0.106369409260088	7.85049806408864	0.0197372210589113	ok
f1.5_r125	control	150	0	NA	NA	NA	NA	NA	NA	NA	NA	NA	NA	skipped_invariant
f1.5_r126	driver	150	129	-134.545177529256	-137.163531167469	0.740364612688409	1.55995903757276	4.79010046244536e-07	1.39957255462858e-07	8.54431074417585e-07	0.140087986312869	5.2367072764248	0.0729228213993315	ok
f1.5_r126	control	150	126	-124.657118520702	-124.662371158417	1.42963009796169	1.47133439132687	2.13112593503175e-07	1.05836819114743e-07	3.36471650822849e-06	0.100436287309843	0.0105052754303188	0.994761133264451	ok
f1.5_r127	driver	150	135	-137.350784731868	-138.527802304558	1.37830323806078	1.86534820991525	1.50397062769277	0.915058274011657	8.99298269160449e-08	0.109390930993911	2.35403514537899	0.30819654306531	ok
f1.5_r127	control	150	0	NA	NA	NA	NA	NA	NA	NA	NA	NA	NA	skipped_invariant
f1.5_r128	driver	150	119	-166.761192297146	-172.76813887961	0.596342816792766	1.66566196539413	0.076807280122683	0.649223638428969	9.34032231111201e-08	0.11446760728395	12.0138931649296	0.00246159298812176	ok
f1.5_r128	control	150	118	-166.962150137074	-167.661010403525	1.66422126697082	1.40024697569619	1.29578799589541	0.398826033165133	1.98859117016575e-09	0.149754162071205	1.39772053290295	0.49715160137472	ok
f1.5_r129	driver	150	125	-150.645708824702	-153.734553622757	0.866846829709262	1.41638394369809	2.44754642198029e-06	8.77404948106165e-07	0.340687570464901	0.0344567600140242	6.1776895961093	0.0455545487235478	ok
f1.5_r129	control	150	0	NA	NA	NA	NA	NA	NA	NA	NA	NA	NA	skipped_invariant
f1.5_r130	driver	150	124	-140.263602850565	-143.279282847643	0.805542305192211	1.57760569606325	4.32277183201889e-07	4.64639650030236e-09	0.199307385724001	0.177558216371922	6.03135999415599	0.0490124957989276	ok
f1.5_r130	control	150	128	-138.791482906103	-139.529741844077	1.41444759658918	1.49794469293283	1.03011426331947	1.95317212947423e-07	1.38812902530216e-06	0.182398126995606	1.47651787594663	0.477945323998596	ok
f1.5_r131	driver	150	122	-172.129099652084	-176.835996896292	1.0440113812789	1.59114014843118	1.37899281082024	0.48359930612257	9.98120389674482e-08	0.272840306242726	9.41379448841548	0.00903276059802075	ok
f1.5_r131	control	150	109	-151.670279240555	-151.881963370078	1.53364816401321	1.47623858224876	0.380088806691876	0.61671450987393	3.04189540677742e-07	0.0626492779509797	0.42336825904647	0.809220265992342	ok
f1.5_r132	driver	150	126	-167.527961263872	-173.558944844548	0.638411972422977	1.61814131357535	0.652999847069802	0.534846765691284	1.81701437641426e-09	0.179552196893322	12.0619671613511	0.00240312914442024	ok
f1.5_r132	control	150	2	-125.226684851576	-126.896245371438	1.45912789063495	0.524994708691283	0.431083756609725	2.54565964458034e-06	9.49959437230202e-09	0.565869708073248	3.33912103972534	0.188329814666951	ok
f1.5_r133	driver	150	113	-157.763727113321	-160.010326667971	0.881317862082187	1.46675843851273	0.0778848420746546	0.214813854860378	1.87438898033517e-10	0.142908396800054	4.49319910930092	0.105758238923288	ok
f1.5_r133	control	150	138	-148.658649329583	-148.988507916057	1.34610507468806	1.30845812245544	1.60096166123509	0.0380650852107281	0.390458024565687	0.155051922996488	0.659717172946841	0.719025406161192	ok
f1.5_r134	driver	150	115	-158.654885529551	-163.038646890448	0.682246591891027	1.44852541265971	1.40714659415431e-07	0.393801512960702	3.37127704807892e-10	0.0743286930530214	8.76752272179391	0.0124783347193099	ok
f1.5_r134	control	150	105	-177.904413312151	-177.952077262308	1.25371383877062	1.17956561012811	0.388300478205681	0.166453911194246	6.48085305734942e-09	0.125607186673467	0.0953279003131797	0.95345414136189	ok
f1.5_r135	driver	150	126	-135.861366326318	-137.703236124501	1.76012769592976	1.44509267286563	1.36560856618335	0.0251405015169719	2.21975353382807e-10	0.165190428286407	3.68373959636546	0.158520747023642	ok
f1.5_r135	control	150	138	-127.48851150918	-128.050378117848	0.961799729506161	1.55259859290526	2.38065867302193e-07	0.2870832307486	0.355072611014294	0.0629422057978616	1.12373321733574	0.57014383455148	ok
f1.5_r136	driver	150	120	-159.909466988892	-163.111818213398	0.77562358665315	1.79729808920802	0.152039701170503	0.971213420267356	2.15013014320541e-09	0.0680802285339362	6.40470244901218	0.0406664754691595	ok
f1.5_r136	control	150	41	-148.048179018857	-148.153485246865	1.58502890697733	1.44661148558389	0.762527947209066	0.705420507816375	9.24353640293145e-10	0.124445998964651	0.210612456015951	0.900048860211107	ok
f1.5_r137	driver	150	91	-176.766004103962	-177.411739798314	0.968840843744319	1.19532979463721	5.87865947208321e-08	1.49292563357149e-07	1.35062002239951e-08	0.181157518358324	1.29147138870525	0.524276692788317	ok
f1.5_r137	control	150	111	-176.26666535101	-177.034445208705	0.902268163082444	1.17900754034056	1.15689197347548e-05	5.20877986864266e-06	1.26620971259113e-06	0.127114715794098	1.53555971539049	0.46404216515986	ok
f1.5_r138	driver	150	134	-147.337763941012	-151.530213075972	0.464311045228827	1.42988125174776	2.59895136554096e-06	0.11078325587422	6.59192815183386e-06	0.0954653176228734	8.38489826991992	0.015109234965882	ok
f1.5_r138	control	150	113	-145.77562818147	-145.853714430226	1.21020912589459	1.34716522802806	2.53549389755732e-08	0.105195639876815	1.24359311842074e-09	0.0927006640636966	0.156172497511704	0.924884652952778	ok
f1.5_r139	driver	150	122	-166.115331301689	-168.285649379757	1.06908232790026	1.35339710567902	0.771563195484553	0.0532819196506678	0.167292666893303	0.229399154311141	4.34063615613667	0.114141305290274	ok
f1.5_r139	control	150	72	-141.245130715369	-141.668685233044	1.17743643837178	1.52461798216957	6.17688196745677e-06	0.510823759577358	1.74030672347779e-07	0.0983566769469427	0.847109035349774	0.654715481127707	ok
f1.5_r140	driver	150	111	-153.200354208231	-154.3138505716	1.60707904980607	1.80964982537559	1.23024225324376	0.830615726836177	1.55118659092271e-08	0.177761293882711	2.22699272673742	0.328408715206386	ok
f1.5_r140	control	150	75	-137.592090980928	-139.280643342673	1.31524289484897	2.29538005447125	0.364105067707454	1.55529929844807	3.18365831581375e-09	0.0819283117397597	3.37710472348971	0.184786834952846	ok
f1.5_r141	driver	150	125	-147.082928055354	-149.170395796422	0.754510966113912	1.38919132340175	0.00178455661324577	8.22702789924604e-07	1.06993111744476e-07	0.136213069964066	4.17493548213605	0.124000740568537	ok
f1.5_r141	control	150	0	NA	NA	NA	NA	NA	NA	NA	NA	NA	NA	skipped_invariant
f1.5_r142	driver	150	138	-127.600966562535	-129.886719109711	0.53054261897652	1.53533611060511	0.3308954484312	1.04444169041174e-08	0.469610701482358	0.148458975946595	4.57150509435365	0.101697501134656	ok
f1.5_r142	control	150	100	-119.540140314943	-119.877181431974	1.45079766739263	1.66918897211664	2.78394934079502e-07	0.415476244582448	1.01097506760424e-08	0.0858067527806673	0.674082234061814	0.713879486694348	ok
f1.5_r143	driver	150	108	-154.763136632717	-155.780779760111	1.13182594390288	1.61603941010639	0.215242133977526	0.450886740827669	0.0369213396636402	0.138244353145163	2.03528625478782	0.361445818821881	ok
f1.5_r143	control	150	102	-151.582178304441	-151.695720629392	1.36099479682091	1.49320659627432	7.56351483752652e-06	0.425012753696218	8.81734227561707e-09	0.124869722996794	0.227084649901087	0.892666413549806	ok
f1.5_r144	driver	150	107	-174.573400136848	-177.069029215598	0.942143546213272	1.49019434324917	0.328297919072801	0.379595866999516	3.03601681913009e-09	0.175873928819707	4.99125815750051	0.0824445709473565	ok
f1.5_r144	control	150	94	-168.161898050631	-168.792060475289	1.66406400564726	1.1643889462069	0.741528753483393	0.0806595743535892	3.62140040147135e-09	0.154746171423276	1.2603248493163	0.532505301990661	ok
f1.5_r145	driver	150	115	-134.010200189737	-136.424908280039	1.06489651382412	1.93807697734172	0.39305624031639	0.838899153388987	2.15555313607853e-07	0.129922083167075	4.82941618060369	0.0893934299226057	ok
f1.5_r145	control	150	4	-104.076170391499	-108.295510978643	1.55905947637934	0.911358323182892	0.206509262816006	0.840362707184055	9.66179528135843e-12	0.138949462659976	8.43868117428869	0.0147083401764229	ok
f1.5_r146	driver	150	137	-106.555940333316	-106.697699532906	1.27921271768788	1.55462360011859	8.14617831082819e-06	3.49117939263361e-06	2.04317407816222e-06	0.0561623229141175	0.283518399179457	0.867830205196894	ok
f1.5_r146	control	150	93	-114.298268753005	-118.932236830284	1.35522789143106	1.71810986261618	7.55036198134116e-07	0.158789494428933	4.55271263499092e-08	0.158421317182962	9.26793615455935	0.00971612816035085	ok
f1.5_r147	driver	150	128	-133.657809065874	-134.767709855016	1.37306140516501	1.86742432382499	1.0185473135588	0.917499111176371	2.1749103819298e-09	0.0921842969647233	2.2198015782833	0.329591658524539	ok
f1.5_r147	control	150	79	-138.483645388719	-138.847324476479	1.96777219124304	1.63789943837028	0.984485253555922	0.785596187713525	1.46821912390288e-09	0.135698680551406	0.727358175520806	0.695114229617888	ok
f1.5_r148	driver	150	127	-167.196589109497	-168.762188704461	0.718549893810973	1.2649358406025	8.8571165865382e-05	2.87047594295474e-05	4.36715882588412e-07	0.122203590327377	3.1311991899272	0.208962682631171	ok
f1.5_r148	control	150	125	-168.017754619311	-168.983159269516	0.818712890194066	1.25361298104813	0.0236795985596788	1.28592353878967e-08	2.31107543824408e-07	0.130838444199282	1.93080930040958	0.38082906599677	ok
f1.5_r149	driver	150	125	-156.148254565696	-159.08864912746	1.00907124290762	2.14769673853306	0.717738755908937	1.39494580832793	0.257629152508252	0.132278787928139	5.88078912352904	0.0528448740576371	ok
f1.5_r149	control	150	0	NA	NA	NA	NA	NA	NA	NA	NA	NA	NA	skipped_invariant
f1.5_r150	driver	150	106	-147.088467500841	-147.618329686706	1.30219504235914	1.60105659662443	0.479224184450809	0.534994824059445	6.13745116816854e-09	0.120262538060516	1.05972437172977	0.588686093353041	ok
f1.5_r150	control	150	40	-126.240026237014	-127.770519928314	1.26743155015704	2.27102331852819	0.147052758838548	1.57615100406236	3.18185620914301e-08	0.0868128451640461	3.06098738260107	0.216428791924694	ok
f1.5_r151	driver	150	120	-153.624700748996	-154.839058095381	1.24768172745088	1.51374244144851	0.643581601812036	0.315431308630027	0.0559305499763376	0.121625291284607	2.42871469276901	0.296900757341775	ok
f1.5_r151	control	150	114	-157.3230598812	-157.812293109521	1.84151973613649	1.3920762129163	1.20893525882405	0.218215015966067	1.22394989070397e-08	0.172995314739225	0.978466456642309	0.613096318892645	ok
f1.5_r152	driver	150	121	-139.237111008095	-139.491638180789	1.58731630893729	1.765527022022	0.812068624172104	0.663793326234058	0.123097016647723	0.119132304779524	0.509054345387995	0.775282986277203	ok
f1.5_r152	control	150	34	-114.886627860661	-117.061043045053	1.76131409868299	1.32692819524507	0.39021920536595	0.582405838716545	1.18332722833918e-09	0.142798660923085	4.34883036878279	0.113674612923606	ok
f1.5_r153	driver	150	106	-163.184180254257	-163.3124867698	1.25309899127909	1.23255140877979	0.388745050194849	0.106718114786643	0.0494810718810069	0.097512034131251	0.256613031086204	0.879583731735957	ok
f1.5_r153	control	150	45	-147.339042565513	-147.913148516432	1.18135185401439	1.40868707989971	5.02163098726968e-07	0.629644686900428	1.53728072274735e-11	0.124078241055463	1.14821190183812	0.563208179536474	ok
f1.5_r154	driver	150	96	-149.66732887944	-150.11647168437	1.26497157260603	1.72051355727835	0.0157357048991022	0.704215442438107	2.22435686353936e-09	0.127987419440956	0.898285609860636	0.63817495765587	ok
f1.5_r154	control	150	115	-142.818569964487	-143.181779113268	1.76141624839958	1.49377587121805	1.02795549218653	0.293920780986276	2.72920971546558e-09	0.133108955578958	0.726418297562873	0.695440967656677	ok
f1.5_r155	driver	150	112	-157.835568870408	-158.895540531246	1.66867431049145	1.31727078057773	1.14475801649742	1.52597370120101e-08	1.08832035944227e-09	0.219771585787713	2.1199433216762	0.346465628736479	ok
f1.5_r155	control	150	118	-150.803364411453	-150.979183359919	1.15519752828985	1.39174464498491	0.0475121243201899	0.212382159477197	3.04597784659501e-08	0.0992080796197125	0.351637896931834	0.838769830155102	ok
f1.5_r156	driver	150	88	-151.66802376064	-152.744406759995	1.07926176603853	1.55295109418365	2.23075558592026e-06	0.355516954911066	3.23412061728691e-09	0.150111631221937	2.15276599870896	0.340826066973236	ok
f1.5_r156	control	150	106	-149.633453301219	-149.926791182248	1.17361178423331	1.45885074858502	6.3285513968511e-07	0.332943042074681	1.75144288251881e-07	0.0918792735347928	0.586675762059087	0.745770116547747	ok
f1.5_r157	driver	150	49	-177.985094340743	-180.097400702704	0.933215942136938	1.7464262929274	0.204139260767646	1.06928941035878	8.80683729590034e-11	0.143426825509721	4.22461272392206	0.120958670002504	ok
f1.5_r157	control	150	0	NA	NA	NA	NA	NA	NA	NA	NA	NA	NA	skipped_invariant
f1.5_r158	driver	150	129	-131.225393886768	-132.303195388055	1.28204766180171	1.70104743125966	0.937217804618198	0.39627936823166	8.43534050140111e-07	0.149380148516109	2.15560300257403	0.3403429472727	ok
f1.5_r158	control	150	98	-126.207725693374	-126.425914331007	1.39508125537246	1.73750768809779	1.53802988541704e-05	0.56792123748918	3.20385333580122e-08	0.0975180726610798	0.436377275266665	0.803973767652505	ok
f1.5_r159	driver	150	126	-172.505377203778	-174.569033453805	0.792260509752119	1.38104596921292	0.298826629256472	0.268595361045013	0.204049506315382	0.144314324658101	4.12731250005379	0.126988817189447	ok
f1.5_r159	control	150	116	-157.768442839987	-159.705428199548	2.37273656012776	1.15560620338252	1.86047608107674	2.22740390620481e-06	9.15561023378812e-08	0.1427931298496	3.87397071912187	0.144137819167474	ok
f1.5_r160	driver	150	130	-157.865242740793	-159.002448053278	0.854112919126805	1.3795521376239	0.176045816691596	0.204988367479697	0.132743983061406	0.106077232405564	2.27441062497041	0.320714066145628	ok
f1.5_r160	control	150	139	-153.685570667415	-156.956667631571	0.298466810245438	1.33332023729253	1.07197495950782	0.0603437192984441	8.4228578436614e-09	0.151430103137012	6.54219392831249	0.0379647582457506	ok
f1.5_r161	driver	150	134	-144.16982798391	-145.418578278944	0.800039971635053	1.4769482857534	0.732749547265055	0.00466029138503948	0.943105080557024	0.259236252734035	2.49750059006902	0.286863067146913	ok
f1.5_r161	control	150	0	NA	NA	NA	NA	NA	NA	NA	NA	NA	NA	skipped_invariant
f1.5_r162	driver	150	131	-146.740929703615	-148.266991563825	0.816800705766568	1.53818368564188	0.636792839809719	0.25487026142258	2.61002524706934e-09	0.146664751873516	3.05212372041893	0.217390096369787	ok
f1.5_r162	control	150	107	-143.12258331977	-143.904246183571	1.70778297763128	1.27931594055571	0.112647717635185	0.0585400586852216	1.64114156609971e-07	0.11562366143169	1.56332572760226	0.45764437796456	ok
f1.5_r163	driver	150	0	NA	NA	NA	NA	NA	NA	NA	NA	NA	NA	skipped_invariant
f1.5_r163	control	150	106	-215.988862539193	-220.299851706431	0.96924524867274	1.03984713583662	0.80256140302047	0.0770876952391989	4.22131368982943e-09	0.220486065778139	8.62197833447595	0.0134202681369711	ok
f1.5_r164	driver	150	132	-137.237238500738	-143.531829684365	0.446720128975524	1.89615327555963	0.0857486280489848	0.849184139305994	6.20282030854549e-08	0.0875528653719755	12.5891823672549	0.00184626392168446	ok
f1.5_r164	control	150	113	-144.071998126341	-144.23489160898	1.5575294502608	1.73632559122709	0.780652763157333	0.766271919689751	1.01578670107993e-09	0.114727181095274	0.325786965278439	0.849681689445602	ok
f1.5_r165	driver	150	140	-120.910754463999	-124.27077158018	9.72396295997803e-07	1.60366642202263	1.11711451858607	1.09169147875105e-06	0.981722075456011	0.247345596403963	6.72003423236208	0.034734664414846	ok
f1.5_r165	control	150	0	NA	NA	NA	NA	NA	NA	NA	NA	NA	NA	skipped_invariant
f1.5_r166	driver	150	123	-150.305201687769	-154.218820226551	0.727635963815877	1.74705851119631	0.166223108661457	0.797791336749834	2.3610045324026e-08	0.0677823595968882	7.82723707756401	0.0199681147766558	ok
f1.5_r166	control	150	106	-159.223377337773	-159.608862591673	1.9459200194874	1.47747349642013	1.36790518981655	0.56811040622118	4.54408973552895e-08	0.136898535597208	0.770970507800314	0.680120524979862	ok
f1.5_r167	driver	150	140	-125.331921863204	-130.475355337772	0.155731483780135	1.47079139378687	3.63246163089562e-06	9.48887318214284e-09	4.02023158164633e-07	0.0900510943405938	10.2868669491355	0.00583761197260951	ok
f1.5_r167	control	150	109	-129.738418766647	-129.738553888843	1.39497543479726	1.39038274398461	1.6726128859358e-08	2.56874109712257e-07	0.0230484020193746	0.093487458941181	0.000270244391799679	0.999864886932693	ok
f1.5_r168	driver	150	134	-137.856978617013	-141.432257228641	0.619588361478065	1.85088538018336	0.254505182673465	0.753890973327762	4.50435928153939e-07	0.0894772650037874	7.15055722325644	0.0280076214380714	ok
f1.5_r168	control	150	117	-145.830041044507	-150.016020818635	0.846719454172973	1.99025311500165	0.249768173855059	0.87607487381547	2.34759300909949e-08	0.153567950010254	8.37195954825575	0.0152072989223131	ok
f1.5_r169	driver	150	113	-173.194102455614	-179.545110792538	0.621664230852418	1.76594003375446	3.3716716567013e-06	0.991364757397181	1.28694869866904e-07	0.0802113290807207	12.7020166738473	0.00174498671432576	ok
f1.5_r169	control	150	117	-187.836043858204	-188.521406663799	1.46245075300607	1.28613296843967	1.11630146476684	0.380137916924702	2.22816228903899e-09	0.14049043768032	1.37072561119112	0.503907375991026	ok
f1.5_r170	driver	150	0	NA	NA	NA	NA	NA	NA	NA	NA	NA	NA	skipped_invariant
f1.5_r170	control	150	0	NA	NA	NA	NA	NA	NA	NA	NA	NA	NA	skipped_invariant
f1.5_r171	driver	150	112	-162.090966324054	-163.875496752566	0.900470891038982	1.51229145679129	9.46242732574801e-09	0.441762518929415	0.037313414468534	0.106509814842106	3.56906085702451	0.167875872218061	ok
f1.5_r171	control	150	83	-150.686265773231	-151.737169656074	1.24546448592406	1.51267978321774	1.5269927451364e-08	0.662113374979614	4.00298374301687e-08	0.0953951410290209	2.10180776568581	0.349621589290894	ok
f1.5_r172	driver	150	124	-156.111719114952	-157.371613432445	0.835304572596744	1.33669571052607	2.89173931451846e-07	0.0750564555049912	1.85578060182308e-06	0.114711926474235	2.51978863498528	0.283684005352607	ok
f1.5_r172	control	150	112	-162.883205259519	-162.886065641066	1.2404018026798	1.24836380096996	8.5651447822872e-08	0.0298294882872485	0.191805514009823	0.131599597393794	0.0057207630941889	0.997143705446487	ok
f1.5_r173	driver	150	137	-107.30170019686	-108.165072119801	1.60754993051164	1.68276162049324	1.85982338841142	7.69774428321671e-08	6.7246892126022e-08	0.165650960051624	1.72674384588186	0.421737615330773	ok
f1.5_r173	control	150	114	-117.781365590073	-119.053825671091	1.3286634505525	1.74582559041834	0.239218404843612	8.00788497680398e-07	9.05939522929849e-10	0.186840718651644	2.54492016203636	0.280141602336203	ok
f1.5_r174	driver	150	123	-163.480375763151	-164.873347226967	0.871019818092921	1.39574436692182	0.193894392137427	0.182899109285207	1.02794196477563e-06	0.138882816946789	2.78594292763057	0.248336284905632	ok
f1.5_r174	control	150	93	-162.534811611093	-163.651614999205	1.83987296853569	1.21854113189226	0.970013555849521	2.26326584209649e-06	8.7025609825998e-08	0.237227932496831	2.23360677622321	0.327324453288073	ok
f1.5_r175	driver	150	0	NA	NA	NA	NA	NA	NA	NA	NA	NA	NA	skipped_invariant
f1.5_r175	control	150	0	NA	NA	NA	NA	NA	NA	NA	NA	NA	NA	skipped_invariant
f1.5_r176	driver	150	0	NA	NA	NA	NA	NA	NA	NA	NA	NA	NA	skipped_invariant
f1.5_r176	control	150	42	-202.658881776157	-202.94148818351	1.07460317092956	0.864009747360396	0.438431054428129	0.236666397167816	1.1404807472572e-09	0.140919216335732	0.565212814705887	0.753816426081112	ok
f1.5_r177	driver	150	0	NA	NA	NA	NA	NA	NA	NA	NA	NA	NA	skipped_invariant
f1.5_r177	control	150	126	-209.123321353543	-211.155954525164	1.22369332635699	0.962361668694499	1.53048566332944	2.96725460668857e-06	1.57533670557363e-07	0.194584170851219	4.06526634324206	0.130990147095506	ok
f1.5_r178	driver	150	118	-171.799597600026	-175.175770547293	0.879902583925859	1.62458346195678	0.789886491371365	0.518356687201704	6.15047114239677e-09	0.224479418263156	6.7523458945343	0.0341780057928389	ok
f1.5_r178	control	150	82	-143.022402863876	-143.797334662485	1.22292415342242	1.64946198411933	5.3581030078891e-06	0.851310384238146	1.23639951281042e-08	0.0571276726158855	1.54986359721642	0.460735202709524	ok
f1.5_r179	driver	150	132	-108.706863061605	-111.85095767331	5.34351030233032	1.62620500236539	5.6663528679186	0.118133675163552	8.27226433749816e-08	0.221755550182508	6.28818922341014	0.0431059339926709	ok
f1.5_r179	control	150	110	-118.710459479067	-118.93336839369	2.07549712252898	1.7782868351794	0.647621942496217	0.539825652102963	2.62289691668816e-07	0.0989709387621673	0.445817829246522	0.800187731376232	ok
f1.5_r180	driver	150	94	-144.124263410683	-146.644960199834	1.17139043850954	1.95614786927293	0.36423496346931	0.785284510338988	1.18674317471172e-08	0.199471436459318	5.04139357830297	0.0804035628960586	ok
f1.5_r180	control	150	126	-137.13962596868	-137.967329514895	2.46566686423556	1.52319711740437	2.09538919734441	0.342873933106262	0.0514611411689207	0.15720874322461	1.65540709242873	0.437051804033047	ok
f1.5_r181	driver	150	127	-160.278629122647	-162.709434273138	0.893726463306521	1.4348150170462	0.662834348585921	0.262428104744838	3.7070084050742e-09	0.147987116503651	4.86161030098236	0.0879659782114203	ok
f1.5_r181	control	150	136	-158.273882127821	-162.275844783554	0.303256663145665	1.46552252277076	1.48069570095993e-06	0.298168827763359	0.82303528698208	0.169433211159309	8.00392531146491	0.0182797268480897	ok
f1.5_r182	driver	150	123	-145.56253945926	-148.475983524896	0.802643901237283	1.65291956129848	0.0600156872171393	0.385148699457383	6.28215430697671e-08	0.121649668280628	5.82688813127214	0.0542884345936935	ok
f1.5_r182	control	150	110	-134.372438787748	-134.462462825089	1.42468770557285	1.47633942532959	0.00343082231720468	0.309171893077187	2.36398191620608e-08	0.0825273097101519	0.180048074682475	0.91390921705949	ok
f1.5_r183	driver	150	0	NA	NA	NA	NA	NA	NA	NA	NA	NA	NA	skipped_invariant
f1.5_r183	control	150	107	-209.188601184067	-209.477039519917	1.08250296742033	0.87280177547164	0.30608511002059	0.153848975946363	6.31041316377685e-08	0.0679526348115887	0.576876671701484	0.749433016872096	ok
f1.5_r184	driver	150	138	-126.401976060219	-129.816888834282	0.599148209400666	1.87501426481705	0.544347494363342	0.679579708724825	3.85208875865796e-09	0.0936889219644504	6.82982554812611	0.0328792745019629	ok
f1.5_r184	control	150	103	-123.70037147747	-123.979831253775	1.93293492333021	1.67076366869309	0.614559183591171	0.564824637204434	1.77458287096987e-07	0.0892277546638581	0.558919552609069	0.756192144045953	ok
f1.5_r185	driver	150	114	-143.780139565085	-146.428012543138	0.867046035622776	1.7289036637525	1.75535722181391e-09	0.632060137497579	4.52491491227154e-10	0.107606270266551	5.2957459561066	0.0708016496754436	ok
f1.5_r185	control	150	100	-143.747023137105	-145.010573056701	1.55558098382664	1.43859559391708	4.56765629714193e-09	0.486360103150722	1.8312354703014e-09	0.0658621077178866	2.52709983919192	0.282648862693556	ok
f1.5_r186	driver	150	124	-165.549465638245	-166.617865075513	1.14266372561887	1.34537558704649	0.705164990939594	0.238987536145493	3.23783187217727e-08	0.127154782484683	2.136798874536	0.343557963662739	ok
f1.5_r186	control	150	28	-143.144616559927	-143.579080679768	1.22265967894063	1.74045237514462	0.145975401983089	0.998249093678488	1.7181798029073e-10	0.162653841560098	0.868928239683328	0.647611616323619	ok
f1.5_r187	driver	150	0	NA	NA	NA	NA	NA	NA	NA	NA	NA	NA	skipped_invariant
f1.5_r187	control	150	9	-192.027480738018	-194.060841830957	0.877179096592159	0.684207604685	0.134284500324445	0.498324737567543	6.78998374303138e-09	0.0846781514897095	4.06672218587937	0.130894831270321	ok
f1.5_r188	driver	150	120	-118.969834452619	-119.67903278239	1.15649221758152	1.53439757793089	1.47866079181343e-07	0.0696879563571954	1.23847865773507e-07	0.0724245244720899	1.41839665954294	0.492038492003081	ok
f1.5_r188	control	150	121	-123.797046545694	-124.480892220181	1.11992745947135	1.49679902827125	5.97879603968568e-07	1.55670277712447e-06	2.49335463099568e-07	0.105985819093381	1.3676913489748	0.504672449758633	ok
f1.5_r189	driver	150	111	-138.875371692502	-139.97291199431	1.15764961315518	1.72048817042777	0.185445940102862	0.414132657201768	2.30201376510173e-08	0.174301095464139	2.19508060361676	0.333690853881004	ok
f1.5_r189	control	150	115	-143.566364197287	-146.457190416649	0.995152164582138	1.69037395344349	0.268561195779174	0.241073378783971	1.02595380201131e-09	0.187514360908416	5.78165243872371	0.0555303134325711	ok
f1.5_r190	driver	150	111	-158.225836863722	-160.192053794071	0.876807767601286	1.45495179171158	2.82500082762537e-05	0.217389650605859	1.49642008681223e-07	0.142357429532751	3.93243386069827	0.139985430401489	ok
f1.5_r190	control	150	119	-136.548751508966	-136.623645920194	1.32641204748563	1.2764777030228	1.57451323789751e-05	0.120858186352481	1.32266944266451e-08	0.0478426219345554	0.14978882245606	0.92784145079586	ok
f1.5_r191	driver	150	106	-149.777249213137	-150.705845515817	1.12998155731136	1.53002221880135	0.164338390815541	0.231591682843259	7.56479568963488e-09	0.17478960244059	1.85719260536092	0.395107933246844	ok
f1.5_r191	control	150	133	-134.190905562651	-134.942166993774	0.930042808910039	1.51655985705109	2.61597104283654e-06	0.301622308476839	1.02577033217153e-06	0.0701463186822362	1.50252286224634	0.471771070528703	ok
f1.5_r192	driver	150	117	-131.650103298161	-134.32119166154	0.997936178005262	2.12020747821945	0.143445999747289	1.16315693858097	1.33998989191054e-08	0.0884758056067053	5.34217672675828	0.0691768947243563	ok
f1.5_r192	control	150	0	NA	NA	NA	NA	NA	NA	NA	NA	NA	NA	skipped_invariant
f1.5_r193	driver	150	119	-157.674255513764	-160.366925498303	0.795389384352803	1.57177794916204	9.48569160816638e-07	0.335572778531275	1.16989118049967e-07	0.139056139997432	5.38533996907671	0.0676999400534064	ok
f1.5_r193	control	150	94	-147.884152439883	-148.336600652293	1.19328349358749	1.54134758171287	2.75017825156954e-08	0.390646215205911	1.85540642632968e-09	0.132450735392375	0.90489642481964	0.63606901179961	ok
f1.5_r194	driver	150	123	-143.421801047341	-144.324930959735	1.27900791575875	1.82056216851136	0.742582787958776	0.876842295468075	4.36834212870516e-08	0.103053178885505	1.80625982478756	0.405299121697246	ok
f1.5_r194	control	150	92	-133.834681178224	-134.535140604778	1.3450483967384	1.9606469370687	0.341133546233225	1.11983739977761	8.46551050038617e-08	0.0826845881347873	1.40091885310693	0.496357211716577	ok
f1.5_r195	driver	150	103	-141.248577804593	-142.515689095617	1.07682162555837	1.53460758577471	4.16590466780419e-08	0.196577540126167	0.00911619382750144	0.110070999013987	2.53422258204722	0.281644035453461	ok
f1.5_r195	control	150	96	-149.717292745416	-150.429299219022	1.13523315957267	1.46531947746208	3.62835382654832e-07	0.109884285209138	6.68962556249409e-08	0.167317083642591	1.42401294721265	0.490658715357597	ok
f1.5_r196	driver	150	113	-153.238588447161	-160.558658918417	0.902772512716113	1.97789114890388	0.704073036748359	0.712311872600465	0.0458330054334345	0.236033524068997	14.6401409425118	0.000662115549453807	ok
f1.5_r196	control	150	8	-104.82482878867	-111.507075976028	1.69719632074704	1.62538355604584	0.54960112136284	1.88741458199477	1.03592114189145e-08	0.00912447982534416	13.364494374715	0.00125295917255068	ok
f1.5_r197	driver	150	55	-180.875150949049	-183.07863900571	1.0763366001449	1.94235118965136	0.48074097221835	1.32940963244244	3.36992670889221e-10	0.148889861936664	4.4069761133216	0.110417343930239	ok
f1.5_r197	control	150	57	-174.936722286291	-176.884003497105	1.05811736954535	1.9593355034845	0.38447321864472	1.45437675419937	2.75340418320258e-09	0.0816681161277707	3.89456242162697	0.142661411102513	ok
f1.5_r198	driver	150	0	NA	NA	NA	NA	NA	NA	NA	NA	NA	NA	skipped_invariant
f1.5_r198	control	150	112	-235.649836646701	-235.68859528839	0.785387091784717	0.865917512815737	0.0867685463258016	0.253818065682233	0.0196155691023968	0.0655436464677654	0.0775172833767783	0.961982863688804	ok
f1.5_r199	driver	150	136	-122.366905117135	-123.192767528494	1.80412900542709	1.85472597941052	1.82810359723576	0.735605410057506	1.35423592997313e-07	0.108913576027376	1.65172482271743	0.437857216552195	ok
f1.5_r199	control	150	0	NA	NA	NA	NA	NA	NA	NA	NA	NA	NA	skipped_invariant
f2.0_r000	driver	150	142	-79.2188274619608	-79.8642008727715	1.80885521689918	2.26025594267339	2.80187516208297	0.628405319558332	0.713722026285004	0.182640000420644	1.29074682162124	0.524466664015217	ok
f2.0_r000	control	150	132	-82.7985932669686	-83.0630899993018	2.39867424588515	2.25241104527043	1.72076657438991	0.679758281881137	9.741608573491e-09	0.131414471633997	0.528993464666399	0.767592157098883	ok
f2.0_r001	driver	150	130	-98.3763423147812	-100.677847081942	0.957461852500369	1.90255599437194	3.87391558738918e-06	0.165225128601577	6.05407649848889e-09	0.116323240514572	4.6030095343209	0.100108090959575	ok
f2.0_r001	control	150	135	-89.7245105595009	-91.3094608474486	1.04044234296386	1.88760089515943	2.14458865814943e-08	0.194450882536017	4.58034525139264e-07	0.0614699445787838	3.16990057589547	0.204957981745447	ok
f2.0_r002	driver	150	141	-82.6240385720048	-86.9454459556408	0.235088952077371	1.95167580302593	5.0249026745747e-08	2.30521050937069e-06	9.75021475280592e-06	0.106256232550589	8.64281476727214	0.0132811786695379	ok
f2.0_r002	control	150	75	-69.1565574593015	-69.4608936065373	1.74480013129757	1.98457013556331	2.41911548771227e-11	7.91512599833897e-06	2.29146733583194e-07	0.0784658122803025	0.608672294471546	0.737612878242559	ok
f2.0_r003	driver	150	147	-73.1745782687652	-75.412717402763	0.390239286912918	1.83861051785212	7.76904963270008e-09	0.0703068121127617	7.8316524680668e-08	0.0243674863654313	4.4762782679955	0.10665679382853	ok
f2.0_r003	control	150	0	NA	NA	NA	NA	NA	NA	NA	NA	NA	NA	skipped_invariant
f2.0_r004	driver	150	129	-133.554185078626	-133.732444012841	1.26608978237692	1.65576166276541	1.52323828072775e-07	0.553963733575052	2.89923812344164e-07	0.0581604756603321	0.356517868429819	0.836725738514205	ok
f2.0_r004	control	150	115	-144.189176532443	-144.498772353673	1.7684450759674	1.55706888622504	0.96647586253938	0.355614647824261	2.27387282927159e-09	0.151991666641197	0.619191642460066	0.733743459829087	ok
f2.0_r005	driver	150	138	-81.4134189208752	-82.4598519211452	1.86748359062198	2.29294660466019	2.05827801133476	0.682622629317647	2.99989677948432e-07	0.144723159515908	2.09286600053997	0.351188205831301	ok
f2.0_r005	control	150	123	-94.5950343567255	-95.422629937716	3.29330480617281	2.10619253468429	2.82245377615476	0.404806927283264	3.37119524876501e-09	0.249197402566098	1.65519116198112	0.43709899297622	ok
f2.0_r006	driver	150	0	NA	NA	NA	NA	NA	NA	NA	NA	NA	NA	skipped_invariant
f2.0_r006	control	150	83	-223.455650319634	-223.754230392566	0.767813157605326	0.932916444037605	2.42042564838357e-06	0.22058950689021	2.38898933405915e-07	0.102086000322653	0.59716014586445	0.741870875695375	ok
f2.0_r007	driver	150	126	-97.5160008503622	-98.5635832256659	1.54513385451603	2.27896235890461	0.795106910094163	0.983431508441563	1.53931017121264e-09	0.107201296129219	2.09516475060744	0.350784790757395	ok
f2.0_r007	control	150	39	-75.2233734803173	-81.8650254325793	1.93933514762576	2.7798991077518	3.56191048428516e-07	2.41256265875744	2.15377608169042e-10	0.0349956395968002	13.2833039045239	0.00130486987964642	ok
f2.0_r008	driver	150	132	-94.6155053791894	-95.4505366959608	1.21603014986228	1.77381233467443	9.7497214305616e-08	6.43715137894e-07	5.60601397362167e-07	0.0792734322489481	1.67006263354281	0.433860894097794	ok
f2.0_r008	control	150	128	-116.091981157307	-117.507799028966	3.31079354991116	1.79921185036932	3.88075182646191	3.25526651888078e-06	1.62709041148438e-06	0.339469083156335	2.83163574331866	0.24272701270021	ok
f2.0_r009	driver	150	122	-105.165795473498	-106.866849508246	1.16429694429139	1.93085382398841	4.73346678299861e-07	0.236088579798776	2.36540864484294e-08	0.131729758946674	3.40210806949591	0.182491070714575	ok
f2.0_r009	control	150	69	-89.9754489073307	-90.3851526795953	1.71515355289464	2.01155192337763	1.15387828564112e-05	0.650589192791851	2.40160460311175e-07	0.12003546783432	0.819407544529128	0.663846870867858	ok
f2.0_r010	driver	150	141	-94.5204509464869	-97.5195916287362	0.432210448434656	2.00222539587716	0.106335715202722	0.48364892324926	3.80507965986143e-09	0.0768494262597492	5.99828136449864	0.049829869666791	ok
f2.0_r010	control	150	105	-101.500720354394	-101.618608369912	1.68960338160587	1.97153669977377	0.206611324899872	0.502280360429992	1.44046459153167e-07	0.114723311377365	0.235776031035783	0.888795578354386	ok
f2.0_r011	driver	150	135	-101.942555049663	-103.427736034602	0.890829508497777	1.7824797714978	7.77467103029464e-09	3.6103970937665e-08	0.21532351166226	0.130420690266617	2.97036196987693	0.226461350873659	ok
f2.0_r011	control	150	112	-101.316025723197	-101.371393596485	1.62118983954585	1.7364903942552	1.27429965419134e-06	1.53138584827179e-05	3.16665346366727e-07	0.120625693820843	0.110735746576239	0.946137025386373	ok
f2.0_r012	driver	150	129	-122.817219593911	-126.260532939996	0.729846138357573	1.81280882013763	8.40101031263606e-07	0.364184773843886	7.7124829490318e-08	0.122219614233263	6.88662669216981	0.0319586197412986	ok
f2.0_r012	control	150	116	-105.555460476554	-106.483079394894	2.03031116821989	1.43685524935692	0.193082541368308	0.00614283350102852	6.42919225396194e-10	0.0642189258874559	1.85523783667929	0.395494294334613	ok
f2.0_r013	driver	150	143	-63.3201504891865	-64.8351940332714	1.18662155600745	2.69345103741451	1.58583518483549	1.0938323923556	3.0504087521637e-08	0.0928630655186722	3.03008708816968	0.219798613709897	ok
f2.0_r013	control	150	73	-66.4786116390785	-66.4943619763706	2.65099175282544	2.60149002564771	1.1697795577759	1.00795797483526	2.12098441806633e-09	0.185691896204035	0.0315006745842652	0.984373050620499	ok
f2.0_r014	driver	150	123	-131.056418661674	-134.452962539908	0.982890862245004	1.79966012617364	0.565736461337667	0.336094987477753	3.52769550914046e-10	0.197858381955055	6.79308775646848	0.0334888115929964	ok
f2.0_r014	control	150	126	-130.495335222818	-133.122521958982	2.91147448557337	1.55989359910192	3.20657397944077	5.43913174690263e-06	3.15594436038987e-07	0.299395785911031	5.25437347232975	0.0722815234683542	ok
f2.0_r015	driver	150	126	-106.042620143873	-107.218666001154	1.47585718026693	2.14880030114339	0.813665523959085	0.88782009572123	7.9802038447414e-09	0.104170050831461	2.35209171456268	0.308496167946428	ok
f2.0_r015	control	150	141	-109.230596944904	-109.28451005703	1.85102444360428	2.05803690356842	1.44294072461971	0.841531828169809	2.80032952160611	0.226280629182251	0.107826224251284	0.947514430440055	ok
f2.0_r016	driver	150	135	-97.8013053564244	-99.0887076335478	1.24445782370284	2.11599278980189	0.654785599976763	0.726335362451497	4.32245739653028e-09	0.0901047053505583	2.57480455424692	0.275986789891207	ok
f2.0_r016	control	150	127	-109.292338633086	-109.701785254451	1.88937182038816	2.05425591762329	1.20609529800365	0.649440839945933	0.0583009963703783	0.145830309416609	0.8188932427297	0.664017601638819	ok
f2.0_r017	driver	150	124	-118.904712600344	-121.582916326241	0.901696299397169	1.97889629294028	3.0907034352565e-05	0.484915924033301	7.4324403594546e-08	0.157245032030672	5.35640745179415	0.0686864230517191	ok
f2.0_r017	control	150	141	-97.8030432719416	-98.0967231482482	1.37123890396659	1.74143215385728	0.497651456064787	0.213482368596331	2.88245899216898e-06	0.050951329315145	0.587359752613082	0.745515110298114	ok
f2.0_r018	driver	150	134	-105.261417435403	-107.334374447333	1.78142630710007	2.11388315408356	3.1244046153143	0.505610059051766	6.99252852907834e-08	0.307919897763203	4.14591402385904	0.125813199978991	ok
f2.0_r018	control	150	108	-106.252844049065	-107.80430512815	3.2450165686914	1.77410233784475	2.40705934581136	0.141193334491486	5.11255801043219e-09	0.284225037944559	3.10292215816963	0.211938089189498	ok
f2.0_r019	driver	150	134	-77.5030920897857	-79.6226224891019	1.02220829649567	2.00111404279335	9.54597986132623e-09	2.60026833681311e-08	1.55200734722347e-09	0.10145989153178	4.23906079863244	0.120088008683329	ok
f2.0_r019	control	150	136	-84.9408203361178	-85.6036154385909	3.31082585149802	1.91457557954743	3.26225899353169	3.11420792161845e-06	2.95552766674286e-06	0.178335609724944	1.3255902049462	0.515408699144478	ok
f2.0_r020	driver	150	133	-104.345650418307	-105.470644362076	1.26412093921473	1.84510701013867	1.03358680994741	1.77397062209827e-06	1.85775485235045e-07	0.193164476716449	2.249987887538	0.324654433534641	ok
f2.0_r020	control	150	126	-92.965398296368	-93.4854413365396	1.40804933658242	1.82563850317469	3.76416327783775e-08	3.06120133516664e-06	4.72499058531987e-06	0.100202563191432	1.04008608034317	0.594494960254452	ok
f2.0_r021	driver	150	134	-87.7190380373641	-88.9750764931509	2.00063026095588	2.10210937515451	3.25072694058067	2.53713133520372e-07	4.63110476651925e-07	0.338162966168206	2.51207691157367	0.284779963218516	ok
f2.0_r021	control	150	139	-70.9145867130033	-70.967953744552	2.24700831375469	1.97079680335521	6.65472655478649e-06	2.09430989578902e-05	2.68758253704412e-06	0.0574755952246424	0.106734063097463	0.948031990968875	ok
f2.0_r022	driver	150	127	-109.281498001366	-110.278899813473	1.17161549149214	1.75451366907664	3.6409766673243e-07	1.66579153855871e-08	0.149628423589732	0.143480805994156	1.9948036242136	0.368836503857599	ok
f2.0_r022	control	150	140	-98.3287841709922	-99.3649913214811	2.10977916578385	1.7381886356118	2.95221743154218	2.03922049048874e-08	0.221270003621955	0.179711740587886	2.0724143009777	0.354797827941579	ok
f2.0_r023	driver	150	140	-85.9097400982999	-92.4211247999691	0.189818841414312	2.40715052452615	0.184037163367991	0.943033579469652	3.54775136070456e-07	0.0994273423859722	13.0227694033385	0.00148642004904842	ok
f2.0_r023	control	150	110	-87.1976011358489	-87.8267733501275	1.8550045364576	2.34759207567281	4.45500170361801e-08	1.08700164811268	1.19190062230801e-06	0.0683549344389035	1.25834442855722	0.533032855419187	ok
f2.0_r024	driver	150	0	NA	NA	NA	NA	NA	NA	NA	NA	NA	NA	skipped_invariant
f2.0_r024	control	150	0	NA	NA	NA	NA	NA	NA	NA	NA	NA	NA	skipped_invariant
f2.0_r025	driver	150	108	-103.055675260729	-104.34109476389	1.30092233349458	1.91964066150591	0.000421582297286975	0.248218726855951	4.44238389174607e-09	0.14587053925542	2.57083900632298	0.276534552176994	ok
f2.0_r025	control	150	139	-90.3037722794403	-91.3274639246099	1.03832357779833	1.87105043277242	8.18931837816869e-06	0.315211014313874	5.68281392634215e-06	0.0450216452605487	2.04738329033921	0.359266205721091	ok
f2.0_r026	driver	150	137	-88.6379256982748	-90.8817558348404	1.01318111191635	2.40393646806355	6.94491699642237e-09	0.884833715971238	0.572482447731859	0.102739601910696	4.48766027313113	0.106051533643183	ok
f2.0_r026	control	150	119	-98.1624285157809	-98.3578832078876	2.16743918509842	2.16133751123366	1.12598527889703	0.528315613171696	0.0648902216866036	0.201242215468465	0.390909384213273	0.822460606677482	ok
f2.0_r027	driver	150	121	-89.9534136047345	-99.2227860081534	0.78335114721799	2.02232538001036	1.85047808467792e-07	2.79813208136763e-08	0.06846554591927	0.0487658636041308	18.5387448068378	9.42676573382822e-05	ok
f2.0_r027	control	150	134	-97.4929531102507	-97.9008648398776	1.7240797737497	1.7035312159546	1.23940179092188	0.0811447754029287	0.0963534885265039	0.0467222004944326	0.815823459253835	0.665037579346848	ok
f2.0_r028	driver	150	138	-80.5080273496363	-88.848069331934	0.559061551609154	2.17624573622694	8.71936525244028e-08	0.513737950117427	0.0919014867253308	0.0221588119969422	16.6800839645955	0.000238762318935786	ok
f2.0_r028	control	150	31	-77.7133810963706	-82.8014555904495	2.06775053543275	1.5638042034596	0.178405433442602	0.963183263313436	5.63815031338218e-09	0.0670856133389449	10.1761489881578	0.00616988861390862	ok
f2.0_r029	driver	150	127	-117.931165762637	-121.670609030443	1.12865858675615	1.95827196184911	1.03479911190959	0.251911595548479	4.39250905059278e-09	0.251146911115736	7.47888653561358	0.0237673314872231	ok
f2.0_r029	control	150	143	-91.2285342524164	-93.2209434358852	0.724563980820171	1.88091051952937	0.418319687798417	0.294861818153921	6.05625483688546e-08	0.0580473392632295	3.98481836693765	0.136366497469294	ok
f2.0_r030	driver	150	141	-61.4523869013191	-65.5902547403071	0.676399632745974	2.76866169355836	1.87981041028863e-06	1.31502287013853	1.79017157822307e-08	0.0412607413461104	8.27573567797597	0.0159568378069487	ok
f2.0_r030	control	150	78	-73.8798471685944	-73.9300240994176	2.58880022147314	2.50837945319005	1.10855184258521	1.17178943131437	3.102881376459e-09	0.153661485239999	0.100353861646369	0.95106113758361	ok
f2.0_r031	driver	150	138	-74.87831233108	-75.1330956299401	1.92705115653736	2.11086499541414	1.3454837745291	0.287100416870869	1.62815317895352e-10	0.113492575164403	0.509566597720294	0.775084441445595	ok
f2.0_r031	control	150	119	-84.19023780842	-84.414007356646	2.20333202251304	2.05832318208205	1.59614257014949e-07	0.322773712977314	4.87553652650273e-08	0.124559828454045	0.447539096452061	0.799499359186694	ok
f2.0_r032	driver	150	141	-85.9780296932075	-90.8829376767905	0.246392711320118	2.50392011539319	5.27875686692201e-06	1.11504149277369	0.636049812984135	0.111288505991205	9.80981596716609	0.00741012490468773	ok
f2.0_r032	control	150	116	-90.3344259090659	-91.8030081385109	2.61911656346911	2.23343781655383	2.07886004742034e-05	1.04365097451653	2.56703479078671e-07	0.0705413683955685	2.93716445888984	0.230251697962275	ok
f2.0_r033	driver	150	125	-82.9777826380925	-85.8424308176111	1.28872476415534	2.54814567570145	2.54649221775538e-08	1.30984879710863	1.59362031804421e-05	0.0403368360470673	5.72929635903725	0.0570031824916919	ok
f2.0_r033	control	150	101	-111.265252014767	-111.65296881005	1.89704570643274	2.11093704796669	5.94468778162828e-07	0.823250433102241	0.101552609709943	0.132465658421062	0.775433590565484	0.678604500048532	ok
f2.0_r034	driver	150	144	-52.9702553176166	-58.0277984940786	0.361976997380158	2.37749340656309	9.5625819662615e-08	0.368748055955869	1.80151104862286e-07	0.0591720105357541	10.1150863529241	0.00636116859941622	ok
f2.0_r034	control	150	95	-73.3708838547462	-73.9892381161335	2.41171550580706	2.02532302080417	6.65143456143635e-08	0.149378446456146	2.90475485305199e-08	0.18457263856144	1.23670852277465	0.53883048242621	ok
f2.0_r035	driver	150	130	-97.4116394800967	-99.1148900945342	1.81868233763706	2.36834600535266	1.51319402084877	0.888362536976198	3.82595893934737e-09	0.158607839238027	3.40650122887502	0.182090654469214	ok
f2.0_r035	control	150	0	NA	NA	NA	NA	NA	NA	NA	NA	NA	NA	skipped_invariant
f2.0_r036	driver	150	125	-89.3659992451129	-90.4248621494575	1.96198145359367	1.85978581064856	1.08840935545465	0.131949886957945	0.245078872513816	0.0184650904798566	2.11772580868913	0.346849987793052	ok
f2.0_r036	control	150	107	-108.049557368952	-109.07354064101	2.70303612288139	1.7061963869176	1.82300042150355	0.0122100824024954	1.1142518882916e-08	0.265423901467604	2.04796654411581	0.359161449311081	ok
f2.0_r037	driver	150	141	-73.892372441283	-79.2177358766101	0.193457843255147	2.05120966412139	3.72669973562275e-07	3.77624001108051e-07	1.45752679757654e-07	0.113103879594352	10.6507268706543	0.00486658200496601	ok
f2.0_r037	control	150	136	-75.5451987412733	-76.1477719156615	3.2248000622898	1.91069260892191	1.23719386506152	1.53261880252877e-06	3.02373281080196e-05	0.0879546971616792	1.20514634877648	0.547401263393716	ok
f2.0_r038	driver	150	133	-69.2516556264333	-70.2573769926548	1.58067206125104	2.65539051066122	0.661464009426441	1.09942595100174	2.89774485483513e-07	0.0974796757801211	2.01144273244307	0.365780677785178	ok
f2.0_r038	control	150	122	-70.7342020185107	-71.1920888231073	2.59963419001591	2.46249248986564	1.64728327652288	0.790107230018816	3.01866037719669e-08	0.124907398254217	0.915773609193309	0.632619081726699	ok
f2.0_r039	driver	150	98	-118.13623272367	-123.639995577476	0.97430568308312	2.60637718156363	7.61279913908368e-06	1.60718504822777	2.36762587275508e-08	0.0754178414941491	11.0075257076126	0.00407142241118491	ok
f2.0_r039	control	150	129	-129.999046401795	-130.780636975078	1.50858092436586	1.98486893002733	0.99380681616817	0.967738290539381	0.0602705725454018	0.0867577660284614	1.56318114656631	0.457677462509527	ok
f2.0_r040	driver	150	123	-112.310877332796	-128.292021444484	0.411044140372632	2.84003987750547	3.1519939997366e-06	1.76813445434297	1.81505310727274e-08	0.121397307012893	31.9622882233757	1.14677257373828e-07	ok
f2.0_r040	control	150	2	-89.5611600285413	-92.5404520065464	2.18096168855225	0.567290708275239	1.19064256772676	0.59190314038162	4.18252875187397e-11	0.260002383983584	5.95858395601027	0.050828809042562	ok
f2.0_r041	driver	150	131	-96.6597083090251	-98.8768482077053	1.11840670432459	1.8448797398286	0.302180110719724	9.6790994122383e-07	8.95623847823415e-08	0.121413880650408	4.43427979736038	0.108920186525267	ok
f2.0_r041	control	150	84	-81.0060206198505	-81.6281151037416	1.7459207385636	2.1077431039807	2.31994668043231e-09	0.742860545301982	3.82503201354698e-07	0.0643885253635614	1.24418896778221	0.536818900756676	ok
f2.0_r042	driver	150	145	-79.2255946938005	-81.2753513267921	0.454003116059947	2.1405554594407	0.4914293024028	0.566998897223307	3.20667137582034e-08	0.054575410387825	4.09951326598318	0.128766237228801	ok
f2.0_r042	control	150	132	-97.3990031298968	-99.1803750685193	2.23072200563725	2.06284238407619	2.40851911075861	0.323456625688114	2.24714268037665e-09	0.234247788999162	3.56274387724491	0.168406944715259	ok
f2.0_r043	driver	150	124	-120.066148592654	-121.362389928123	1.49516535809738	2.0396445276094	1.05722824660999	0.663835556020702	1.21202681478398e-08	0.183912597490543	2.5924826709379	0.273558076136783	ok
f2.0_r043	control	150	16	-94.5473836152575	-95.6276312632131	1.86024793012778	1.72422329459839	0.319819902318408	0.979958528750166	2.03507120793558e-10	0.305927816210802	2.16049529591123	0.339511435920031	ok
f2.0_r044	driver	150	124	-123.434074180786	-126.347886839953	0.936293078415085	2.05815910217026	0.179211384138402	0.76670074869461	4.20705455024357e-09	0.129179875415231	5.82762531833367	0.0542684279152995	ok
f2.0_r044	control	150	97	-122.925129320137	-123.505185359334	2.26059141744906	1.62236351034737	1.02886715034899	0.307868084265056	5.78258277396388e-08	0.170394708743745	1.1601120783935	0.559866991189813	ok
f2.0_r045	driver	150	137	-89.2016438607883	-94.1731628756844	0.548809421963751	2.21683110536517	1.55271460102431e-05	0.626763685422934	2.62952554570196e-06	0.0897370826735759	9.94303802979226	0.00693260929573249	ok
f2.0_r045	control	150	120	-97.3843718444737	-97.9571607208832	1.56347017102441	2.18598999718532	3.42908108430662e-06	0.755384779571982	3.77150863288518e-07	0.102501499132072	1.14557775281892	0.563950455382336	ok
f2.0_r046	driver	150	132	-101.28319550402	-102.952961063624	0.981949565780761	2.01597995267191	3.54287819665915e-06	0.38322987516385	1.61964911638655e-07	0.115191831835095	3.33953111920815	0.188291203528997	ok
f2.0_r046	control	150	141	-94.3138428071867	-100.097845421185	9.07838691547505e-08	1.9875200769478	5.42703055582018e-09	0.270685663765215	0.464879514099924	0.133517395667204	11.5680052279961	0.00307637718175927	ok
f2.0_r047	driver	150	138	-60.0883403689668	-60.7807713593805	1.93846981750318	2.73207090208401	3.31541144432306e-09	0.921528222935056	1.56986698910142	0.0630867427348713	1.38486198082749	0.500358223335799	ok
f2.0_r047	control	150	132	-61.9473242028592	-63.6691739531922	4.43921733322716	2.43138975122792	4.63505238871434	0.349396622032526	4.3997370713151e-09	0.278683274835805	3.44369950066596	0.178735226400213	ok
f2.0_r048	driver	150	132	-93.7372356613835	-95.0148714819047	2.0687801797259	1.90755529279072	1.6682155728836	2.97179501909036e-09	0.0160606449493103	0.184612956909615	2.5552716410424	0.278695408169113	ok
f2.0_r048	control	150	51	-66.8641452356439	-67.0980293796883	1.78132232346026	2.17099761912029	8.95463047050447e-06	0.511968696341049	1.69723797040893e-07	0.0664273307931704	0.467768288088848	0.791453505186243	ok
f2.0_r049	driver	150	131	-92.1895248544947	-97.0827967682516	0.725576432754358	2.36858981961067	4.66976023559891e-07	0.755022452266776	1.27380651035664e-07	0.129070674070334	9.78654382751364	0.00749685324544521	ok
f2.0_r049	control	150	141	-78.8553412134899	-79.2848260519144	1.45601016235607	2.05739288474214	0.594826714286291	0.425076796141925	9.87114102058897e-09	0.0563074271430364	0.858969676849057	0.650844298348013	ok
f2.0_r050	driver	150	0	NA	NA	NA	NA	NA	NA	NA	NA	NA	NA	skipped_invariant
f2.0_r050	control	150	107	-210.921844244793	-210.986206085468	0.984795615096531	0.994764788443307	0.361373338532368	0.244936376440677	8.54157077203674e-10	0.101017315476385	0.128723681350664	0.937665652566704	ok
f2.0_r051	driver	150	140	-104.335379685702	-105.909858768301	0.380103572948947	1.7632419569397	2.37309135101844e-09	5.40132821968491e-08	1.70070118304528	0.214769251683142	3.14895816519837	0.207115414608583	ok
f2.0_r051	control	150	145	-89.5860489246375	-90.7496805030428	0.940449273155185	1.70901676629408	1.54985173689582	6.18800555778081e-06	2.38749295795431e-06	0.076587922551585	2.32726315681069	0.312349795922201	ok
f2.0_r052	driver	150	141	-91.7502238589171	-92.2785780987673	1.74828591446109	1.83179623264835	2.73661090836057	8.21843130495439e-08	0.552271208728749	0.198977490616966	1.0567084797004	0.589574469844968	ok
f2.0_r052	control	150	121	-104.177899900875	-105.425836993214	1.23096354363777	1.86443860304772	6.93414789505847e-07	1.3327116272671e-06	3.78238071663883e-08	0.173879090376389	2.4958741846776	0.287096439843208	ok
f2.0_r053	driver	150	131	-97.5497089835752	-100.649189818912	2.31712968953498	2.40272766693866	3.09675947543204	0.875592207711866	1.80917360009548e-08	0.312104925207035	6.19896167067398	0.0450725964196877	ok
f2.0_r053	control	150	23	-66.4826509043452	-68.5258579333496	2.22891973032564	3.26420438120776	0.661870145485105	2.95745772357759	2.45625543558058e-09	0.0785030334126457	4.08641405800878	0.129612372991911	ok
f2.0_r054	driver	150	144	-76.6835837421446	-76.9104467300457	1.42325104402066	1.94211006858503	2.33038179533945	2.36477107171602e-07	1.59671364310635	0.176553516345643	0.453725975802172	0.797029977559555	ok
f2.0_r054	control	150	110	-77.4436990127268	-77.6492825455489	2.26715873862471	1.85047621566446	0.445179806544487	1.40643372019916e-05	1.58045217068354e-06	0.109875741176657	0.411167065644122	0.814172081634915	ok
f2.0_r055	driver	150	139	-100.963007807207	-103.59603899361	0.681357251713991	2.4130813032141	1.29322393829192e-06	1.35555712177275	1.03136094697833e-06	0.047298568238522	5.26606237280487	0.0718603097815343	ok
f2.0_r055	control	150	139	-102.939186397225	-104.831877726421	1.0673406141273	2.30662810173735	1.17537306693264	1.18251233604893	2.7344659753424e-06	0.0915186532501292	3.78538265839305	0.150665771501631	ok
f2.0_r056	driver	150	133	-111.207211579018	-112.627811353528	0.928231228024173	1.66583892866343	1.93758999159136e-07	1.81782661366281e-05	9.5814666519675e-07	0.107820545515809	2.84119954902005	0.241569086458122	ok
f2.0_r056	control	150	117	-115.586182489036	-116.029229261856	2.11457395170041	1.59018720922886	0.91992805560269	1.60885558886789e-09	0.415424702794337	0.0729862328951744	0.886093545639739	0.642077174625418	ok
f2.0_r057	driver	150	141	-92.5794682360616	-98.1624643963669	0.496095110994142	1.77879226370228	7.03092557157668e-07	0.0499184586992864	0.203844872227526	0.0475229760452394	11.1659923206106	0.00376127922395307	ok
f2.0_r057	control	150	134	-104.249488538674	-105.140142782634	3.35292734041216	1.67636117654386	2.86153322695021	0.132381833003291	7.49763722520638e-08	0.130172715038096	1.78130848792063	0.410387171574726	ok
f2.0_r058	driver	150	139	-89.1480283778739	-91.4563882363477	0.656002806209777	2.23251673557689	2.06913527109783	0.49611991756617	4.27366504985485e-06	0.223828139417146	4.6167197169475	0.0994241876428686	ok
f2.0_r058	control	150	140	-83.0491986204535	-83.1205645357317	3.73647931417621	2.03967389167697	5.66730929061799	0.213283896946507	3.48962423159174e-10	0.237875221601388	0.142731830556386	0.931121118341178	ok
f2.0_r059	driver	150	144	-80.6750127016642	-80.6303222991934	1.74076901364742	1.83354554241219	1.01426779890774	2.49375942739339e-09	1.27623378844257	0.0938773255989504	-0.0893808049415838	1	ok
f2.0_r059	control	150	37	-74.6167350332819	-75.0880998637209	1.85924091569764	2.0819029016179	1.66762099381303e-06	0.80216731954664	2.22132527992101e-09	0.174294103467702	0.94272966087803	0.624149828013033	ok
f2.0_r060	driver	150	144	-70.0433771797415	-70.9185700982465	1.02857879928303	2.08067542250018	0.660205460425038	0.268072145067938	0.201083744018317	0.0676363860454018	1.75038583700999	0.416781607037676	ok
f2.0_r060	control	150	137	-76.4793774733743	-76.7303202482005	2.61418688095224	2.00076652347013	1.72594034621974	0.163471599714226	1.41117977179627e-08	0.0989308067544745	0.501885549652428	0.778066895298306	ok
f2.0_r061	driver	150	136	-96.7449408970336	-99.2752733852187	0.907123383729914	2.2305629919041	0.593755232593007	0.707241547377499	2.34172913251272e-07	0.121419585530969	5.06066497637019	0.0796325390054171	ok
f2.0_r061	control	150	0	NA	NA	NA	NA	NA	NA	NA	NA	NA	NA	skipped_invariant
f2.0_r062	driver	150	141	-86.4567454898376	-88.6249795949597	3.27290800150382e-09	1.99892527033786	2.65512786266655	1.0297213262884e-07	1.23836586392249e-07	0.275062140356777	4.33646821024422	0.114379420709414	ok
f2.0_r062	control	150	126	-86.8810130052676	-86.9781492127534	1.79886588605909	2.00359647088183	4.67398203843639e-07	0.249345385856408	3.86734150396048e-06	0.106724731874138	0.194272414971607	0.907432398629776	ok
f2.0_r063	driver	150	130	-120.888086274023	-125.061729734654	0.628788438540306	1.80690263333389	6.78312980401828e-06	0.201235731229728	0.258344045913186	0.176805948569647	8.34728692126203	0.0153960628609128	ok
f2.0_r063	control	150	136	-106.715433819641	-107.494142306003	2.38518218373562	1.59651001603692	2.04941814346082	4.9569631680236e-08	5.57061038047233e-07	0.120260164584723	1.55741697272362	0.458998431397621	ok
f2.0_r064	driver	150	142	-76.5159203586665	-79.0719222454935	0.550807937431161	2.18390648070904	1.24639851802723e-06	0.475599117972366	0.161021785396599	0.0745934199481387	5.11200377365401	0.0776144322232608	ok
f2.0_r064	control	150	123	-101.348487530087	-101.81657385491	1.60747000608137	2.17488705070268	0.316370131034264	0.485813992021796	0.146397525720761	0.188315583341666	0.93617264964675	0.626199464766084	ok
f2.0_r065	driver	150	128	-101.406461696189	-109.21815453549	0.611430762700608	2.0142009319966	7.92925307340979e-09	0.154112761180024	1.49561962799493e-07	0.164615029943007	15.6233856786019	0.000404971914854336	ok
f2.0_r065	control	150	69	-101.482996643672	-101.573475933366	1.65350326386995	1.87817593195523	0.00576517393702604	0.27916396648393	1.42582984265337e-10	0.193188238336846	0.180958579387379	0.913493252430118	ok
f2.0_r066	driver	150	140	-98.6663577253759	-103.886835204958	0.247503957553404	2.46510866417704	0.672299145848743	1.27523063030393	1.39661918673891e-05	0.106785077953495	10.4409549591634	0.00540474785349306	ok
f2.0_r066	control	150	105	-105.90280595972	-106.20388335918	2.71464001620631	2.12768007673098	1.53882795772689	0.987302998509802	4.97238016765645e-07	0.143818505200029	0.602154798921049	0.740020493343077	ok
f2.0_r067	driver	150	140	-89.516919506497	-91.291741685354	0.729210808368216	2.02403867416895	4.51285395036953e-07	0.25221194202458	1.29990425323111	0.16180972648792	3.54964435771407	0.169513589919896	ok
f2.0_r067	control	150	92	-86.9986284676168	-89.3077784113907	3.10460098495317	1.72139251660902	1.76790940640927	8.82016991874365e-06	4.19626494751782e-07	0.20402799253914	4.61829988754781	0.0993456650775793	ok
f2.0_r068	driver	150	139	-81.9064451749456	-82.9998724960236	1.22260138200525	2.14437328504671	0.64215563109132	0.526226436644988	0.168026215772681	0.0908918653349066	2.18685464215602	0.335066144265572	ok
f2.0_r068	control	150	136	-83.2499678517413	-85.6085458082156	5.4066449172929	1.9009564640327	5.93282874381503	0.121354006438149	5.83629482262772e-08	0.215954973391829	4.71715591294873	0.0945545883773128	ok
f2.0_r069	driver	150	118	-98.2962739539966	-102.710787137136	1.03171219601779	2.15960684756526	5.98941652476167e-08	0.406198899094524	8.2584361450855e-07	0.142574262260224	8.82902636627807	0.0121004433913325	ok
f2.0_r069	control	150	133	-100.895557002973	-100.976872322397	1.78970794416887	1.82323879745365	6.46577053035111e-07	0.231367945400069	1.1041875298803	5.5476781959937e-08	0.162630638846878	0.921902951701876	ok
f2.0_r070	driver	150	138	-106.793173436099	-109.386242778354	0.742650450298745	1.93020723672968	1.05777584480746	0.401013270745472	3.27230042693762e-06	0.146127784877434	5.18613868450947	0.0747901309217914	ok
f2.0_r070	control	150	103	-107.160465245645	-107.443552706355	2.16098466741251	1.67120621015388	0.859517154841388	0.110545850268296	2.260379288075e-09	0.147743311406772	0.56617492142081	0.753453887365661	ok
f2.0_r071	driver	150	0	NA	NA	NA	NA	NA	NA	NA	NA	NA	NA	skipped_invariant
f2.0_r071	control	150	0	NA	NA	NA	NA	NA	NA	NA	NA	NA	NA	skipped_invariant
f2.0_r072	driver	150	140	-41.7608148222662	-44.035144994752	1.18823423770854	4.13115717687655	0.166246237102619	2.99803048968388	0.355981479495862	0.0525869574644402	4.5486603449715	0.102865787698974	ok
f2.0_r072	control	150	134	-45.2695937571983	-45.826249549509	2.76820283061814	3.93081465841344	2.1893718277594	2.7328124607264	9.04677825869558e-08	0.0858046054357504	1.11331158462146	0.573122503278465	ok
f2.0_r073	driver	150	141	-84.9984764184174	-89.2114998604969	0.288302338271376	2.228016239433	0.720580089825696	0.580367071103319	1.42920230835384e-07	0.1238044081762	8.42604688415906	0.0148015489918159	ok
f2.0_r073	control	150	96	-89.5686559611069	-90.0123036288796	2.25554308257389	1.95762114154639	1.00563616702209	0.120674542615772	2.818608248078e-09	0.184349148361892	0.887295335545332	0.641691469587591	ok
f2.0_r074	driver	150	0	NA	NA	NA	NA	NA	NA	NA	NA	NA	NA	skipped_invariant
f2.0_r074	control	150	103	-228.968499357582	-230.876934265246	1.15732024296061	1.37221804407964	1.11861909772396	0.819587461058558	0.0367300094066318	0.184616115411548	3.8168698153284	0.14831232753075	ok
f2.0_r075	driver	150	115	-128.056897371452	-130.954977920062	0.994336854015744	1.69392072513109	0.0486055141386185	0.00977150802667372	5.41678466878888e-08	0.186968808811939	5.79616109721991	0.0551289358783627	ok
f2.0_r075	control	150	103	-128.359671124154	-130.526265727032	2.71044441540989	1.51593758788179	1.84329440955002	3.98556369799934e-06	3.48402512223826e-07	0.254150338661357	4.33318920575556	0.114567099834506	ok
f2.0_r076	driver	150	139	-98.9513674004579	-100.986323885202	1.57354144304926	2.00107800136296	1.8395649807984	0.470850622363539	1.95050274871143e-08	0.139918852379153	4.06991296948775	0.130686169222421	ok
f2.0_r076	control	150	86	-97.4389136938285	-97.8368040074354	1.95831585951319	2.01287237939666	0.228135164063851	0.798771750536239	4.99801761932485e-08	0.103813605212251	0.795780627213873	0.671735703887748	ok
f2.0_r077	driver	150	139	-78.7556573837291	-81.5114371543838	0.981550324248663	2.52034209114743	1.50604485121996	0.880953393829043	0.201615640612665	0.175609291630564	5.51155954130937	0.0635594385553218	ok
f2.0_r077	control	150	142	-66.7209583841559	-71.0226545773777	0.390493206910231	2.63455753068394	1.80875857285427e-06	1.0921641361309	1.61595830779297e-06	0.0650773505369691	8.6033923864436	0.0135455636222004	ok
f2.0_r078	driver	150	137	-104.516803835014	-107.779490361018	0.557807002516768	1.75140403817015	2.93145866299391e-08	2.45278043023959e-06	0.107914041030504	0.118684782383755	6.52537305200863	0.0382854049966736	ok
f2.0_r078	control	150	116	-104.41573266284	-105.086974750011	2.07352500741316	1.58760978012963	4.22957358505967e-07	4.81327621328801e-06	6.95102115621214e-07	0.106508702299685	1.34248417434389	0.511073385689939	ok
f2.0_r079	driver	150	132	-88.6094035784116	-89.6260408419238	1.16948400315069	1.93685641229718	0.00702420164481789	1.31492162381609e-07	5.01778725402657e-08	0.139294778255373	2.03327452702439	0.361809567026152	ok
f2.0_r079	control	150	114	-82.3344108847354	-82.6895988978454	2.15944110969334	1.80910460959613	7.9487468577825e-08	8.45007486265855e-07	1.44961718294023e-08	0.092443416424017	0.710376026220075	0.701041625800928	ok
f2.0_r080	driver	150	116	-123.157860275007	-129.93100188708	0.978596355733922	2.59675850376828	0.620624279160738	1.37464756204061	1.07169103551685e-07	0.203972557023752	13.5462832241465	0.00114409469731944	ok
f2.0_r080	control	150	93	-105.030741744991	-105.50145592655	1.90172882665935	2.44465255661952	0.978396512684954	1.42794618328909	1.90344693297039e-08	0.108218498445706	0.941428363118803	0.62455606254303	ok
f2.0_r081	driver	150	133	-80.58968168733	-83.2248590476222	1.09103198240771	2.47485100526329	0.387996453482577	0.990889528893993	6.63529051616675e-08	0.0900954732420008	5.27035472058441	0.0717062504391733	ok
f2.0_r081	control	150	105	-62.9321298250044	-63.2669138286778	2.09864524136213	2.40601836067707	0.834005111292605	0.973853043857445	3.2657822680443e-09	0.0178958534425745	0.669568007346811	0.715492613439526	ok
f2.0_r082	driver	150	128	-92.5606931210132	-93.7785671524149	2.10786809715536	2.11415558541075	1.57469207333933	0.429376554786721	0.0141470162162128	0.158003671496138	2.43574806280355	0.29585848464336	ok
f2.0_r082	control	150	79	-94.3098961898658	-94.5932707982781	2.13949177013058	2.0896419474557	0.357062857518751	0.745170465647183	0.0182230273328353	0.174581251894434	0.566749216824576	0.753237565873025	ok
f2.0_r083	driver	150	123	-93.149611741911	-99.667372996463	1.04878892255445	2.09206946791982	1.81274905455553e-07	0.471779151843712	7.756178490326e-09	0.0781300708307796	13.0355225091041	0.00147697196810701	ok
f2.0_r083	control	150	119	-89.655172652628	-89.7410207405495	2.03783873661762	1.74708205867114	0.50251562671846	0.196112370061136	2.93878545788757e-08	0.0601886259158139	0.171696175842982	0.917733635455369	ok
f2.0_r084	driver	150	130	-101.024354126045	-104.312383935375	0.816077759067733	1.89740670868784	2.28563406079453e-06	0.13667013821063	1.32519537589198e-06	0.130999371072785	6.57605961866037	0.0373273189334441	ok
f2.0_r084	control	150	83	-106.424205340284	-106.72234885794	1.83940505742989	1.61034848947804	2.46594603406762e-06	2.6291681369999e-08	9.90988448312876e-09	0.178384448776222	0.596287035311462	0.74219481404399	ok
f2.0_r085	driver	150	97	-123.364517213913	-127.324133615332	1.1327218938018	1.97297452534042	0.164129977744075	0.415240995040424	0.0699046668643377	0.117266011915062	7.91923280283848	0.0190704282779265	ok
f2.0_r085	control	150	109	-115.92204190588	-115.963463592435	1.75741170194379	1.63576911987245	0.627813994835812	0.349109770826629	7.73944071099077e-09	0.0874450992384309	0.0828433731107054	0.959424468234462	ok
f2.0_r086	driver	150	130	-86.4716533067188	-91.7532867810151	0.789872419702796	2.33210773233043	1.97783260418177e-06	0.677911931489973	4.81234722946191e-09	0.104519306280477	10.5632669485926	0.00508411922810523	ok
f2.0_r086	control	150	116	-85.9058459564136	-86.2991260043828	2.71663152960912	1.959909679782	1.59049980676476	0.378621511026961	1.21569106057677e-07	0.119859647939669	0.786560095938427	0.674839733623935	ok
f2.0_r087	driver	150	136	-87.6925632958004	-93.9603611416933	0.477265471355457	2.31342964839811	2.65595651501838e-06	0.68574643860244	6.25071299079871e-09	0.106174002626034	12.5355956917857	0.00189640015369078	ok
f2.0_r087	control	150	0	NA	NA	NA	NA	NA	NA	NA	NA	NA	NA	skipped_invariant
f2.0_r088	driver	150	130	-101.350548412738	-104.261028378465	0.873650694981153	1.88211509460373	2.47183838383916e-06	7.03094367110622e-06	7.06717084875961e-08	0.150894098887307	5.82095993145313	0.0544495896596272	ok
f2.0_r088	control	150	97	-104.020728832135	-104.053260849568	1.82334569778101	1.73756797463757	3.37621369859007e-08	6.11702801223756e-07	1.3375357663071e-08	0.191034745259883	0.0650640348652018	0.967991456733925	ok
f2.0_r089	driver	150	0	NA	NA	NA	NA	NA	NA	NA	NA	NA	NA	skipped_invariant
f2.0_r089	control	150	73	-206.200874991464	-206.46228118563	1.02720943945243	1.26721604753257	0.352190175028804	0.745824197956794	5.65514184542282e-09	0.0994600702820521	0.522812388332909	0.769968099536147	ok
f2.0_r090	driver	150	140	-76.1971980756673	-79.5613945465446	0.452495835910589	2.56412010128631	1.73611052173658	0.931204037366793	1.17635150465413e-07	0.196292737298125	6.72839294175452	0.0345897988651239	ok
f2.0_r090	control	150	94	-77.7744537544249	-80.3287225129935	2.8615031830937	1.97830413614055	0.238134598154503	0.510957038112251	4.57926696363993e-08	0.128600692534957	5.10853751713708	0.0777490646229198	ok
f2.0_r091	driver	150	133	-112.124744794883	-114.337283706836	1.14341947870923	2.10408838301204	0.94785152515235	0.881667758476054	3.77579442373099e-08	0.119736277497393	4.42507782390589	0.109422481497956	ok
f2.0_r091	control	150	106	-116.795953920336	-117.570875356891	2.45364805467999	1.78298274068877	1.06491954635745	0.643961759085868	1.57204075194082e-09	0.11432383825226	1.5498428731095	0.46073997689706	ok
f2.0_r092	driver	150	120	-119.212287968905	-122.640254457275	1.45357361726253	2.18882118907559	1.32112794808713	0.806760436490117	2.28808184155881e-09	0.254694747789452	6.85593297674103	0.0324528670017707	ok
f2.0_r092	control	150	117	-106.958553142013	-106.769617237275	2.57325923785651	1.91057968668363	1.77326104681898	0.598207925079918	0.302960791880418	0.0515841276508289	-0.377871809475693	1	ok
f2.0_r093	driver	150	128	-109.144296714152	-111.438411005844	0.964921174712721	1.87365955063582	3.53776613305049e-08	0.318666539504446	0.0395386209744078	0.102653997574222	4.58822858338351	0.100850678005752	ok
f2.0_r093	control	150	23	-80.4598299341273	-83.395132143335	1.7825193154871	1.03830711489565	0.0368927618642578	5.93449618268191e-07	3.19014517479222e-08	0.0480007472924512	5.87060441841541	0.053114665139793	ok
f2.0_r094	driver	150	141	-74.3880033314494	-75.7596921371857	1.01580698790233	2.34637668709659	0.606701034898821	0.680569534898877	0.488927296012539	0.107410678486076	2.74337761147271	0.253678184422717	ok
f2.0_r094	control	150	119	-78.4992999483418	-78.5430041531783	2.18919224652835	2.26031931713482	0.734983754313883	0.600903168290351	4.79773856211234e-09	0.129123295724416	0.087408409673003	0.957237061693723	ok
f2.0_r095	driver	150	143	-81.1067811458508	-81.6059544324034	2.56993373656261	1.81407083553103	2.76939991484495	2.02285475811957e-06	0.265246489902887	0.104571235765936	0.998346573105096	0.607032294090683	ok
f2.0_r095	control	150	123	-92.8519426707284	-93.7484775215089	2.96155631192212	1.77648534319758	1.8329314871311	1.65905226486049e-06	5.52952887955529e-07	0.164264533157578	1.79306970156102	0.40798092799514	ok
f2.0_r096	driver	150	0	NA	NA	NA	NA	NA	NA	NA	NA	NA	NA	skipped_invariant
f2.0_r096	control	150	0	NA	NA	NA	NA	NA	NA	NA	NA	NA	NA	skipped_invariant
f2.0_r097	driver	150	117	-121.09161884617	-127.355312923054	0.78277393282464	1.84472935744692	1.16334542283522e-08	0.295751944326549	3.37280864493256e-09	0.129400901127899	12.5273881537675	0.00190419853229832	ok
f2.0_r097	control	150	111	-122.812818685797	-124.775724622412	1.12977637194181	1.91027048418789	2.93861935409638e-08	0.681419947445033	2.59423571940706e-07	0.0866501894412221	3.92581187322952	0.140449689439708	ok
f2.0_r098	driver	150	136	-111.033622673441	-115.970382097063	0.397466434818765	1.84245782638465	0.792227153488366	0.127969974650949	2.70107573749569e-09	0.200345732345896	9.87351884724467	0.00717782100182151	ok
f2.0_r098	control	150	125	-111.918762672119	-112.835046733291	2.20385352392279	1.69498690459474	1.57293021090797	2.72127759535135e-07	6.17906487790513e-08	0.181365000355208	1.83256812234518	0.400002668289526	ok
f2.0_r099	driver	150	114	-118.283514798935	-124.927211004558	0.882392304666345	2.68028569758596	4.65032440993188e-05	1.57089668100829	7.15089758648785e-07	0.113212312298881	13.2873924112452	0.00130220511966005	ok
f2.0_r099	control	150	128	-107.547446914251	-111.594056317679	6.19776477576109	1.68716185943667	6.33563564036811	0.297949996162499	3.72138984082345e-09	0.224512478827083	8.09321880685525	0.0174815471415822	ok
f2.0_r100	driver	150	140	-82.5713611285447	-85.0393687245698	0.79488919733513	2.43946434289113	1.69572578814851	0.817876711681537	1.15831645793869e-08	0.172246867846157	4.93601519205018	0.0847535542095528	ok
f2.0_r100	control	150	104	-82.6665760471341	-82.7199307678155	2.44450695278091	2.3322523717742	0.833180069319331	0.885761988285856	1.01429180774302e-09	0.123094056874221	0.106709441362739	0.948043662136812	ok
f2.0_r101	driver	150	140	-67.6184793786254	-71.2666218313213	1.2065179668372	2.09675032675743	0.679513863135654	3.1547550334155e-08	0.266731987271315	0.0529869781274698	7.29628490539187	0.0260394533986864	ok
f2.0_r101	control	150	99	-74.1092335894516	-74.9029138812434	1.9095837735456	2.43519557440703	1.64720210692182e-08	0.944696624180487	2.0040187457815e-07	0.0905224394429049	1.58736058358357	0.452177583801698	ok
f2.0_r102	driver	150	138	-107.413796340218	-110.891433104875	0.532131040711229	2.16491958099757	1.80175946839595e-07	0.829868933521489	0.612043884867186	0.117872773558994	6.95527352931441	0.0308803022909984	ok
f2.0_r102	control	150	95	-102.237648001482	-102.837682801023	2.43993446828429	1.70478506270526	1.18339746613128	0.293750747237536	0.00367833169303847	0.112037204077653	1.2000695990821	0.548792538033272	ok
f2.0_r103	driver	150	131	-77.4062387466149	-77.8298694847865	1.8594799022622	2.51141317431334	0.812441849561419	1.02787027149996	7.13604080826902e-08	0.0991107484059693	0.847261476343249	0.654665580290272	ok
f2.0_r103	control	150	81	-80.417606800051	-80.6923280737744	2.6473509636305	2.22374442001868	1.08176768168129	0.780494640313923	7.24582972906902e-09	0.159953794806257	0.54944254744683	0.759783865442362	ok
f2.0_r104	driver	150	128	-139.025669411924	-140.760846286337	2.01456545233147	1.61145748688318	2.47062135657238	0.299835832364951	2.90646009165686e-08	0.253628695443793	3.470353748825	0.176369002363687	ok
f2.0_r104	control	150	83	-126.19712818274	-128.257472454165	1.63908757988551	1.61227993212587	0.797377238293535	3.54727543624988e-06	0.0977306721172006	3.26633585786679e-09	4.12068854285093	0.127410098687159	ok
f2.0_r105	driver	150	119	-104.399854166162	-106.369951741971	1.450669748234	2.5404564363221	0.736444994352435	1.36045538640847	0.0246774864799408	0.12861605262956	3.94019515161889	0.139443249263288	ok
f2.0_r105	control	150	105	-105.038014041139	-106.219736752967	1.63276636993166	2.62475443289116	0.548780288599949	1.55672050277195	1.41910459128729e-09	0.120235648093064	2.36344542365572	0.30674984158307	ok
f2.0_r106	driver	150	118	-132.850389125558	-142.267896940993	0.587816516719578	2.23810444433368	0.0156687278639295	1.13933691158094	2.36239988913828e-08	0.101745794737065	18.8350156308708	8.12883526561784e-05	ok
f2.0_r106	control	150	124	-145.211441102822	-146.374109588016	1.06830200500554	2.07140331758226	0.107913146690679	1.17977049921621	0.636644187207617	0.092539854192341	2.32533697038821	0.312650762796499	ok
f2.0_r107	driver	150	134	-83.1324762776053	-84.8912093811739	1.01048168681966	2.06284855338875	3.09828323355531e-07	0.121139048902074	7.69844089089758e-07	0.124737597233519	3.51746620713723	0.172262964973679	ok
f2.0_r107	control	150	125	-82.8647673791726	-83.0696997691591	2.21063665157841	1.9413725764542	0.885591109623695	2.08222918845448e-08	2.78417863366732e-07	0.146444778166643	0.409864779972906	0.814702396589478	ok
f2.0_r108	driver	150	141	-102.736200179502	-106.847518139895	2.52762216174194e-07	1.81750526693014	0.573894753709419	0.146831913685015	2.60513803834488e-10	0.135320037646332	8.22263592078528	0.0163861639733902	ok
f2.0_r108	control	150	120	-113.975458255679	-115.030496117797	2.40563249921887	1.70003207121583	1.81678922623835	1.37986364041634e-06	6.46097754323478e-08	0.236980447609777	2.1100757242362	0.348179244252965	ok
f2.0_r109	driver	150	134	-100.990339254061	-113.313060093853	0.080467005815125	2.24819720730462	0.176163054964665	0.60145912298349	2.12930768245519e-07	0.18889124159933	24.6454416795833	4.44949104698258e-06	ok
f2.0_r109	control	150	97	-78.654854206883	-80.1761852360204	1.64822393556726	2.4631231814437	3.21219890942646e-06	1.28415010861897	2.00779048354086e-09	0.0370429809673254	3.04266205827486	0.218420968711257	ok
f2.0_r110	driver	150	133	-89.9998887124156	-93.1480522339431	1.13174277322038	2.68283425871284	0.907411451985014	1.41092951157767	2.90456462783442e-08	0.122838489620595	6.29632704305502	0.0429308961824696	ok
f2.0_r110	control	150	89	-73.0228408970187	-73.1857682704623	2.27892907666635	2.68829044032405	1.0056985349985	1.64370842279661	2.18852298379059e-10	0.0500294340755437	0.325854746887273	0.84965289353761	ok
f2.0_r111	driver	150	141	-102.90919156764	-105.508582199045	0.361237514515131	1.71365408897363	0.710564123515305	7.50629075251801e-07	2.35236442756869e-08	0.124538230935032	5.19878126281006	0.0743188519931423	ok
f2.0_r111	control	150	97	-92.621584005026	-94.0655116240081	2.36962985693031	1.51367483929952	0.768070345767567	2.6507983195715e-06	6.32703054645434e-08	0.0741194887841963	2.88785523796435	0.235999021775975	ok
f2.0_r112	driver	150	123	-91.9429909044261	-95.4429821182019	1.66532506853758	2.43017426321103	1.39189110829633	0.723538228085066	1.83287786561581e-08	0.24909361036675	6.99998242755149	0.0301976487444668	ok
f2.0_r112	control	150	4	-58.4548930887083	-61.8474287436015	2.35803948938282	1.08048621850916	0.764285857408394	1.07949667088917	7.18648391786645e-11	0.182147765333463	6.78507130978632	0.0336233116022554	ok
f2.0_r113	driver	150	116	-113.529742915079	-116.409513815501	1.71003199072791	2.14292038296519	1.31473319323581	0.757464131272992	4.1860081082668e-10	0.1861083511767	5.75954180084383	0.0561476247578892	ok
f2.0_r113	control	150	115	-111.014000091323	-114.025345563828	4.25143190441338	1.74245004852203	3.4924698732683	0.543090757470702	1.1686846558818e-09	0.174803632306305	6.02269094501065	0.0492254027582163	ok
f2.0_r114	driver	150	138	-61.8460229802302	-62.5138189087617	1.33438477577949	2.1431359404887	2.24797728512945e-05	1.98353092798223e-05	6.56170225589771e-06	0.0906851553334742	1.33559185706304	0.512837663899177	ok
f2.0_r114	control	150	113	-75.6379553205114	-76.2915265418019	1.71014755621146	2.19590875837735	2.10479932217142e-05	2.223094545446e-06	6.620135098549e-08	0.19903634593575	1.30714244258112	0.520184760796207	ok
f2.0_r115	driver	150	131	-93.0249359635319	-94.7738661314967	1.10733010947507	2.15613287344216	2.63040266462629e-06	0.454658332035385	6.78421741224428e-08	0.114994521936006	3.49786033592974	0.173959951863157	ok
f2.0_r115	control	150	106	-89.0346995281108	-89.9210928534199	1.80678971084621	2.00049633126573	0.573732830657651	0.06259474686492	1.39550471010552e-08	0.182515882388689	1.77278665061823	0.412139528602441	ok
f2.0_r116	driver	150	139	-95.142247993431	-95.7925164709751	1.76312320693325	1.85590058200963	3.31295163250744	2.50106478762527e-07	2.79428330594599e-05	0.228918945320944	1.30053695508818	0.521905638005866	ok
f2.0_r116	control	150	98	-103.461690919599	-104.276200807841	1.49740433531691	1.89788141767565	8.77473489796187e-05	1.59743046959361e-06	1.93770879468196e-06	0.218997777395002	1.62901977648428	0.442856323271961	ok
f2.0_r117	driver	150	121	-145.394228664304	-147.978373106981	0.829151485124839	1.52448830159189	2.85373528689077e-06	4.46662681172357e-06	1.27309968816613e-07	0.165736311453424	5.16828888535429	0.0754606128711647	ok
f2.0_r117	control	150	117	-117.654094527854	-118.029972787777	1.65023563382448	1.36287963573458	6.90539161627593e-07	4.5848199770958e-08	2.30337837043516e-07	0.0586688856996282	0.751756519846452	0.68668592515119	ok
f2.0_r118	driver	150	136	-102.596759321217	-107.971417689831	0.534186407411815	1.90604759297778	2.96825564831932e-06	0.332540915891166	2.90457307566202e-06	0.0901368923248346	10.749316737227	0.00463250107099352	ok
f2.0_r118	control	150	142	-99.6675032262121	-101.980365025203	0.473733834089762	1.78456073045547	0.133785441491903	0.257045118755996	2.42633534789302e-07	0.0669806611375078	4.62572359798168	0.0989775918921732	ok
f2.0_r119	driver	150	0	NA	NA	NA	NA	NA	NA	NA	NA	NA	NA	skipped_invariant
f2.0_r119	control	150	0	NA	NA	NA	NA	NA	NA	NA	NA	NA	NA	skipped_invariant
f2.0_r120	driver	150	137	-95.1859447857876	-96.2541949001858	1.51264699983887	2.15141662119868	1.12779244486845	0.775874062601317	2.65797480277172e-08	0.088460454814428	2.13650022879645	0.343609268554208	ok
f2.0_r120	control	150	72	-86.1597682764915	-86.6549514136694	1.97137564984971	2.19152855962252	0.347308761791487	1.13059682376499	3.5317073758335e-08	0.0856999047702779	0.990366274355893	0.609459282422233	ok
f2.0_r121	driver	150	0	NA	NA	NA	NA	NA	NA	NA	NA	NA	NA	skipped_invariant
f2.0_r121	control	150	87	-230.404451982572	-230.935795632034	0.854042996130325	0.860850907097391	0.263586997645652	3.90370668618526e-08	1.68578797348708e-08	0.178836884261055	1.06268729892429	0.587814622021441	ok
f2.0_r122	driver	150	130	-115.41065598747	-117.026027400106	1.14253190573873	2.05836057274256	0.46201479583356	0.607244049756312	0.298554605166149	0.160839017036151	3.23074282527216	0.198816813649141	ok
f2.0_r122	control	150	120	-122.130725727882	-122.341130591237	2.23559811260297	1.84850461475218	1.40111647067295	0.345459083557438	0.238597213381704	0.2316537421914	0.420809726710473	0.810256136536886	ok
f2.0_r123	driver	150	0	NA	NA	NA	NA	NA	NA	NA	NA	NA	NA	skipped_invariant
f2.0_r123	control	150	64	-181.92172052075	-183.911433523218	0.947469073984025	1.50923474565729	2.92177485732799e-07	1.03060107193758	2.74209902053994e-09	0.0642024067301573	3.97942600493519	0.136734662325492	ok
f2.0_r124	driver	150	0	NA	NA	NA	NA	NA	NA	NA	NA	NA	NA	skipped_invariant
f2.0_r124	control	150	70	-209.47179349356	-209.98885363758	1.01512504122192	0.789018816540611	0.201592473982072	0.0226975483897577	8.25584358145953e-09	0.128096236292275	1.03412028803922	0.596270924425282	ok
f2.0_r125	driver	150	139	-89.6183179131689	-94.0045826018806	0.427430259592695	2.08204182507153	2.9236208916703e-06	0.456242570054647	6.6658917775304e-08	0.0903011665687856	8.77252937742338	0.0124471364229993	ok
f2.0_r125	control	150	0	NA	NA	NA	NA	NA	NA	NA	NA	NA	NA	skipped_invariant
f2.0_r126	driver	150	132	-58.5260017181119	-59.1621744240629	2.47759875900211	2.44561419491233	1.88107011088429	0.180261892302798	6.01094455407941e-09	0.219192282048188	1.27234541190187	0.529314394068448	ok
f2.0_r126	control	150	0	NA	NA	NA	NA	NA	NA	NA	NA	NA	NA	skipped_invariant
f2.0_r127	driver	150	141	-86.3369550852333	-87.2001710289313	1.00743828107225	2.24954510997062	0.16835326903973	1.00757586960356	8.90631440247099e-07	0.0376698688484	1.72643188739596	0.421803402775339	ok
f2.0_r127	control	150	0	NA	NA	NA	NA	NA	NA	NA	NA	NA	NA	skipped_invariant
f2.0_r128	driver	150	123	-119.469843931171	-127.57429493238	0.652118268691567	2.20525588681318	1.28116014414736e-06	0.931535027186367	2.37554926188667e-07	0.10806225193724	16.2089020024189	0.00030219108732151	ok
f2.0_r128	control	150	97	-123.426649225514	-125.247492968284	2.2829016183534	1.44091995840985	0.670536176965102	0.245069893193058	2.28245437273178e-10	0.126418422087988	3.6416874855388	0.161889100535074	ok
f2.0_r129	driver	150	141	-94.6071424353906	-95.4283497770903	1.49067544295726	1.8458062854006	1.5333202487473	0.135406865817639	0.428542492062618	0.135451303131238	1.64241468339944	0.439900223877372	ok
f2.0_r129	control	150	77	-88.4985813362315	-89.7199997707445	1.80197583822762	2.2122276742118	5.52023892899514e-07	1.04127266001061	0.0219696555054663	0.0889727110220893	2.442836869026	0.29481169912072	ok
f2.0_r130	driver	150	129	-96.6232285509097	-98.3608271522065	1.35063596549684	2.13103353672452	0.756300968721395	0.447463627053826	0.0191011307001435	0.163775215870138	3.47519720259356	0.175942401572904	ok
f2.0_r130	control	150	141	-82.7795403350214	-84.806267121642	0.714969444135492	2.1840108567242	8.02479968895926e-08	0.633768209293165	0.159308295818132	0.0668453227701587	4.05345357324123	0.131766114661283	ok
f2.0_r131	driver	150	140	-103.706261535186	-105.199074689653	3.15730381115451	2.13661492916392	5.1871631908799	0.851838180229238	1.16234320649192e-08	0.231466290360772	2.9856263089352	0.224739538392331	ok
f2.0_r131	control	150	81	-93.7790742581319	-94.6484939428058	2.32524547072479	2.01229916285078	0.902697999746787	1.07627647870724	2.41159940654202e-09	0.0671086941553668	1.73883936934772	0.41919474381052	ok
f2.0_r132	driver	150	130	-124.392257434612	-126.552951209537	0.895881336921489	1.79253769324956	0.476287336092559	0.316815068641339	0.175370471004082	0.174530367472466	4.32138754984922	0.115245139108845	ok
f2.0_r132	control	150	117	-123.05185998491	-124.109287717019	1.79992021433974	1.61585650206799	1.15594819669316	0.0270717369410414	8.29767146773479e-10	0.21299625845288	2.1148554642181	0.347348134643183	ok
f2.0_r133	driver	150	126	-109.652631491418	-111.960176554081	1.07302092746044	1.92370498822902	0.335389283676027	0.198582405515538	1.49413658252427e-08	0.179908800279368	4.61509012532693	0.0995052310668385	ok
f2.0_r133	control	150	126	-97.5441471255477	-100.937720089151	0.942335521696442	2.00708982808912	3.32787116110434e-07	0.288317382205234	5.30743894072221e-10	0.125424223443779	6.78714592720723	0.0335884519315017	ok
f2.0_r134	driver	150	133	-116.235326136959	-121.958783647107	0.442124443555864	1.72109897232309	2.16479757892176e-07	5.56693337552519e-08	1.33644631315958e-05	0.15058388983099	11.446915020295	0.00326839084949367	ok
f2.0_r134	control	150	96	-115.293801930105	-117.389619922036	2.47438509102329	1.46305425336565	0.891071183138954	2.83367988323566e-05	1.07612859337697e-06	0.173741169231478	4.19163598386069	0.122969614350383	ok
f2.0_r135	driver	150	143	-100.063900638989	-100.368927144628	0.827835429149489	1.68017021812675	5.07502622952116e-07	1.85542638794215e-07	3.20697750811797	0.191085249909014	0.610053011278325	0.737103836724378	ok
f2.0_r135	control	150	127	-104.804149403807	-105.016674204724	2.09836901190346	1.62130787472613	0.484952094483318	2.81991437992596e-07	5.57994018124104e-07	0.110820884213954	0.425049601832313	0.808540263533504	ok
f2.0_r136	driver	150	121	-117.023315179401	-120.279046849597	0.924540228106264	2.1187797333105	2.93899848961332e-08	0.875676026435146	2.97294913427256e-07	0.0994282169365702	6.51146334039248	0.0385526025511828	ok
f2.0_r136	control	150	124	-126.919430237823	-127.019589821218	1.91768743923283	1.79916954062006	1.14356586693359	0.531359579793036	0.114551692261792	0.153593109515306	0.200319166790734	0.904693032529605	ok
f2.0_r137	driver	150	141	-91.4633815030559	-93.5690065446426	1.23304729341246	1.88744980881375	2.39952396532263	0.11697854770886	9.08795497530797e-08	0.174448331180285	4.21125008317335	0.121769539451698	ok
f2.0_r137	control	150	103	-86.464248130163	-86.4935232326555	1.83080273164117	1.86561111385155	0.265548586504637	0.180111909370014	2.94994453416348e-08	0.102961015999122	0.0585502049849254	0.97114926213171	ok
f2.0_r138	driver	150	128	-108.126871910959	-109.116674159551	1.22163512953757	1.77171923255603	0.158864459354057	2.63379591953858e-06	5.80326761577752e-08	0.141754629267069	1.97960449718585	0.371650178101379	ok
f2.0_r138	control	150	138	-101.632850806068	-102.439642572084	4.35066683237047	1.77418930889585	6.20668318675489	3.12495260816077e-07	5.02449286596414e-06	0.256847618299169	1.61358353203104	0.446287566849386	ok
f2.0_r139	driver	150	135	-108.016250055559	-108.830368505998	1.18245254992432	2.072810984556	0.115241604548744	0.666622099255675	0.897427155738738	0.136844087882687	1.62823690087791	0.443029707910708	ok
f2.0_r139	control	150	109	-104.303391487249	-104.58602988433	1.67583164498458	2.07073262475678	0.393481630992719	0.667194999509768	1.8908943710434e-09	0.140554424892806	0.565276794162997	0.753792312083964	ok
f2.0_r140	driver	150	137	-101.480270270623	-106.471451099375	0.59988277503959	2.3292157582385	3.19993796138695e-06	1.0845601668814	2.98054850863544e-06	0.0634969954453185	9.98236165750532	0.00679763291081153	ok
f2.0_r140	control	150	120	-118.888148557952	-119.217136976652	2.63265462816637	1.92207762832688	1.94331728221678	0.547444575304966	0.132932629938606	0.203591415506705	0.657976837399616	0.719651351197145	ok
f2.0_r141	driver	150	143	-79.3512817360594	-81.9321642549783	0.559555280088819	1.93249046088301	1.34263314274128	1.08796690099334e-08	4.92805052380397e-08	0.12985066336267	5.16176503783782	0.0757071615299542	ok
f2.0_r141	control	150	45	-69.7275169211847	-69.9283521532243	1.83801974353004	2.01561607659991	0.0736072208722449	3.56441584641877e-06	4.26177123066471e-08	0.177495864203285	0.401670464079189	0.818047208420147	ok
f2.0_r142	driver	150	141	-54.1280377581323	-56.3148305079968	0.955896224195451	2.77854364033676	1.58551728655771e-07	0.877082279348656	0.469011625862041	0.0891687948019592	4.37358549972899	0.112276269853581	ok
f2.0_r142	control	150	104	-60.818721953633	-62.4284797206256	2.046000929492	3.15836949660352	1.04646290850514e-06	1.56745992062519	1.08281217335812e-06	0.118040821691044	3.21951553398512	0.199936039317912	ok
f2.0_r143	driver	150	142	-85.0717085785296	-86.6960617824748	0.759203701167764	1.76515976307571	1.27945554696362e-09	0.0227498266115961	2.00974162732008e-07	0.0491792057939994	3.24870640789047	0.197039078096256	ok
f2.0_r143	control	150	138	-102.545395873264	-103.139690680997	1.91019682236453	1.76000556070179	2.52341103716568	1.3977680405913e-08	0.138294696220711	0.191812641435226	1.18858961546587	0.551951660701291	ok
f2.0_r144	driver	150	142	-95.0799186922865	-98.7162492577672	0.299911711644198	1.96219740878897	0.232472098531338	0.39051837309126	6.97526279093494e-07	0.0820433113129312	7.27266113096147	0.0263488521798453	ok
f2.0_r144	control	150	99	-89.9453207444474	-90.8714743850987	1.47347656818189	2.12339778505291	1.77554848530045e-08	0.624353134068339	7.80382668618912e-07	0.0623996539172369	1.85230728130267	0.396074228078182	ok
f2.0_r145	driver	150	145	-55.3722432679217	-57.7447542000473	0.343074690164175	2.4017291433634	0.0411174038036302	0.497209207386893	2.98061962387339e-06	0.0559570549945852	4.74502186425126	0.0932462969605409	ok
f2.0_r145	control	150	131	-74.2437419954988	-74.5631658088622	2.84835413805719	2.2265565497631	2.0842930536374	0.205403096703283	7.90168712513452e-07	0.186151009527267	0.638847626726829	0.726567555005663	ok
f2.0_r146	driver	150	134	-97.8989728911612	-106.193336517902	0.235635172085695	1.96781219235367	2.73036758570729e-06	2.16855257130052e-07	2.11824076543193e-08	0.18841570599457	16.5887272534825	0.000249921515662354	ok
f2.0_r146	control	150	111	-113.745886263817	-114.322902819089	2.3471370366947	1.81760851589082	1.31543766374191	2.01161432253551e-05	5.19867383761567e-06	0.298041390696259	1.15403311054311	0.561571286687075	ok
f2.0_r147	driver	150	130	-94.5904491907363	-97.9992556954613	1.15949262792598	2.49388033064575	0.850598173560607	0.977591894005582	5.84548001472917e-08	0.165730655642163	6.81761300945013	0.0330806584342331	ok
f2.0_r147	control	150	130	-82.7490126030624	-84.4889821667086	1.24098902552182	2.60522879696515	1.64330200015705e-07	1.2902638234263	7.99283244049089e-10	0.0605779070490817	3.47993912729243	0.175525742899306	ok
f2.0_r148	driver	150	134	-73.470632437977	-75.450152188074	1.09795956697473	2.06778417636901	2.76983177008595e-08	0.0707052418588448	1.31754880073734e-07	0.088937595582524	3.95903950019388	0.138135560973418	ok
f2.0_r148	control	150	94	-76.6832824582144	-77.4342530753482	2.21498713856846	1.93025063665396	1.10021941346298e-07	0.248142174373369	3.82097422165439e-07	0.104649488460739	1.50194123426758	0.471908288107226	ok
f2.0_r149	driver	150	136	-102.776351619893	-104.224085704804	1.1082987185463	1.95934354431251	0.750853972880628	0.483612386838559	9.2065898903028e-07	0.112113772933642	2.89546816982178	0.235102407089602	ok
f2.0_r149	control	150	0	NA	NA	NA	NA	NA	NA	NA	NA	NA	NA	skipped_invariant
f2.0_r150	driver	150	137	-90.5126942335593	-91.7651288356468	3.29584461396139	1.96774693366761	5.63239976630887	7.24477875903157e-07	2.71294036468346e-06	0.351412144629851	2.50486920417492	0.285808120093159	ok
f2.0_r150	control	150	0	NA	NA	NA	NA	NA	NA	NA	NA	NA	NA	skipped_invariant
f2.0_r151	driver	150	122	-132.091931625192	-140.804520091777	0.539017895277115	2.26879341820956	4.39837726089576e-09	0.918457944817661	0.364746218663816	0.242380896747284	17.4251769331698	0.000164501895244029	ok
f2.0_r151	control	150	73	-114.285466665108	-114.381739165779	1.90196568614244	1.71179039346798	0.608926482699848	0.47474615430928	2.34899161074483e-09	0.155443895647155	0.192545001342069	0.908216492741385	ok
f2.0_r152	driver	150	114	-108.817825536903	-116.56290362811	0.861178566579289	1.96968119401241	1.05904269700668e-07	5.34454424911741e-08	3.80236175348521e-08	0.194590668886434	15.490156182413	0.000432867842053404	ok
f2.0_r152	control	150	66	-105.094508656692	-105.814609931767	1.87269372812997	1.48814449361581	0.132055077990081	6.39425252831852e-06	1.09779540430502e-06	0.198958251849187	1.44020255015084	0.486702962584675	ok
f2.0_r153	driver	150	143	-57.6186687910524	-62.9999795028323	0.306401561786727	2.69203923851726	1.2202740411229e-05	1.10764079039427	7.9111564958856e-07	0.0547563300726707	10.7626214235598	0.00460178635981988	ok
f2.0_r153	control	150	52	-63.0689857172399	-64.4804828986538	2.38280126189521	2.64702520427804	0.366573357127014	1.72321322526624	2.36129255268429e-09	0.134413846145471	2.82299436282794	0.243778029861002	ok
f2.0_r154	driver	150	134	-95.075772615409	-101.078999309789	0.444168964509277	2.02703207345096	0.0668535283497272	0.0526499469875409	1.96696661959385e-07	0.174519285693311	12.0064533887605	0.00247076689091442	ok
f2.0_r154	control	150	132	-100.094096027986	-101.307538709409	1.47727162234761	1.92852093261091	1.04908531381008	7.87032682225611e-08	0.382433023709771	0.235134493329556	2.42688536284567	0.29717244629485	ok
f2.0_r155	driver	150	132	-104.703172144689	-105.589314900231	1.32012417854578	1.7718048645844	0.471953942797043	0.0228242361161963	0.285959519158848	0.153788181290471	1.77228551108328	0.412242811247504	ok
f2.0_r155	control	150	144	-89.5471274091862	-92.0119085672273	0.315708662398913	1.78487577374046	0.143842990606693	0.080643495289364	3.96013183706205e-08	0.0626705823243529	4.92956231608204	0.0850274479090566	ok
f2.0_r156	driver	150	138	-78.9262439560002	-81.785862512318	0.691304797053659	2.07376951072834	4.01135045491092e-07	1.99839786823398e-06	0.290539299198741	0.139679418700833	5.7192371126356	0.0572906092390697	ok
f2.0_r156	control	150	132	-66.8858945096999	-67.5446407732816	2.24589794371215	2.03476962974696	1.07481416074083	7.03745301274414e-09	0.412240342138765	0.0211067367968865	1.31749252716341	0.517499736210087	ok
f2.0_r157	driver	150	139	-99.8027472587791	-100.898009904883	1.53411641321018	2.13287892370682	2.60945031797867	0.674061785869777	2.64521059305789e-05	0.187966623638543	2.19052529220735	0.334451752962076	ok
f2.0_r157	control	150	26	-94.4267153350744	-94.9157558025096	1.98400488642951	2.8557959759912	0.696250684693837	1.6493857753195	0.00492772880245201	0.51932274947014	0.978080934870349	0.613214511273334	ok
f2.0_r158	driver	150	0	NA	NA	NA	NA	NA	NA	NA	NA	NA	NA	skipped_invariant
f2.0_r158	control	150	109	-194.392524515232	-195.482234518267	0.802345351578424	1.25240823039039	1.82183211445195e-05	0.468405668197883	9.31150487912499e-08	0.0802345286408634	2.17942000606962	0.33631400960853	ok
f2.0_r159	driver	150	135	-124.386483135652	-128.542369121996	0.51362495434079	1.85198770359385	4.31016342295318e-09	0.507417192739817	0.365909549613645	0.1274247257182	8.31177197268795	0.0156718998875199	ok
f2.0_r159	control	150	89	-112.217665114517	-112.609444486781	1.73148798387074	1.5538390730174	0.193910107211362	0.312682943794012	1.54836119684248e-07	0.0734813359425065	0.783558744527426	0.675853209476387	ok
f2.0_r160	driver	150	145	-82.3650016417431	-84.1512920781838	6.84036762341379e-07	1.84297481855392	1.90032220579374	7.47271018035563e-08	1.73373034372871e-08	0.123760557861896	3.57258087288122	0.167580669208	ok
f2.0_r160	control	150	116	-87.9413650456412	-88.1855870751164	2.22742284159961	1.76487816096273	0.685410259842967	3.58700192271414e-06	1.53352127099685e-07	0.123366801029721	0.488444058950307	0.783313696225038	ok
f2.0_r161	driver	150	143	-42.6370172587755	-42.6794760508353	2.52939482699879	2.19517210795074	3.64932697353551e-05	1.35287818448981e-07	6.32913380247144e-06	0.0309090371357774	0.0849175841195233	0.958429959631705	ok
f2.0_r161	control	150	132	-61.3009138609831	-61.3987116983551	2.42771209055938	2.22518925079818	0.98966281994183	1.61791078123595e-07	9.72683205104807e-07	0.158603951704393	0.195595674744041	0.906832212807454	ok
f2.0_r162	driver	150	138	-103.348750826928	-104.516040074876	2.64847132574063	1.7234018055306	3.68415354710992	3.21768860335992e-07	2.8297239075664e-07	0.218960432730083	2.33457849589533	0.311209410435129	ok
f2.0_r162	control	150	138	-99.4988811254239	-100.452193930341	3.32831621699751	1.67144596434859	3.59878308416197	9.6206132544584e-10	1.02863281414369e-07	0.151444864047159	1.90662560983475	0.385461945727531	ok
f2.0_r163	driver	150	134	-87.9847575513615	-88.7249841933116	2.99368868163455	1.87522019827091	2.6972706787256	0.121556751837322	1.15092672736459e-07	0.162704521198601	1.48045328390029	0.477005793745708	ok
f2.0_r163	control	150	82	-85.6294626021144	-86.0179546799454	1.90146023569054	2.00794793475842	8.10384972114564e-07	0.584481950411634	8.98911767807977e-09	0.0928997659212	0.776984155662063	0.678078593711798	ok
f2.0_r164	driver	150	95	-122.171008356658	-124.404384787419	1.60905031056369	2.00914054011204	0.979236563501551	0.730062003819879	1.11822288143517e-11	0.131717284132064	4.46675286152293	0.107165980074656	ok
f2.0_r164	control	150	108	-136.430680968894	-137.392362581332	1.62497652362795	2.0984747337004	1.08155897035319	1.10829463820727	1.03603001478742e-07	0.169594044184655	1.92336322487591	0.382249549608472	ok
f2.0_r165	driver	150	127	-103.809993037599	-103.822519203952	1.97867403466846	1.86722042085892	4.48975795540219e-06	7.30467197061923e-07	1.44119030752941	0.231107767238713	0.0250523327066787	0.987551959522287	ok
f2.0_r165	control	150	116	-86.6964113078728	-87.5822300808284	2.88878766178744	1.87748773756401	1.66473515596929	6.40648797522482e-07	2.76326947931672e-07	0.1919334693194	1.77163754591129	0.412376392377361	ok
f2.0_r166	driver	150	123	-118.769994073527	-121.140429877646	1.30614615181347	1.77372868480346	0.544199715545657	0.207953045157042	0.209747388713843	0.0674305583092687	4.74087160823947	0.0934399958683153	ok
f2.0_r166	control	150	103	-113.380594274189	-114.964661600245	1.99854785575145	1.57374758077802	9.52848521054548e-06	0.394244234763588	1.55957260528988e-07	0.0776464531729924	3.16813465211129	0.205139031751173	ok
f2.0_r167	driver	150	144	-94.2818264368018	-96.0528985680486	0.441626260074457	1.69726329046371	0.414422289519259	2.77944933619347e-09	3.7974835473802e-07	0.0679152062253584	3.54214426249371	0.170150467366683	ok
f2.0_r167	control	150	121	-94.840701862011	-94.8773305556714	1.73859774301742	1.6415430741572	8.08684864457145e-10	0.00840844732179556	0.0643234857514462	0.0576957810876156	0.0732573873208082	0.964034020845891	ok
f2.0_r168	driver	150	136	-87.8069908576998	-90.4357733070889	0.746605413943058	2.04498932476707	4.34643508369098e-06	0.238902475610916	3.50709137214537e-07	0.115125363017614	5.25756489877824	0.0721662748618045	ok
f2.0_r168	control	150	124	-85.9597680812537	-86.0620990212497	1.97468014709074	1.89697638833903	1.2126974827841e-10	0.173447122208053	1.64831622356553e-06	0.0940669437935881	0.20466187999196	0.9027307525177	ok
f2.0_r169	driver	150	138	-117.627369159235	-120.714726629945	0.487099998840315	1.61866639857352	0.068456163861353	3.34395678977168e-08	1.26230067301608e-07	0.104357684756004	6.17471494142109	0.0456223536610822	ok
f2.0_r169	control	150	126	-120.923939643667	-121.845266441469	1.10292849381722	1.6094128047041	7.67207576678701e-08	5.18391486327344e-06	7.28439935885538e-07	0.124274681488487	1.84265359560283	0.397990637516844	ok
f2.0_r170	driver	150	0	NA	NA	NA	NA	NA	NA	NA	NA	NA	NA	skipped_invariant
f2.0_r170	control	150	0	NA	NA	NA	NA	NA	NA	NA	NA	NA	NA	skipped_invariant
f2.0_r171	driver	150	145	-81.2648146424276	-81.6471956768627	5.69895601747849	2.01822561229903	16.5116173938434	0.115353312184228	6.25802054081423e-07	0.415520725037632	0.764762068870027	0.682235048626887	ok
f2.0_r171	control	150	130	-89.7250255467895	-90.1036618674237	2.18015328248983	2.06919222358669	1.39378434488598	0.487738007451333	4.67083697891737e-09	0.12077550284637	0.757272641268372	0.684794613055971	ok
f2.0_r172	driver	150	136	-87.8938359534643	-89.1426623838739	3.93546048286715	2.04604209148859	5.34570508116605	0.105234772634674	1.40721967814086e-08	0.300205012271414	2.4976528608193	0.286841227551076	ok
f2.0_r172	control	150	141	-78.6297803421068	-79.1462535706248	1.22564940990183	2.2150687988214	0.0962530905798868	0.508818401736302	1.58664209645008	0.127218252833469	1.03294645703588	0.596620987792782	ok
f2.0_r173	driver	150	131	-70.4657743500163	-71.1607591137714	1.51159536208679	2.24806826455837	8.86972542435179e-08	0.317876417021851	1.07978740926772e-05	0.100565367878552	1.38996952751026	0.499082052063562	ok
f2.0_r173	control	150	93	-68.5537947442516	-68.7749497331271	2.39988013339462	2.12942663602764	1.06470084727972	1.10722331989957e-06	0.0477730414427537	0.145481192249396	0.442309977750995	0.801592432752191	ok
f2.0_r174	driver	150	143	-66.3480949948711	-67.0376054831218	0.806939349063411	2.18864598342706	3.45717846631462	5.29466984326099e-06	7.95302269207008e-06	0.228973788729825	1.37902097650135	0.501821656549118	ok
f2.0_r174	control	150	85	-65.853497125066	-66.7836713383565	2.27967436665363	2.41327463257154	1.02161132338657e-07	0.82528548874044	1.63157084715996e-07	0.112050154064079	1.8603484265808	0.394484979858536	ok
f2.0_r175	driver	150	0	NA	NA	NA	NA	NA	NA	NA	NA	NA	NA	skipped_invariant
f2.0_r175	control	150	0	NA	NA	NA	NA	NA	NA	NA	NA	NA	NA	skipped_invariant
f2.0_r176	driver	150	145	-70.3324916669505	-70.7457210715705	2.63346679042691	1.98829607866555	6.66888182879418	1.0637325981323e-06	1.78149560264513e-07	0.199946938579058	0.826458809240052	0.661510511852418	ok
f2.0_r176	control	150	97	-65.0650322518568	-65.0854775779797	2.05223523688335	1.98980724742565	0.190261931001241	0.204810860535909	2.5225421677037e-09	0.0578723130304904	0.0408906522457926	0.979762262411702	ok
f2.0_r177	driver	150	0	NA	NA	NA	NA	NA	NA	NA	NA	NA	NA	skipped_invariant
f2.0_r177	control	150	92	-208.469428061847	-208.672974714576	1.02034792910949	0.860749742550081	0.228977154344479	5.85581353125662e-07	9.3507480927283e-06	0.107791738836211	0.407093305458886	0.815832142638618	ok
f2.0_r178	driver	150	135	-95.4758822461942	-96.720211208428	1.41539089389942	2.19070391196822	0.878436579821896	0.771377644642495	0.0659983148222951	0.0988623003881832	2.48865792446756	0.288134192197767	ok
f2.0_r178	control	150	134	-99.1856128790717	-99.7063132410057	1.67164471676516	2.20550712688246	1.02883813992504	0.849890192632825	3.98674162863303e-09	0.0988669374869683	1.04140072386789	0.59410431418361	ok
f2.0_r179	driver	150	132	-91.2944761422244	-92.7384246204307	1.09572384440078	1.98423703662061	5.03749903708497e-07	0.0502203757221663	0.0790033310783715	0.137469662726415	2.88789695641276	0.235994099070809	ok
f2.0_r179	control	150	16	-60.518378876756	-64.0179378454779	1.87446519483035	5.45461448717737	4.59276324289961e-06	5.31475712173142	5.10525940620472e-07	0.0861289943021799	6.9991179374438	0.0302107043501815	ok
f2.0_r180	driver	150	144	-77.610808996663	-81.5335136751547	0.248998703604236	2.28770471679835	3.26213345306904e-08	0.786326832212261	1.97718636994884e-08	0.0515469078950713	7.84540935698354	0.0197875034684174	ok
f2.0_r180	control	150	76	-85.3921248841412	-86.9023905967104	2.14297341511607	2.05749417082068	8.86680606799498e-08	0.863589571281388	3.17384833036436e-08	0.121964447522992	3.0205314251383	0.220851287199365	ok
f2.0_r181	driver	150	112	-122.918043333672	-127.296163992771	1.40138726311191	2.17138981411041	0.954668020045122	0.65891691335754	4.32645896024999e-11	0.242179301323212	8.75624131819947	0.0125489201729807	ok
f2.0_r181	control	150	120	-115.039082844219	-115.61338489994	2.27791773399561	2.07599419493148	1.89097138941858	0.851026106866936	6.63354762295556e-08	0.19070104803962	1.14860411144167	0.563097742537036	ok
f2.0_r182	driver	150	137	-89.1671779917714	-92.1247562655122	0.790801765921454	2.16749919864605	1.39581694891439e-08	0.651376717537723	0.0108128733190817	0.071291874522768	5.91515654748153	0.0519445604806115	ok
f2.0_r182	control	150	124	-85.9076595990487	-86.157873407823	2.41903592690392	1.83315428459548	0.853356965487235	0.275987195561513	2.49603322327429e-10	0.062833860621716	0.500427617548723	0.77863428643036	ok
f2.0_r183	driver	150	138	-109.803973831692	-112.034804866434	0.671299002644297	1.87273562737187	0.149700775717228	0.463596710233817	2.88402853375715e-07	0.0843665253945556	4.46166206948544	0.107439107394813	ok
f2.0_r183	control	150	126	-113.140527190406	-114.741905150467	1.08864084893239	1.96324322100044	2.35584266383137e-06	0.601273888349732	1.03994941164229e-08	0.0940600187226216	3.20275592012013	0.201618504246504	ok
f2.0_r184	driver	150	122	-93.905785249712	-101.061454320577	0.855940564358433	2.28267686128693	1.80111501976545e-07	0.576306375002113	1.57345024089923e-07	0.108973946932439	14.3113381417296	0.000780427219539414	ok
f2.0_r184	control	150	82	-108.057943736962	-108.916729081254	1.80147269975773	2.13025625486691	1.76081861442257e-07	0.923663706464771	2.44098831642372e-07	0.140896834118737	1.71757068858525	0.423676390846841	ok
f2.0_r185	driver	150	117	-114.724593579214	-120.57131309539	0.827932460265112	1.89984965732583	4.46461971026089e-06	0.296453044043599	4.11137611014963e-08	0.125993463572531	11.6934390323531	0.00288936213377243	ok
f2.0_r185	control	150	100	-127.369094457652	-130.511987824667	2.96126869905227	1.48885721086603	2.33486043207146	6.78515355334953e-06	3.86495727336819e-07	0.294155349883975	6.28578673402808	0.0431577458801786	ok
f2.0_r186	driver	150	133	-104.080744957749	-106.256042185433	1.21478899346975	2.1050135127049	1.20578612777106	0.575960290691803	3.01187882577484e-07	0.175489183326169	4.35059445536723	0.113574391200227	ok
f2.0_r186	control	150	73	-85.558862073606	-88.1873175737524	2.04947384874579	1.9846271006435	1.20216292986306e-06	1.03409404936261	3.74713888892379e-08	0.0648872645073714	5.25691100029289	0.0721898734282739	ok
f2.0_r187	driver	150	0	NA	NA	NA	NA	NA	NA	NA	NA	NA	NA	skipped_invariant
f2.0_r187	control	150	9	-192.027480504047	-194.060841771279	0.877543709419577	0.68469056548794	0.134874054240336	0.499119448829609	2.69273677595956e-10	0.0846123353010326	4.0667225344647	0.130894808456314	ok
f2.0_r188	driver	150	139	-70.4051926819737	-70.6975262742961	2.29914461282327	2.25952071974919	3.16359569320682	0.285400782885859	4.08468769435335e-07	0.20645441584062	0.584667184644786	0.746519461270166	ok
f2.0_r188	control	150	135	-75.794794488199	-75.7712893527411	2.79818512919148	2.21483999645081	1.79857808436008	0.322408170062632	0.61426958909025	0.169042536780584	-0.047010270915905	1	ok
f2.0_r189	driver	150	135	-76.524499655633	-77.7090139644295	3.76779198225225	2.0412012967298	4.28321998751896	3.68442382847685e-06	9.78049665100258e-06	0.248599006501121	2.36902861759305	0.305894713796572	ok
f2.0_r189	control	150	139	-80.4493917152463	-80.7678936971679	1.52233937799597	2.028418213848	0.475904273558248	2.76253728829682e-07	1.24619063209927	0.167072742934947	0.637003963843227	0.727237636626162	ok
f2.0_r190	driver	150	134	-114.444365484278	-115.527616563891	1.04865098469365	1.6070534378677	0.286574384715212	0.0358122350954859	3.87461443995599e-08	0.10038562207684	2.16650215922672	0.338493266292044	ok
f2.0_r190	control	150	103	-113.35224104485	-113.675259196196	1.68658890669473	1.59503731510679	4.08008451980825e-09	0.224397445242275	2.86105109868829e-08	0.101980609200091	0.646036302693091	0.723960713386858	ok
f2.0_r191	driver	150	136	-85.4913215899851	-91.6447247884258	0.467314101043266	2.56653075421307	0.335707852597138	0.993579887188659	2.40623123515901e-08	0.139263300138095	12.3068063968814	0.00212623344893788	ok
f2.0_r191	control	150	118	-87.5776807865629	-87.7847186316681	2.47113743876664	2.27916805784013	1.46668621678935	0.697290680449864	1.21250218415001e-08	0.183248807295946	0.414075690210439	0.812988881755589	ok
f2.0_r192	driver	150	118	-102.85160081996	-104.14134946212	1.49468389779811	2.2690500478323	0.562287790906262	0.91923817387697	5.23176449150219e-10	0.123018490544927	2.57949728432092	0.275339983255716	ok
f2.0_r192	control	150	0	NA	NA	NA	NA	NA	NA	NA	NA	NA	NA	skipped_invariant
f2.0_r193	driver	150	138	-84.4583320820762	-85.9853096712773	1.39625889938808	2.00355351108574	2.3857489322136	3.88842153931388e-07	1.1448590707641e-07	0.228622408790138	3.05395517840225	0.217191117075501	ok
f2.0_r193	control	150	86	-92.2993642398615	-92.3033520632507	1.93302511215409	1.90226350450077	1.78115075913074e-07	2.74973401794456e-07	9.81514333622945e-09	0.271312892663341	0.00797564677839091	0.996020117419475	ok
f2.0_r194	driver	150	140	-82.9905379001659	-87.3441387007592	0.440850664401844	2.39073131838437	0.383483540380844	0.839231591690853	0.0702641967296013	0.106786070737422	8.70720160118663	0.0128604212950911	ok
f2.0_r194	control	150	94	-85.7465293620169	-86.0407141742801	2.1089464071162	2.29601190394314	0.849221420832823	0.703718075897853	2.15520530776348e-10	0.151120277466453	0.588369624526337	0.745138767935107	ok
f2.0_r195	driver	150	131	-96.6083692490515	-98.8256481487669	1.2007073610412	2.0272489298228	1.56891843974765	7.14633023560189e-07	2.1451707893019e-07	0.299897681858682	4.43455779943071	0.10890504755878	ok
f2.0_r195	control	150	133	-82.1053935741934	-82.4996030250359	2.72426610399322	1.86059711718239	0.772581710547711	9.34958462349469e-09	1.05894149393006e-06	0.0956841999417102	0.788418901684992	0.674212827006032	ok
f2.0_r196	driver	150	138	-94.4472057461295	-101.069704543625	0.350367924748349	2.22447333493308	0.0834130415254283	0.725755397566366	4.65505081231215e-08	0.0990445009883463	13.2449975949901	0.00133010313120537	ok
f2.0_r196	control	150	1	-68.7653419322205	-72.8411020536283	1.95557442932325	0.349929950953003	0.311077786888101	1.01939856866118e-05	1.63902769947754e-08	0.532777662495375	8.15152024281562	0.016979303438503	ok
f2.0_r197	driver	150	134	-81.5695154190658	-82.5920435329289	1.35034247281165	1.98473477568002	2.60415758577999e-05	3.71348806214777e-07	5.64952425086127e-09	0.105722183788851	2.04505622772609	0.359684466481394	ok
f2.0_r197	control	150	60	-80.4896306956664	-80.6733605084451	1.84901477660463	2.04582970148607	2.44869885353751e-10	1.01261260527195e-05	6.31653271662424e-07	0.253090297411823	0.367459625557387	0.832160612618677	ok
f2.0_r198	driver	150	0	NA	NA	NA	NA	NA	NA	NA	NA	NA	NA	skipped_invariant
f2.0_r198	control	150	112	-235.649836646689	-235.688595288419	0.785387080878638	0.865917501909662	0.0867685276240421	0.253818046980481	0.0196155706615319	0.0655436480268992	0.0775172834582349	0.961982863649624	ok
f2.0_r199	driver	150	133	-89.5621019218524	-93.8028598324793	0.792411431209715	2.52655473064211	0.733196263963669	0.916036678984189	5.931332481178e-08	0.181152586420286	8.48151582125382	0.0143966763131668	ok
f2.0_r199	control	150	107	-97.7394980046239	-98.2017059715898	1.75640856603587	2.42892005194455	0.102198206003173	0.911107106525029	6.59946532980472e-08	0.175509376562018	0.924415933931726	0.629891329730819	ok
f3.0_r000	driver	150	134	-19.4740320342853	-23.5569591402386	1.22080501107597	3.71371088009361	0.301016012936601	1.16423379680577	2.70346803760454e-08	0.178153194055693	8.16585421190659	0.0168580480698725	ok
f3.0_r000	control	150	136	-21.1212174702868	-21.6131384857991	3.33502142800397	3.49093199962826	2.96024838702187	1.0591672264141	0.15475779412911	0.216426989273445	0.983842031024494	0.611450659042267	ok
f3.0_r001	driver	150	148	-1.25468283362258	-2.59572099352963	0.290730193337151	3.6104376768475	4.93118993617084e-06	1.3636596533287	2.14601582183998	0.0575718558838595	2.6820763198141	0.261573971962041	ok
f3.0_r001	control	150	100	-13.7564221755891	-15.9026576362277	5.53745390148028	2.78219621323195	3.84318746708505	0.146655185173735	6.65170541016849e-09	0.261885842034134	4.29247092127711	0.116923493399703	ok
f3.0_r002	driver	150	141	-12.5547510035355	-19.2818754544296	0.540664521836173	4.01915430251585	4.96434456951547e-08	1.91186626842356	4.31386147185103e-07	0.0891448516029331	13.4542489017881	0.00119797283972488	ok
f3.0_r002	control	150	112	-7.662473349393	-7.76016130597311	4.01096846950052	3.69871145758362	1.92536817942791	1.87834133835704	2.03391842525943e-09	0.0716754089975438	0.19537591316022	0.906931861723778	ok
f3.0_r003	driver	150	145	-18.5361393033393	-19.421627233158	1.31525938577906	3.07250852871966	1.31644845802541e-06	0.629171930373412	1.99273119665546	0.107817917743641	1.77097585963725	0.412512846847916	ok
f3.0_r003	control	150	129	-36.5219464095509	-39.1986942633197	5.29723421544928	2.81669641438064	5.65602980176021	9.91575460866435e-07	0.00166893862910523	0.460866143421374	5.3534957075375	0.0687864945285958	ok
f3.0_r004	driver	150	139	-39.9391112718416	-45.9465921925117	0.391329111031872	2.8241751837753	5.02929719054293e-07	0.306449871993158	2.8007385994211e-08	0.158757500238464	12.0149618413403	0.00246027801629337	ok
f3.0_r004	control	150	132	-42.2751039442012	-43.9160914755596	5.5280786890894	2.4669283459425	4.22850031903467	7.05162768394194e-06	9.86184451209243e-07	0.196057436362686	3.28197506271667	0.193788575471543	ok
f3.0_r005	driver	150	142	-21.025502160362	-21.4623313105455	2.06167737422302	3.07076828436307	7.60920507435992	4.27361924095139e-07	1.36472156870771e-07	0.447101477501941	0.873658300366856	0.646081804939572	ok
f3.0_r005	control	150	108	-5.28259028779564	-6.04083413087768	3.97553706017733	2.75043880819283	1.13957294469361	9.20535893335854e-07	4.54432783465087e-08	0.0908723249852858	1.51648768616408	0.468488444225346	ok
f3.0_r006	driver	150	146	16.6989985450282	15.5729836062448	1.40993029609228	4.19891974466561	2.08630049674379	1.58567583273103	4.14976556049562e-08	0.0884486304706736	2.25202987756682	0.324323132133914	ok
f3.0_r006	control	150	126	5.00304587342634	4.92916535644129	3.66923538195677	4.18622175692384	1.23513595512801	1.60484566342226	1.39103249365054e-09	0.148685951288995	0.147761033970109	0.928782660964373	ok
f3.0_r007	driver	150	138	-30.1407202357673	-33.658290095968	0.8864375084534	3.31918692848745	7.90925527217328e-06	1.01418213269291	1.01620455954822e-07	0.130557760058269	7.03513972040134	0.029671453405081	ok
f3.0_r007	control	150	98	-32.3328519513055	-34.2362655143038	4.39175365407123	2.48762679482068	1.93625201288159	0.0990370229101809	2.11762565648206e-08	0.253547532216926	3.80682712599656	0.149058927745264	ok
f3.0_r008	driver	150	142	-5.99729234622496	-8.7672991843164	0.852842958649033	3.35909245601331	0.389163025834803	0.393794390978963	5.39820834829359e-08	0.137573950819438	5.54001367618288	0.0626615762550999	ok
f3.0_r008	control	150	139	2.15766711164879	1.98849261203368	3.7899296673521	3.11408539208968	5.98372765731808e-06	0.211901221240333	6.95323646560271e-06	0.0625664897425365	0.338348999230216	0.844361549764387	ok
f3.0_r009	driver	150	141	-22.994683459937	-27.0563454416479	0.714060050952858	3.3194515262401	5.55898701866118e-09	0.947487424145529	5.75258035205809e-08	0.101075050979662	8.12332396342177	0.0172203753703293	ok
f3.0_r009	control	150	112	-20.4562403682476	-22.8637472985019	4.01353367640764	2.72928978663781	3.17274480609673e-06	0.556742458623953	6.41922977399041e-07	0.0954324822112561	4.81501386050867	0.0900394897167879	ok
f3.0_r010	driver	150	145	-33.1853609114842	-34.3328698678717	1.18994511388824	2.48034702915741	2.84147986871944e-08	3.05814358999392e-07	0.960175664743737	0.0495193524999233	2.29501791277501	0.317426508609949	ok
f3.0_r010	control	150	137	-44.4990252861522	-44.828820049665	2.06805040693951	2.50794312688718	0.751045230240795	0.135736951059028	1.85645841787636e-07	0.120926669172381	0.659589527025432	0.719071297955895	ok
f3.0_r011	driver	150	132	-45.0773025189824	-47.4225095258596	1.30974578689852	2.49673016120723	1.75370383731314e-09	8.66119018945667e-08	7.34768573154033e-08	0.129317575757557	4.69041401375452	0.0958273631539647	ok
f3.0_r011	control	150	116	-36.6709134440765	-36.6798689859091	2.31089365256847	2.3902599317286	5.18801784427418e-09	0.0851262779621698	2.94927826392589e-08	0.0597369136280987	0.0179110836652256	0.991084439591355	ok
f3.0_r012	driver	150	146	-37.4046477554493	-39.125930331914	3.91676999839859e-06	2.51757220900083	7.71655661789131e-06	0.204000710217157	2.57163765620661	0.13421132582496	3.44256515292938	0.178836629103733	ok
f3.0_r012	control	150	115	-66.707079237267	-66.901921369431	2.60971446374414	2.3986908521085	0.932423277994165	2.85926170954919e-06	0.235704729928894	0.308453424081578	0.389684264327855	0.822964567436918	ok
f3.0_r013	driver	150	138	-19.7439065069618	-23.0731195226684	1.14447553448585	3.87747459961751	0.195874030590799	1.6136470382504	5.75699674872145e-08	0.118991669068391	6.65842603141311	0.0358212847661929	ok
f3.0_r013	control	150	78	-14.1893475589562	-15.1811381024151	2.85367110766275	4.42045921183874	0.390434085186712	2.54246769868511	9.043402688106e-09	0.154000898564187	1.98358108691788	0.370911962099049	ok
f3.0_r014	driver	150	140	-50.574216281572	-57.4837037693352	0.207023288101759	2.47985773053189	5.21100394940028e-06	5.07574667102086e-09	2.41921179154741e-06	0.152225001182018	13.8189749755264	0.000998269290626687	ok
f3.0_r014	control	150	136	-59.9643404922465	-60.762138695527	1.44027249467658	2.38275937565617	0.248121668991497	8.23084265209186e-10	0.551543733329007	0.185966266469176	1.59559640656086	0.450319385109146	ok
f3.0_r015	driver	150	144	-28.6057583028449	-34.338529825646	1.68820400464436e-08	3.32759265510343	0.405039015233459	1.325320716324	6.35296499826171e-08	0.0969034960433536	11.4655430456022	0.00323809034445735	ok
f3.0_r015	control	150	140	-31.4747281214844	-31.7590255660053	4.28685657024623	3.04330996707568	3.75054363003935	0.999218305485722	4.04756016826085e-07	0.11262778272082	0.568594889041812	0.752542771688759	ok
f3.0_r016	driver	150	145	-12.4467798393126	-12.8449041815447	2.95900772728202	3.30204884133736	4.00016921394797	1.01062088284156	8.99922334597572e-09	0.105728527288428	0.796248684464246	0.671578516898323	ok
f3.0_r016	control	150	140	-16.8505938371108	-19.1146337643318	1.31756000797452	3.59412344833994	6.34162801169922e-09	1.40118143666752	0.0899267493283035	0.0801247474524895	4.52807985444196	0.103929766798056	ok
f3.0_r017	driver	150	136	-34.0354727978062	-39.0911093013018	0.827677159750484	3.98375508490479	2.51143023866781e-08	2.16767125140261	0.305329593113072	0.138441173185672	10.1112730069912	0.00637330883767382	ok
f3.0_r017	control	150	114	-30.5525213060176	-31.7114426260385	2.75675743037352	3.83248852592807	1.99001836477382e-07	2.28189061501134	1.90258719057593e-06	0.0811547844738017	2.31784264004186	0.313824514593733	ok
f3.0_r018	driver	150	144	-22.7214196100478	-24.6363860046769	0.975821722362415	3.29829646887616	2.02809043595483	1.11056938723402	0.191470280285286	0.13638527204973	3.82993278925827	0.147346784146289	ok
f3.0_r018	control	150	137	-27.4126926664241	-27.4954592851142	3.04017376041307	3.22442334442938	1.52750247286413	1.08285504290297	0.376864118893974	0.115126858077027	0.165533237380266	0.920565965042658	ok
f3.0_r019	driver	150	143	-19.6308769167277	-20.5263307716647	1.77125599713198	2.83734405472761	2.15173180811734	1.98631595533643e-06	1.05959967268535e-07	0.149066237432037	1.79090770987388	0.408422192141943	ok
f3.0_r019	control	150	132	-26.0393120462311	-26.3644181102405	3.84818893958973	2.73935027248019	1.05187760610979	3.06613146529497e-06	4.71433137309427e-07	0.163226093611377	0.650212128018808	0.72245072355796	ok
f3.0_r020	driver	150	145	-14.7801535977106	-16.1151098248157	0.716826487637109	2.79390518714137	1.35059405203237e-05	2.52986519218536e-07	9.41514190378748e-07	0.0761148548182768	2.66991245421024	0.263169694903298	ok
f3.0_r020	control	150	147	-12.4773447690506	-13.2984552914644	3.19361652852792e-10	2.78674660700496	2.3209447799938e-07	1.42026909691242e-07	2.04752884523619	0.0909982420334472	1.64222104482777	0.439942816764759	ok
f3.0_r021	driver	150	139	-14.8986714125607	-15.8595231659785	1.66704334590323	3.02557044961868	0.499450534245538	2.11043806617967e-09	9.308296540886e-07	0.16272854795854	1.92170350683562	0.382566894502712	ok
f3.0_r021	control	150	146	-1.56596608231795	-2.62194136174457	0.876189806302872	2.99157616206617	3.97366244846544e-06	1.99518423931785e-08	1.25548288248019e-05	0.0615086408068182	2.11195055885324	0.347853007936609	ok
f3.0_r022	driver	150	150	NA	NA	NA	NA	NA	NA	NA	NA	NA	NA	skipped_invariant
f3.0_r022	control	150	137	0.0259736374497282	-0.140441385211483	3.37395891276997	3.50593222787608	1.84030739735996	0.236746149808822	5.54183451080914e-07	0.198395837967217	0.332830045322423	0.846694763746262	ok
f3.0_r023	driver	150	147	-9.69318192589156	-11.9008306888265	1.33010041953339e-07	2.81183771283843	0.713671886248998	7.11281580573376e-07	4.88577338183606e-07	0.070517792473771	4.41529752586993	0.109958884214065	ok
f3.0_r023	control	150	78	-17.0249745755603	-17.0558965784648	2.7316123734918	2.90556575588479	1.76787187059209e-05	0.242072921807643	1.61818851107948e-07	0.166472642416684	0.0618440058091068	0.969551192303834	ok
f3.0_r024	driver	150	144	-12.1833896120553	-14.9885391127146	0.484358827682355	2.9716084274703	5.2595634651873e-07	0.127396589646266	1.99699584777667e-05	0.0972290547542145	5.61029900131877	0.060497726046536	ok
f3.0_r024	control	150	127	-16.0133123095313	-16.0670308244735	3.03512724416754	2.78556754804029	0.00013156476160471	6.14184348669413e-07	1.0443414661056e-06	0.107270594853413	0.107437029884359	0.947698832020941	ok
f3.0_r025	driver	150	143	-7.85945792373984	-9.5922522206985	1.58030043364966	2.98410300597307	2.05635218000598e-07	0.29532167998181	0.806886815432368	5.05426400497925e-09	3.46558859391731	0.176789716164864	ok
f3.0_r025	control	150	130	-34.4563386816259	-34.6869039569955	2.31676555280121	3.04446773831588	6.12882923724527e-06	0.60750401372883	8.0430656692382e-08	0.145128352183062	0.461130550739142	0.794084599144768	ok
f3.0_r026	driver	150	146	-1.12729811406485	-4.22188512230102	3.21501497694032e-07	3.06489786476771	0.424629011229113	4.00028920565163e-06	2.88069985805986e-05	0.093447519954011	6.18917401647234	0.0452937145291427	ok
f3.0_r026	control	150	144	-1.66228026921936	-1.76958123321664	2.31039923475806	3.00912678620256	1.30701131279142e-05	1.75486625020747e-06	6.88663621329345e-06	0.0625234802825709	0.21460192799457	0.898255289801943	ok
f3.0_r027	driver	150	150	NA	NA	NA	NA	NA	NA	NA	NA	NA	NA	skipped_invariant
f3.0_r027	control	150	117	-29.5129399143506	-30.0932746593107	4.02271382975913	2.8290995710747	2.13336360025474	5.34387855632745e-06	5.85418993278356e-07	0.28646810166807	1.1606694899203	0.559710974774976	ok
f3.0_r028	driver	150	139	-16.7032892389769	-18.8550733675175	1.27615958507517	3.47808177085482	0.290077933487561	0.78810280412766	3.60225225661964e-09	0.143424312707059	4.30356825708129	0.11627652034409	ok
f3.0_r028	control	150	107	7.82369643562444	6.25617476246737	4.87330144262261	2.75839536509055	2.22848110111752	0.0328609751440719	1.48037955184599e-08	0.0349747403339419	3.13504334631414	0.208561425762708	ok
f3.0_r029	driver	150	141	-40.589225023317	-40.449845056721	2.07388574588016	2.78972123453825	9.13849931898862	5.55199784374213e-09	8.59455088670875e-09	0.539032865377002	-0.27875993319185	1	ok
f3.0_r029	control	150	127	-45.2036374644934	-45.2467273221005	2.77813882198938	2.58356813883506	0.735616466304634	1.8325623009801e-08	2.18786227323905e-09	0.202293880956006	0.086179715214243	0.957825318308844	ok
f3.0_r030	driver	150	145	1.58024702151236	0.915223636269484	5.03814180365848	4.13861215469445	6.90624585211725	1.99203888497655	6.19752414122986e-10	0.130788336561128	1.33004677048575	0.514261501435901	ok
f3.0_r030	control	150	143	10.2159670516776	9.84925478960526	3.76460899255583	4.21185290789012	5.73345019713207e-09	2.23691523921629	5.71417149599189e-08	0.0141241071319522	0.73342452414477	0.693009021338574	ok
f3.0_r031	driver	150	144	-2.33872525782702	-4.2483576706726	1.20113822660113	3.57151422730334	1.25768308481059e-06	1.10778138865508	3.48939756908932e-08	0.0513177764998366	3.81926482569115	0.148134829048957	ok
f3.0_r031	control	150	123	-13.0407732065357	-13.2311392402613	4.09782154056341	3.20380648130025	2.1297072089509	0.586687647316525	2.18369869968693e-10	0.174141795335187	0.380732067451163	0.82665649440218	ok
f3.0_r032	driver	150	139	-37.1539105062435	-39.5823374490489	1.04805359351916	2.78882416278051	0.856435014311338	0.221201908581329	4.23502896271472e-09	0.178527736764467	4.85685388561075	0.0881754285363599	ok
f3.0_r032	control	150	131	-31.2785828818417	-31.4008688072552	3.14453295917738	2.55349006122722	0.571772417604491	0.0387784700738595	1.60605798042896e-08	0.104238812799138	0.244571850826823	0.884895318267903	ok
f3.0_r033	driver	150	143	-26.1407290701221	-30.7623136104529	0.472089478031445	3.4636667345521	1.53402445429561e-08	1.54137751395484	2.83222902269305e-08	0.0673675380494437	9.24316908066161	0.00983719627096945	ok
f3.0_r033	control	150	143	-31.6522490895032	-32.2764193216736	2.83776585892654	3.32400660822618	5.54795621971807	1.39121691122284	3.22371509643435e-07	0.210995570097134	1.24834046434085	0.535705755551433	ok
f3.0_r034	driver	150	140	-11.2110310963671	-14.3165162217695	0.906536773560017	3.19576451581753	0.00013857439041898	1.69787598441798e-05	1.19648862180051e-05	0.160521096763971	6.21097025080479	0.0448027783204611	ok
f3.0_r034	control	150	134	-7.21519208794378	-7.25422156993829	3.32544172806526	3.03460942264529	1.29806171128033e-05	8.46107067671998e-07	0.157021274561875	0.117283666707036	0.0780589639890277	0.961722355235203	ok
f3.0_r035	driver	150	134	-34.3753618506272	-36.7806788210996	1.55015170975119	3.66431456306983	1.70114322871827e-06	1.85567710913831	1.11886691145534e-09	0.0924997149941713	4.81063394094475	0.0902368886470223	ok
f3.0_r035	control	150	0	NA	NA	NA	NA	NA	NA	NA	NA	NA	NA	skipped_invariant
f3.0_r036	driver	150	145	-13.1279530305482	-13.8117758253341	1.3040131206652	2.77579403035273	5.45217619892749e-07	4.0400049672785e-08	1.3289879904197e-10	0.0572375068802262	1.3676455895718	0.504683996645734	ok
f3.0_r036	control	150	135	-29.1965782885631	-29.2534474625716	3.17520650002814	2.74550428601039	1.10143236249938	2.24243409548132e-08	0.675339597745611	0.175096719177817	0.113738348017023	0.944717654906127	ok
f3.0_r037	driver	150	132	-40.7764562136855	-46.3742140194036	0.874708001639141	2.99637493225961	1.03988654578496e-07	0.344558165813158	1.52961485647137e-08	0.213779228067956	11.1955156114363	0.00370616434769951	ok
f3.0_r037	control	150	142	-24.387707928155	-25.0245528853255	2.28127477582092	2.78271086895516	1.70141741478625	0.313792644650552	3.90990971706782e-08	0.0995219293010933	1.27368991434085	0.528958681399075	ok
f3.0_r038	driver	150	133	-47.8437096683256	-49.6989974833946	1.66392184616531	2.64122719839933	0.954395831018236	5.58385069872388e-07	2.23340016332606e-06	0.231326544697069	3.71057563013802	0.156407919639926	ok
f3.0_r038	control	150	127	-44.3936907948464	-44.3938696391791	2.50030808601632	2.51100791850988	1.10910985626303e-06	1.45711854929149e-07	4.92273403995337e-06	0.153573298170676	0.000357688665403089	0.999821171658993	ok
f3.0_r039	driver	150	142	-55.3647338935431	-61.0147414017565	0.281406184366093	3.1414681411933	0.547441094422971	1.638069386341	3.56764019396297e-07	0.0987659899238557	11.3000150164267	0.0035174903647448	ok
f3.0_r039	control	150	70	-52.1750510107806	-52.9382348025164	2.50541573376198	3.64280677840963	1.02333565853651	2.46246492053804	1.28696753130065e-10	0.133299397094997	1.52636758347154	0.466179842248371	ok
f3.0_r040	driver	150	134	-35.0152318651279	-37.6097885010405	1.31276712365413	3.31797065861307	0.457291336319186	0.861834450393128	2.52139645830302e-08	0.197815784534437	5.18911327182512	0.0746789787128807	ok
f3.0_r040	control	150	133	-30.2877600093043	-31.0727543563715	4.93105008894939	2.8515121783015	4.3339301636338	0.223011932535288	8.15046321000645e-08	0.251647566781178	1.56998869413432	0.456122280206969	ok
f3.0_r041	driver	150	139	-10.9847903338784	-14.3908466635828	1.30364957612963	3.36673449613422	3.82782478231247e-08	1.09653875980463	6.20298601340271e-08	0.0329206341959214	6.81211265940871	0.0331717612516528	ok
f3.0_r041	control	150	140	-28.292723615216	-29.3135991143524	2.68857887497133	3.00761787093141	3.03684127499633	0.614519847883477	3.99429516205786e-08	0.184401163354657	2.0417509982729	0.360279377771809	ok
f3.0_r042	driver	150	144	-1.54638272087661	-3.17244788489267	1.09262978361811	3.85086396131249	0.098030051218256	1.37875684529204	1.55284747027847e-07	0.072395684598599	3.25213032803212	0.196702043639244	ok
f3.0_r042	control	150	139	-2.83667716977302	-3.6318048658707	7.12364943317181	3.51271754465289	6.75563476529834	0.869331807391868	1.17755451602784e-07	0.174279582552461	1.59025539219537	0.451523573442757	ok
f3.0_r043	driver	150	130	-34.7230459112474	-38.0227194355374	1.39938632277493	3.17172107920664	0.118480274800147	0.852784908199091	1.11273960383456e-08	0.109220146529671	6.59934704858007	0.0368952108253388	ok
f3.0_r043	control	150	139	-38.8911066239201	-39.6800147210401	4.9889777991811	2.88435896442398	6.65194011537411	0.619227610696326	0.106627845027725	0.278004410852193	1.57781619423996	0.454340620368565	ok
f3.0_r044	driver	150	140	-36.600970080501	-36.903314135931	1.92501903240766	2.7577841839479	2.2860377450831e-06	0.159367732401445	2.39775506881541	0.212997121918296	0.604688110859925	0.739083735367964	ok
f3.0_r044	control	150	136	-30.8145975825911	-33.9991164891244	10.3960502173703	2.66985745290031	12.1680309265926	2.76740622130718e-05	4.08212103581949e-05	0.37877368736514	6.36903781306654	0.0413981573939746	ok
f3.0_r045	driver	150	145	9.27513265154278	6.59112139015294	0.694042688914446	3.36581755406466	1.98877439444016e-08	0.268859351809984	6.24602050468981e-09	0.0651518723638533	5.36802252277969	0.0682886802825037	ok
f3.0_r045	control	150	134	-15.9767096501137	-18.8646849964693	2.17144044718311	3.29102948168614	2.11756104834526	4.9559260188599e-08	2.98207573143912e-07	0.349146731644519	5.77595069271127	0.0556888491794289	ok
f3.0_r046	driver	150	141	-40.4912084987721	-40.9463971671574	1.41789662937025	2.58882437976856	1.74119602763989e-07	4.09654105400038e-08	2.43304934883282	0.214904463747418	0.91037733677048	0.634328278965715	ok
f3.0_r046	control	150	112	-21.4488849743481	-21.574170020414	2.35148829545278	2.58702001295506	4.1487760726532e-05	9.4016753513042e-09	6.83691829342895e-07	0.046467033953742	0.250570092131753	0.882245386162952	ok
f3.0_r047	driver	150	138	-1.99086537424264	-6.70898290357036	1.04365991829649	4.45510190926797	7.04529065883925e-06	2.18448455098419	2.83860574221186e-06	0.115432142527759	9.43623505865545	0.00893197691685234	ok
f3.0_r047	control	150	143	-2.37051799829216	-4.80717487581548	1.0901867941765	4.11266251713068	1.07550047893076	1.75616939099856	5.24671559750038e-10	0.111947542873798	4.87331375504662	0.0874527284820583	ok
f3.0_r048	driver	150	140	-42.2863725004583	-45.2719360588612	0.781636817439337	3.00853449748009	0.161970453072996	0.962878962195501	1.85569637259122e-09	0.105292241232301	5.97112711680587	0.0505110296113464	ok
f3.0_r048	control	150	120	-46.0394904425759	-46.2058670171746	3.31037524562111	2.69136726784624	1.67886104367231	0.591303189558896	3.37076007137331e-10	0.163169181594945	0.332753149197444	0.84672731814527	ok
f3.0_r049	driver	150	145	-5.647822000248	-9.25673350423192	8.09488469068567e-08	3.0368062408915	1.43668683896466e-06	8.9208411365522e-07	0.370666313870151	0.114377000363436	7.21782300796783	0.0270813087255415	ok
f3.0_r049	control	150	136	-16.7014612821283	-17.1494294565768	2.41251976764156	3.0127101408873	0.886859114914405	9.96826689408354e-08	6.18289462220877e-07	0.175003859411399	0.895936348897052	0.63892501784939	ok
f3.0_r050	driver	150	141	-9.7444665315674	-10.9033556557344	3.36804433757465	3.79004024038359	5.15925737905627	1.29285823486393	4.44008485077086e-08	0.248476036104646	2.31777824833393	0.313834618604628	ok
f3.0_r050	control	150	92	-8.86861622722809	-9.75428910443516	3.00948451614671	4.320726537315	2.85862908620992e-05	2.37557575645255	2.39605812354533e-07	0.127061550251815	1.77134575441414	0.412436560728869	ok
f3.0_r051	driver	150	145	-14.0781213798163	-16.5174277342384	0.737430833665328	2.87642724448054	5.44449888488572e-07	0.241047409178679	2.67382283244004e-05	0.0549823535516291	4.8786127088442	0.0872213311744813	ok
f3.0_r051	control	150	136	-21.0596677111697	-21.2556792442326	3.63994822846259	2.66232563113489	1.82006655251428	2.38757572273624e-07	2.37702061948016e-10	0.104876063667401	0.392023066125773	0.822002754414059	ok
f3.0_r052	driver	150	144	-23.5715732147805	-24.242058617109	3.38000583378368e-07	2.84401872371815	2.44775761682602	2.35073161406126e-07	1.52346595175232	0.265637396548907	1.34097080465696	0.511460253524844	ok
f3.0_r052	control	150	141	-25.1562196333377	-26.1962256650068	1.54226957804373	2.83166327178176	2.61288814025018	1.24497408348055e-06	7.53134878270904e-06	0.230753588173207	2.08001206333816	0.353452550043533	ok
f3.0_r053	driver	150	144	-21.483949997472	-25.5471328493085	6.65647877904237e-08	3.46266210459002	1.54210733687541	1.28081054347089	4.43357082553747e-09	0.15190157701486	8.12636570367304	0.0171942053215434	ok
f3.0_r053	control	150	117	-14.3286802035606	-11.0091383540664	3.51126043205827	3.18041519940039	2.07202445794905	0.794246681124332	0.260612495550905	2.56828226000361e-09	-6.63908369898839	1	ok
f3.0_r054	driver	150	143	2.09904728596199	0.296139747172872	2.89880927116535	3.66979451150473	4.16268808944908	0.86539312671541	0.00314632960118367	0.210935709322466	3.60581507757824	0.164818973315977	ok
f3.0_r054	control	150	122	6.80519074552409	4.01394085580782	4.50919532426343	3.40597431266635	3.59651142664776	7.32743594697626e-08	0.19869166314893	0.0488570066271537	5.58249977943253	0.0613444921282415	ok
f3.0_r055	driver	150	143	-38.3279278225526	-39.8420890905464	0.985373133593393	2.55942596387499	2.62172885776661	2.43316568955279e-09	5.04802864541789e-06	0.194208692167471	3.02832253598758	0.219992622343623	ok
f3.0_r055	control	150	125	-41.5567752889023	-41.6301187476829	2.34028036671301	2.60194758843244	1.06475487356773e-06	0.227375261125993	1.23354980844884e-07	0.112301528452708	0.146686917561297	0.929281605281631	ok
f3.0_r056	driver	150	141	-8.26332106655465	-10.0724496819337	1.31736063024711	3.01708950665641	1.82299054403907e-07	0.138220846781694	4.18518099175011e-08	0.0812069476214434	3.61825723075816	0.163796804650921	ok
f3.0_r056	control	150	138	-17.3507439186535	-21.3537357134653	0.866154837646487	3.06850248522735	4.63867288765953e-06	0.0974412090749274	6.25195484138891e-07	0.165552801686537	8.00598358962345	0.0182609241437903	ok
f3.0_r057	driver	150	140	-41.8074566088605	-46.7584586847179	0.569400568575803	2.58377730679638	8.5816417080401e-07	1.11493509000875e-07	1.67334486833692e-06	0.127740085707299	9.90200415171472	0.00707631437121274	ok
f3.0_r057	control	150	147	-30.6245498402908	-31.6946883125954	4.60770802304851e-07	2.4645549598826	1.67978947858724	8.06285260412211e-07	4.94918198357271e-06	0.084111268203068	2.14027694460933	0.34296102352715	ok
f3.0_r058	driver	150	142	-36.636043921476	-37.5463426108099	2.31823512462737e-05	2.77745202394487	3.78234173588524	2.04233579404671e-06	1.66909334937776	0.430316318183089	1.82059737866778	0.40240401229516	ok
f3.0_r058	control	150	94	-31.7099989947342	-32.0119503237679	2.81964207515105	2.68308396849207	1.36501619855844e-05	0.35757862665722	1.81803996434912e-06	0.143577827964124	0.60390265806739	0.739374050063285	ok
f3.0_r059	driver	150	145	0.68999952429758	-4.42031814760606	0.272963129306427	3.29886032132798	2.30925909479951e-08	0.368786766454308	4.02269528187389e-08	0.0812221617600973	10.2206353438073	0.00603416573418141	ok
f3.0_r059	control	150	110	6.6359034742709	5.65795661245718	2.44564978378029	3.48798768498871	4.34090055231083e-05	0.692017447213315	6.2120792713926e-08	0.0258746746952917	1.95589372362746	0.376082455980608	ok
f3.0_r060	driver	150	143	8.00032630585163	6.68448968589653	1.45081305786354	3.68120337080757	4.966042132945e-06	0.655511209227026	0.318727125243697	0.097514181057209	2.63167323991019	0.2682498061938	ok
f3.0_r060	control	150	137	0.00555369302032155	-0.64919544234555	2.77935241507242	3.60508458197935	1.8971310380345	0.4966742374519	2.30321548430111e-07	0.212224616777073	1.30949827073174	0.519572388576437	ok
f3.0_r061	driver	150	128	-46.4334664357986	-53.4844208437341	0.939653660803369	3.37873250686466	3.43893207388482e-08	1.30254874860778	1.40871816857229e-08	0.141483265547493	14.1019088158711	0.000866581490248163	ok
f3.0_r061	control	150	145	-33.6231468903212	-34.8604323347441	0.942526733706612	3.17929078890266	3.01689417531744e-07	1.48116727752969	0.469464506827525	0.0430880251358317	2.4745708888457	0.290170834656158	ok
f3.0_r062	driver	150	144	-14.4721626461972	-16.6042801388757	34.1352932564347	3.27049378369576	62.0398377913583	5.86696536790468e-08	0.151556134935029	1.13745074543173	4.26423498535707	0.118585922984651	ok
f3.0_r062	control	150	125	-31.0216251856097	-31.5142867934417	2.59275342155734	3.59516947179461	2.46924291104491e-06	1.5333270336676	3.44041368428982e-06	0.127492907436126	0.985323215664046	0.610997991022178	ok
f3.0_r063	driver	150	145	-41.6061951496423	-42.8988907757912	0.761224779425913	2.36997969016689	1.44134958403922e-06	8.04677960985826e-07	0.762615975068304	0.0808790858644287	2.58539125229781	0.274529755184642	ok
f3.0_r063	control	150	145	-42.0573837484458	-42.2778921985841	3.28096830804216	2.40435279722623	8.01126890675055	5.3835630884639e-07	9.407270668763e-07	0.224440821695308	0.441016900276637	0.802110860885271	ok
f3.0_r064	driver	150	141	-38.0662062303235	-38.9325475629604	0.832757072484701	2.66611337205758	2.70193645377381	5.23103858839453e-07	2.48074872391048e-06	0.269251565253635	1.73268266527394	0.420487161040982	ok
f3.0_r064	control	150	138	-40.4113936421045	-41.2631709536128	5.70852387912549	2.5304161666504	4.81909391350126	1.5661354491708e-07	2.26488602033221	0.316972631023589	1.7035546230166	0.426655957138477	ok
f3.0_r065	driver	150	142	-8.38917848916426	-12.0272235076058	0.849248220033638	3.68101852386968	3.60148150360949e-06	1.20208721241073	2.00531021837324e-08	0.0884224909717844	7.27609003688304	0.026303717014327	ok
f3.0_r065	control	150	144	3.79388653392351	3.76227363463118	2.83112720553011	3.39289931332288	0.428143573160263	0.924006689167835	2.77642993238484e-09	0.0190620085512599	0.063225798584658	0.968881564235751	ok
f3.0_r066	driver	150	142	-29.4362293999179	-34.1763407824448	1.41461848102718e-07	3.49784310795937	9.9507914563178e-07	1.3321004449347	1.85041564700254	0.216881104237817	9.48022276505377	0.00873767290718368	ok
f3.0_r066	control	150	121	-44.6634278934253	-46.5253315335935	5.02283353541765	2.89098337917588	4.40116257861257	0.326290809523031	5.02591010547604e-09	0.347152710080454	3.7238072803363	0.155376567583658	ok
f3.0_r067	driver	150	140	-17.8498510813538	-19.6477734809095	4.34746896715633	3.24702219845318	5.24793661921003	0.384131239998374	3.09121347539491e-08	0.269841877696924	3.59584479911135	0.165642670262403	ok
f3.0_r067	control	150	137	-10.9909518585771	-11.476211815015	4.07660662983507	3.28968376047594	3.55975047059687	0.585149947998035	4.91618525374494e-10	0.20058027980373	0.970519912875673	0.615537163116018	ok
f3.0_r068	driver	150	145	-2.20077037173663	-4.7596788269099	0.551116917466128	3.36461547203754	2.60736488453484e-05	0.603650398702097	4.91895065878944e-07	0.0763201264615251	5.11781691034656	0.0773891681027163	ok
f3.0_r068	control	150	142	-7.94020866473576	-8.96733196480972	1.42832241999708	3.31160504691586	7.56311636981497e-07	0.539749618747842	8.33510837055088e-07	0.0962729222512208	2.05424660014792	0.358035441071848	ok
f3.0_r069	driver	150	143	-18.2451063353509	-19.5453353479896	1.9940480343927	3.13848644487432	3.155452321666	0.455665049376996	6.29071785769694e-08	0.179479279967336	2.60045802527731	0.272469386955135	ok
f3.0_r069	control	150	129	-21.9186349134979	-23.5845355280377	6.14207111324767	2.82117802004094	5.16605549911896	4.15700468091569e-07	6.27296995066906e-09	0.28586526978421	3.33180122907949	0.189020346828482	ok
f3.0_r070	driver	150	142	-23.5725902230167	-24.9877636660857	8.5240061838452e-07	2.99759041896527	2.37490259491645	4.72592069980502e-07	2.72571081335241	0.417770761781275	2.83034688613803	0.242883483338497	ok
f3.0_r070	control	150	135	-18.0923189765675	-18.1571525096987	3.18793701570979	2.84714466792008	1.11478618341376	1.87178164554739e-08	5.8868676494425e-07	0.146813863932957	0.129667066262371	0.937223467048261	ok
f3.0_r071	driver	150	136	-26.7288943701742	-37.8226409709104	1.31091586205583	2.94848733793882	1.10294641387111	9.70191497796521e-07	0.0795960820944696	0.102912876081229	22.1874932014726	1.52071233151225e-05	ok
f3.0_r071	control	150	147	-25.5216869765017	-26.1750322985176	1.75667347376606	3.3591921378979	2.78321927769988	1.80063326660751	6.90094319037617e-07	0.0537288601620052	1.30669064403174	0.520302283430016	ok
f3.0_r072	driver	150	143	1.94643102224005	-2.0739495390149	0.53772040911325	3.9221577505551	8.60452749973011e-08	1.23660829264852	0.511230576896401	0.127711010503762	8.0407611225099	0.0179461340365064	ok
f3.0_r072	control	150	143	0.183983597516249	-4.05680381491645	0.450037414364291	3.86270438349533	1.29469854548736e-06	1.14070802162446	0.270173467425206	0.122092007717297	8.4815748248654	0.0143962515914833	ok
f3.0_r073	driver	150	140	-25.7306259864405	-26.5261388078249	3.67050450926361	2.89014723621862	5.61462251216927	6.02193802516487e-08	4.28598939907106e-08	0.309864878653634	1.59102564276883	0.451349713778095	ok
f3.0_r073	control	150	113	-22.1497422981976	-22.418019291381	3.14214554089799	2.69954173782874	2.53852070277911e-06	1.3508746197832e-08	1.00178626729518e-08	0.140465513410882	0.536553986366741	0.764695936202743	ok
f3.0_r074	driver	150	0	NA	NA	NA	NA	NA	NA	NA	NA	NA	NA	skipped_invariant
f3.0_r074	control	150	103	-228.968499778028	-230.876934265243	1.15743701911582	1.37245831456883	1.11863850042732	0.819924723450179	0.0367866043889324	0.184595233759374	3.81686897443046	0.148312389888528	ok
f3.0_r075	driver	150	147	6.56517894684554	2.11987033628807	2.60689105877023e-06	3.87635462966619	1.01185934936838e-05	1.50826198640335	3.32345961248084e-07	0.048383179649672	8.89061722111494	0.0117334843949735	ok
f3.0_r075	control	150	138	-16.9706309528172	-18.327169914588	3.80290973956913	3.71585442753871	5.65199087963989	1.11650254800878	1.63233811819556e-08	0.364257883506584	2.71307792354176	0.25755062873174	ok
f3.0_r076	driver	150	141	-28.4177341844912	-32.9721144251363	0.641875030331635	2.71863889952481	6.74729836080137e-07	1.12756811458977e-06	5.25511203638773e-07	0.117384970278207	9.10876048129016	0.0105210187117299	ok
f3.0_r076	control	150	130	-35.6193816147632	-35.8481239682638	3.34252387693542	2.57465903586927	1.54640022779664	2.3037474754274e-07	8.58629166443219e-07	0.150374740598895	0.457484707001285	0.795533473517495	ok
f3.0_r077	driver	150	149	26.2784999853912	25.4351890182824	1.50245616484377e-07	4.21309051312349	7.76893364308358	1.62787871272926	5.54510335887455e-06	0.070231432931244	1.68662193421761	0.430283507790043	ok
f3.0_r077	control	150	19	25.3801684369701	23.6183398900517	4.04828800313829	4.12393049843788	0.91901494293105	3.24330831998854	4.01210265918517e-10	0.231071903020366	3.52365709383679	0.171730559165463	ok
f3.0_r078	driver	150	145	-5.59641347454648	-6.77359217108572	1.61661328591425e-08	3.54667926331215	2.09503655460593	0.925139727263831	3.48631501138784e-05	0.156513785989567	2.35435739307848	0.308146889252128	ok
f3.0_r078	control	150	142	-14.5836044239215	-14.8938798289077	5.1406707691231	3.40507930010443	20.3878456343843	2.6186312606185e-07	1.98958194638421e-07	0.974537232377905	0.620550809972436	0.733244989088074	ok
f3.0_r079	driver	150	143	13.7662217212119	13.5667241749254	4.51593044375954	3.28175657757734	3.17687970662447	4.04470625035385e-08	1.09922497353497e-05	0.104555522060356	0.398995092572967	0.819142230750821	ok
f3.0_r079	control	150	134	6.94849692639996	6.64287474591482	2.79675920216231	3.33809699890241	0.432416718592295	1.72829175276405e-06	8.8181372366698e-08	0.130909772303218	0.611244360970279	0.736664893256739	ok
f3.0_r080	driver	150	144	-30.7590918968096	-36.0325242248259	0.20559090767582	3.53520335209233	1.00058175239795e-05	1.72503223881049	7.45149058060453e-06	0.0659540961585028	10.5468646560326	0.00512598627783911	ok
f3.0_r080	control	150	86	-36.738583988658	-36.9806866103938	3.52025467795598	3.18906075521801	1.54685742076425	1.56518712247862	6.25458783703386e-09	0.151041144306372	0.484205243471578	0.784975617857856	ok
f3.0_r081	driver	150	144	-4.04811293562475	-6.36075181571716	0.576073414768334	3.10440109672785	1.01002020082349e-06	0.0205615282759215	8.5963878479806e-07	0.105555442614223	4.62527776018482	0.0989996583273482	ok
f3.0_r081	control	150	128	-14.8764200728004	-15.6223342056987	5.06302198689162	2.98559156433818	3.0772298367639	3.90247972860611e-06	1.43630768946464e-06	0.231623561132462	1.49182826579678	0.474300527991154	ok
f3.0_r082	driver	150	145	-0.222091867708135	-4.43137217097049	0.758734821644316	3.31976619234197	8.26551345341908e-09	0.544883380522352	0.431676196332181	0.0365397987094676	8.41856060652472	0.0148570570668058	ok
f3.0_r082	control	150	138	-20.6025081158925	-22.5045022309595	2.68126017759665	3.29553509284726	3.23943840880556	0.575330223351483	0.193115779106249	0.286424904246057	3.80398823013397	0.14927065936735	ok
f3.0_r083	driver	150	143	-21.3012517625516	-23.5946123447881	0.540067901825164	2.80457381490692	0.184795755672921	7.74456376764275e-08	7.2008651516395e-08	0.119797851218001	4.58672116447282	0.100926718768064	ok
f3.0_r083	control	150	149	-5.09681423285169	-5.77207852967641	7.44988103485685e-08	2.7393350137301	5.71333703370141e-08	6.29481441791154e-08	2.7184809248711	0.0362828544287122	1.35052859364943	0.509021869963736	ok
f3.0_r084	driver	150	147	22.2170242704821	19.3400864171896	7.5578085994809e-09	4.49860838295241	0.779959030514036	1.97478883685457	1.52364794739156e-06	0.0661238367632831	5.75387570658505	0.0563069191627665	ok
f3.0_r084	control	150	147	19.4785864356765	18.4259055975562	8.65420495758761e-06	4.43763038367938	6.95553612600585e-08	1.87231210685007	4.47097925288446	0.14361447418545	2.10536167624042	0.349000879013272	ok
f3.0_r085	driver	150	138	-21.3180823865243	-21.5027063156957	2.97235467443524	3.15908361258899	1.81049172319231	0.311297209598807	2.12343531692038	0.313312294527189	0.369247858342774	0.831416896707421	ok
f3.0_r085	control	150	146	4.47398266709926	4.38172922295616	2.92208839955925	3.22776856843055	3.38533688266929e-08	0.583183210265981	2.47052029719604e-10	0.018406970294217	0.184506888286208	0.911874011128619	ok
f3.0_r086	driver	150	126	-48.1099591559482	-53.3228068641919	1.15487329949541	3.12829679906293	8.11393945628821e-06	1.03152945663437	3.64412965961459e-08	0.158890167437547	10.4256954164874	0.00544614255901337	ok
f3.0_r086	control	150	113	-47.84239746354	-47.9125308898654	2.76759124818028	2.40690223243125	0.722197081200951	0.216439351348941	1.27099729533651e-09	0.113378425982085	0.14026685265074	0.932269422323901	ok
f3.0_r087	driver	150	147	11.5240911284445	9.42675600014041	0.88767984602369	4.26251481739587	1.57184111459004e-07	2.2192373167142	2.64418471773511e-09	0.0143760327706276	4.1946702566082	0.122783194123796	ok
f3.0_r087	control	150	135	0.127140276052713	-0.966444212647685	5.55883405456979	3.85099401320565	3.53421342861115e-06	1.86179153016028	9.81705732110434e-08	0.0444705538057796	2.1871689774008	0.335013486854464	ok
f3.0_r088	driver	150	135	-20.2538497154896	-20.5041382820759	2.23848947845427	2.80950798080001	1.03294752821689e-07	4.32995416189087e-06	1.71028352168401e-09	0.102451177877452	0.500577133172641	0.778576079610525	ok
f3.0_r088	control	150	130	-23.963918170069	-24.2948930588968	2.25903103132975	2.8274088494799	4.67196504271122e-09	4.53080177298195e-05	2.17902000478607e-07	0.128217286960855	0.661949777655508	0.71822320424072	ok
f3.0_r089	driver	150	0	NA	NA	NA	NA	NA	NA	NA	NA	NA	NA	skipped_invariant
f3.0_r089	control	150	61	-206.182498953392	-207.059122071273	1.08724952401004	1.22353201999962	0.253316184321124	0.799688511565025	5.79204761224441e-08	0.0836732213210061	1.75324623576176	0.41618595229746	ok
f3.0_r090	driver	150	143	-17.3145789916558	-18.7964954590933	1.77284701227457	3.12146590310274	2.49694262244371	0.525940590776223	7.69399978189171e-09	0.156908239890466	2.96383293487487	0.227201845938817	ok
f3.0_r090	control	150	142	-15.0461318451335	-15.3462706731918	3.02721475664821	3.04425820103137	2.07135590754212	0.430621341663557	0.72581027077048	0.112088756161812	0.600277656116571	0.740715381465248	ok
f3.0_r091	driver	150	142	-40.7798686127579	-41.0297246647804	1.79136808623991	2.56078048624958	2.68341394931905e-09	0.128396357737832	1.86985460531683	0.134223932610889	0.499712104045059	0.778912897938141	ok
f3.0_r091	control	150	124	-37.6602793812683	-33.1133439707673	3.76093622121053	2.39701619739821	2.08943362008217	3.13815396881912e-08	0.691785239974831	0.00521707184127305	-9.0938708210021	1	ok
f3.0_r092	driver	150	141	-3.24921824529315	-6.05804990944463	1.3628392425945	4.43614960055418	3.47130625286324e-08	2.1569060475757	1.27115588915282	0.12406041219685	5.61766332830297	0.0602753731494201	ok
f3.0_r092	control	150	137	-3.1726843367757	-3.49384645382484	4.88629983998032	4.1207566091974	4.35127976613473	1.87143668735995	8.84948350507551e-08	0.161196192238963	0.642324234098285	0.72530565704556	ok
f3.0_r093	driver	150	140	-34.538490095521	-37.818213708246	0.761468339888477	2.88471708180932	0.753476659820524	0.34353858639097	3.50919280732e-08	0.171583099173678	6.55944722545	0.0376386582158804	ok
f3.0_r093	control	150	136	-41.3979647677282	-43.4378077233863	1.91377933183295	2.80798295564113	1.91063898387614	0.186353429320524	2.81391782174347e-08	0.248177555615364	4.07968591131608	0.13004913275529	ok
f3.0_r094	driver	150	140	-23.1694007897172	-23.6040775953927	1.85092894086003	2.90492887567221	3.31440707175436e-07	0.299325241410644	0.123990836616542	0.0909051438880033	0.869353611351023	0.647473893153395	ok
f3.0_r094	control	150	132	-26.239142049992	-26.2719894391246	2.74776900205965	2.83240782836711	0.48824421511572	0.213398829720409	1.31130061320756e-09	0.127922667832911	0.0656947782653177	0.967686227755394	ok
f3.0_r095	driver	150	146	1.42425738081898	-0.371046867582553	0.418645734637614	4.12410478326558	1.82410997871497e-06	2.08900800776674	3.19891462817915e-09	0.0428200625180954	3.59060849680307	0.166076916023193	ok
f3.0_r095	control	150	118	-5.14162475551669	-5.73000495439985	4.27533033174769	3.67920003265558	1.21995519334245	1.73509638702766	1.48776277479232e-08	0.080824253726217	1.17676039776631	0.555225912291897	ok
f3.0_r096	driver	150	137	-43.1571371032991	-46.3913137720251	0.841164797689057	3.81762749983172	6.12379488725028e-07	2.25665906161956	0.458790001041892	0.107772147627972	6.46835333745194	0.0393926247720849	ok
f3.0_r096	control	150	126	-55.7113219389198	-56.6445550704871	3.65336243889527	3.33839194678367	3.37803775328575	1.65806277327869	1.4702513015473e-09	0.23430412670179	1.86646626313458	0.393280126257521	ok
f3.0_r097	driver	150	141	-10.5030841741715	-19.2997771286947	0.535638638659836	3.2812972935756	1.44436449580098e-06	0.351019098944138	2.48070994841301e-06	0.126870848652095	17.5933859090463	0.000151232381388938	ok
f3.0_r097	control	150	109	-6.22124802534495	-7.78992261950754	2.29323633024504	3.51010248663126	1.63415801788715e-06	0.775816172567509	2.47654550213101e-06	0.0825652727423785	3.13734918832518	0.208321109473473	ok
f3.0_r098	driver	150	130	-29.0686435900975	-32.8363938426305	1.37491024170689	3.33959494955716	0.120231578073645	0.670079407006877	3.14863719579251e-07	0.183276465110526	7.53550050506608	0.0231039829894248	ok
f3.0_r098	control	150	57	-10.4506028935881	-11.3039360249539	2.93170550101458	3.34253840629093	0.00419510126821068	1.57309496158828	3.01886530679577e-10	0.0949629194074432	1.70666626273145	0.425992673436843	ok
f3.0_r099	driver	150	142	-35.4739841362381	-36.0622287868411	1.57997315059223	2.71231279173012	5.65828985175449	2.03850439868369e-08	1.48485890146309e-06	0.340051029370156	1.17648930120596	0.555301177310323	ok
f3.0_r099	control	150	140	-37.4443712269882	-37.4732975220804	2.28083004657264	2.59383300023064	1.22675087367349e-07	9.06294672201514e-08	2.65796735263963	0.204812562252493	0.0578525901842681	0.97148806526625	ok
f3.0_r100	driver	150	133	-32.8069114955269	-38.1443302873318	1.06338566203802	3.43708789482776	0.592844963806235	0.956199218952144	3.54109497713763e-08	0.228061292925272	10.6748375836098	0.00480826584140152	ok
f3.0_r100	control	150	128	-28.2752806670704	-29.6286301363723	2.66871229331042	3.2132417830731	1.76667238393486	0.73323860895309	2.77239239413704e-08	0.211817064813186	2.70669893860383	0.258373395929858	ok
f3.0_r101	driver	150	147	13.9759884866835	13.4079484289143	76.606048371455	3.42437438210606	107.955609586516	9.93103251732974e-09	1.76897230326877e-07	0.564887998460181	1.13608011553846	0.566634922796627	ok
f3.0_r101	control	150	119	6.95139551773669	6.9287046234192	3.05753413539049	3.20513691561526	9.57891832652742e-07	2.13822885161344e-06	2.6198564368294e-05	0.10602330496374	0.0453817886349714	0.977564607852049	ok
f3.0_r102	driver	150	146	-8.69564485620435	-11.2335154575435	0.487979712487544	3.05305574824528	1.95783004031795e-06	0.392675705444609	8.14551334067487e-07	0.0552175311881203	5.07574120267827	0.0790345167272415	ok
f3.0_r102	control	150	129	-21.0778477023992	-21.9651350339667	3.27173785395257	2.88641688338278	1.77589932869884	1.47974332279681e-06	0.499432893527411	0.0624592194603442	1.77457466313501	0.41177123793615	ok
f3.0_r103	driver	150	140	-27.6979632539428	-30.0694603443694	1.05864616730822	3.37547792136193	7.75309605297437e-08	0.991852332377877	1.13715412785218	0.173117717866894	4.7429941808531	0.0933408818836518	ok
f3.0_r103	control	150	114	-28.3624352553966	-27.4497334712662	3.47685550029607	2.82786285284695	1.97693001978525	3.44081747393694e-07	0.220398964250481	0.127656711455106	-1.82540356826091	1	ok
f3.0_r104	driver	150	140	-52.5139070835575	-53.8519662321961	0.814123186334954	2.49389747914498	6.08542856886313e-06	4.19594704952561e-07	2.71473568803379	0.307590554300424	2.67611829727717	0.262354365595634	ok
f3.0_r104	control	150	133	-52.2264267056604	-52.7361970421375	3.78600103610377	2.39305504301483	2.79651226011477	1.53676179280253e-07	0.306628909977625	0.223285329975315	1.01954067295415	0.600633506580279	ok
f3.0_r105	driver	150	144	-9.89888793347229	-13.5503148724928	2.94511316347224e-09	3.96358051077256	2.499043603518	1.78648480331282	1.26944703458623e-07	0.191926508931365	7.30285387804095	0.0259540674713161	ok
f3.0_r105	control	150	75	-7.27652474218896	-8.77739735805563	3.16538693518885	4.22774795617647	3.61691582127955e-05	2.74336421811331	2.68356627957083e-09	0.11751988100805	3.00174523173335	0.222935538157819	ok
f3.0_r106	driver	150	141	-36.8238709666509	-38.6049935229734	1.16105861506036	2.76297892126094	3.0304052423077e-06	0.665501390978437	4.0896323457625e-08	0.0589775685697655	3.5622451126449	0.168448947663647	ok
f3.0_r106	control	150	131	-54.0318237924288	-55.9949863756586	1.34919692494082	2.75357972213283	0.0770972720504382	0.566543962233215	1.24620400500642e-07	0.155046739734125	3.92632516645952	0.140413648127474	ok
f3.0_r107	driver	150	140	-8.70382808137213	-12.6694125612817	0.785712341647737	3.12371613636363	3.16450483049533e-07	9.409022169598e-08	9.64967257142041e-09	0.150880836092328	7.9311689598192	0.018956953415374	ok
f3.0_r107	control	150	113	-14.0983550303583	-14.1091169120864	2.95277329995152	2.96853291103051	0.109204619193031	1.70620878879271e-06	0.726750137975205	7.62309913718451e-07	0.0215237634561518	0.989295820142018	ok
f3.0_r108	driver	150	142	-18.7069367447909	-20.5655551680263	1.01847915926848	3.10238677440424	0.0761780088787276	0.611130966936678	1.08085248048479e-08	0.0882847415054011	3.7172368464709	0.15588785269584	ok
f3.0_r108	control	150	136	-6.25202215675524	-7.08980136759528	3.66239755271636	3.04637779771825	4.79399763422913e-09	0.809997168506809	1.33222317613144e-10	0.0166499921259597	1.67555842168009	0.432670326845789	ok
f3.0_r109	driver	150	148	4.90988027183773	2.3622704488032	1.44633657189833e-06	3.15707135215216	3.54064599758309e-06	0.314100265923528	2.01327476947967e-05	0.0384423938026279	5.09521964606906	0.0782685182166288	ok
f3.0_r109	control	150	125	-13.2155590877667	-13.4201567231205	2.95491371922037	3.27306791728322	2.76524180129795e-05	0.64190874403225	1.45586819414858e-07	0.104435164636598	0.409195270707702	0.814975167644068	ok
f3.0_r110	driver	150	133	-27.6870207440121	-37.4502404297215	0.717290892658186	4.52358369638211	2.82440563566453e-07	2.66682154037242	2.39481367103768e-09	0.14044486687625	19.5264393714189	5.75290980160418e-05	ok
f3.0_r110	control	150	122	-30.2048690613103	-31.512601978536	2.90342497087815	4.14193254306209	2.93634507441213e-07	2.61639381648302	0.153328686685036	0.0852310395134196	2.61546583445136	0.270432454703229	ok
f3.0_r111	driver	150	145	-21.1035534100444	-28.0626983596914	3.94934650815295e-06	2.67514106035927	2.68284996952758e-07	9.89352425794726e-06	6.70685716569552e-06	0.0903790774109079	13.9182898992939	0.000949908446948424	ok
f3.0_r111	control	150	132	-38.7500248975364	-41.2910752278261	1.29499292641226	2.70121792163831	3.31808692830268e-07	1.22599008190349e-07	1.1776778977841e-06	0.175571091308968	5.08210066057946	0.0787836075093647	ok
f3.0_r112	driver	150	142	-8.73718129446831	-10.1649568115276	1.37717861564413	3.33679333069482	0.881032295853716	0.389183268178649	1.25558345014925	0.202036856045374	2.85555103411851	0.239841853387212	ok
f3.0_r112	control	150	131	-0.186794388847131	-0.625350877494451	2.9941396441122	3.53733035999507	4.07132934682243e-08	0.958482391197496	2.54242950884181e-07	0.0780808670987054	0.87711297729464	0.644966766288899	ok
f3.0_r113	driver	150	141	-28.1899813850779	-29.3336941024112	1.51112737290192	2.91844678879728	1.35536821689065	0.446078837005831	3.66068206153949e-11	0.143056710565244	2.28742543466647	0.318633825701011	ok
f3.0_r113	control	150	116	-34.8944641113304	-35.7117885212245	3.72359592855775	2.52237592305274	0.854857048720975	0.0274687578555211	8.64527948206166e-08	0.189004085237585	1.63464881978815	0.441611646967266	ok
f3.0_r114	driver	150	139	-16.0105325860986	-16.9874343857836	3.37208738596591	2.99125961068516	3.20138145989317	4.858473369967e-06	1.10715405540157e-07	0.209631956633733	1.95380359937002	0.376475690954329	ok
f3.0_r114	control	150	127	-19.1856446802894	-19.1873793583659	2.87131784464854	2.91747330708513	1.5469165154445e-07	7.94149740824149e-07	1.66199387253462e-06	0.157119646651062	0.00346935615305455	0.998266825607892	ok
f3.0_r115	driver	150	144	-8.72649884235538	-13.3321486836947	1.12811391896431e-07	3.84133871784352	1.04438091898231	1.5421622181349	5.98154395118836e-07	0.136873383082594	9.2112996826787	0.00999520459664978	ok
f3.0_r115	control	150	82	-7.41754679046466	-7.52048784690964	3.77919921108779	3.63060563733403	1.40495379259704	1.57652613706368	5.38682282334482e-08	0.161902661560859	0.205882112889949	0.902180149619598	ok
f3.0_r116	driver	150	140	-0.20713422665169	-3.98729004646244	0.887594282493278	3.63564117231259	7.57328700768695e-09	0.385810016222773	2.02854287973518e-08	0.159922297763583	7.5603116396215	0.0228191354746853	ok
f3.0_r116	control	150	139	7.64615336619688	7.57050795758969	3.78277284505627	3.42669119574567	2.09174642483679e-07	0.371885477924148	3.05791910278762e-06	0.0871714805753458	0.151290817214386	0.927144905882473	ok
f3.0_r117	driver	150	145	-8.38171077486584	-14.2940516966283	4.3656981282409e-07	3.40510210442646	1.32994937417922e-05	0.824888065547589	1.75566830418723e-05	0.0875100039582716	11.8246818435249	0.00270584529555921	ok
f3.0_r117	control	150	143	-8.03607719505738	-11.4514916749646	0.674173593675612	3.59794685327305	4.44701822596743e-08	1.19803004259817	1.79003329564278e-09	0.0828986117910189	6.83082895981454	0.0328627829151004	ok
f3.0_r118	driver	150	147	0.0231855828599385	-4.59087293405159	1.06267533421741e-05	3.57783777851531	6.92504907471789e-08	1.19651073958837	9.651954291947e-06	0.0485692781944221	9.22811703382306	0.00991151053516175	ok
f3.0_r118	control	150	147	-2.75023574773222	-3.35385325096351	1.24423628547119	3.48912839027154	0.337727600435844	1.16321099405794	7.34969742379038e-07	0.0349891870478895	1.2072350064626	0.546829894865873	ok
f3.0_r119	driver	150	137	-37.8553054350648	-45.3055105942414	0.619610889734928	3.63915634973526	2.62871774782444e-08	1.80368947046298	2.83260580060949e-09	0.109193789587718	14.9004103183533	0.000581322336347023	ok
f3.0_r119	control	150	117	-38.2721596853977	-38.6523037618424	3.06471948496464	3.12914108410429	0.430499880360192	1.47557741926158	6.04702487473121e-08	0.0765137566804921	0.760288152889359	0.683762887989327	ok
f3.0_r120	driver	150	145	-19.4795133316121	-21.1575361821303	0.78650348965391	3.25682883555632	2.36798840267942e-05	0.95387944907154	1.07972042237677	0.0891972642403969	3.35604570103642	0.186742829768878	ok
f3.0_r120	control	150	120	-34.4141913491181	-34.8888478456457	3.59616941887814	3.06364648681218	2.24009064047707	0.599412640932342	1.51849782895332e-08	0.235219418803683	0.949312993055102	0.622098712835132	ok
f3.0_r121	driver	150	132	-20.3942007351506	-25.4555864970605	1.31119567832251	3.55216852308754	8.46375518183618e-05	1.27652557958815	4.49089005592713e-07	0.0699003409716559	10.1227715238198	0.00633677216822916	ok
f3.0_r121	control	150	144	-24.9349623762632	-25.9715821065801	1.34390574122116	3.14276014953249	1.13070937906482	0.953896416216512	9.28016347373039e-07	0.082150955790778	2.07323946063381	0.354651475707797	ok
f3.0_r122	driver	150	140	-19.7798700941619	-21.9557731520837	1.5082702221334	3.07302030014288	1.38709333098601	0.116621236656116	8.5515376276175e-08	0.191968808378642	4.35180611584354	0.11350560523817	ok
f3.0_r122	control	150	117	-26.8223112751486	-26.8601726912441	2.87305546967092	3.0836647778323	1.92982989446954e-07	0.365304240181205	8.88401905323135e-08	0.206583701710361	0.0757228321911043	0.962846366654529	ok
f3.0_r123	driver	150	0	NA	NA	NA	NA	NA	NA	NA	NA	NA	NA	skipped_invariant
f3.0_r123	control	150	64	-181.921730762802	-183.911433538176	0.94746354073905	1.50952199237199	1.10668205282105e-06	1.03097554937667	2.03473475329608e-07	0.0641910575107296	3.9794055507486	0.136736060730792	ok
f3.0_r124	driver	150	140	-23.9512948235187	-25.5960407612545	1.46382697705413	2.8691233834893	9.54106542616162e-06	3.99607860157956e-08	1.02728033917553	0.129822315565421	3.28949187547158	0.193061606232266	ok
f3.0_r124	control	150	138	-28.1077525002263	-28.2165494929848	3.41354166499791	2.76290126522678	2.04158854855661	3.87585608935838e-09	1.04254235079501	0.195954380638022	0.217593985517027	0.896912478745899	ok
f3.0_r125	driver	150	146	-31.8661528638974	-35.1529949372549	1.45682031299678e-06	2.61732045230664	0.220236350821566	0.262886773242717	4.81550560929424e-07	0.0694707548534424	6.57368414671492	0.0373716802724707	ok
f3.0_r125	control	150	140	-37.5767445945824	-38.1724081474353	3.89322025800612	2.48192688164135	3.93548337410702	0.057351771353441	5.12139249290232e-09	0.166318534249171	1.19132710570584	0.551196696353989	ok
f3.0_r126	driver	150	146	4.18104396359342	3.61489005822748	1.64264366394892	3.41045398343258	8.67957689535061e-09	0.721756423521526	4.89504355762078e-06	0.0372583864676125	1.13230781073188	0.567704691173995	ok
f3.0_r126	control	150	145	-2.32276326107414	-2.75536959175494	4.08149940066811	3.27960752401259	5.46250715940752	0.461921165110252	7.1781704985076e-09	0.132750798073335	0.865212661361599	0.648815860434345	ok
f3.0_r127	driver	150	135	-51.5229185110822	-55.2499673960183	0.951123977622816	2.70072186302638	4.33867772040382e-09	0.390122490540084	5.74407862513192e-11	0.140448913100899	7.45409776987211	0.0240637460365897	ok
f3.0_r127	control	150	0	NA	NA	NA	NA	NA	NA	NA	NA	NA	NA	skipped_invariant
f3.0_r128	driver	150	145	-17.2008803289074	-21.3306193286722	0.0383993714877004	3.32772080944452	8.63818434969894e-08	0.97958195964621	0.959951705988383	0.113965079984965	8.25947799952961	0.0160870770055833	ok
f3.0_r128	control	150	103	-23.9845913506547	-26.0077497467334	5.12703912294648	2.63172622504239	3.55472578969571	1.14192859524615e-06	1.66183835673769e-08	0.243334276899643	4.04631679215742	0.132237147533386	ok
f3.0_r129	driver	150	136	-30.1934527790775	-36.315588789587	0.718557707283748	3.4363105889273	7.0350792609019e-07	0.98776589806598	5.40812932847507e-09	0.166659348357803	12.244272021019	0.00219376504970444	ok
f3.0_r129	control	150	115	-28.4306041726396	-28.8792149149816	3.89048781865079	2.84025241438793	1.47889615327778	0.465746412882168	3.05161909884145e-09	0.154774624038733	0.89722148468389	0.638514597022363	ok
f3.0_r130	driver	150	136	-13.3181146058688	-22.6376620218132	0.86842321675514	3.87623145955702	1.01516038438578e-07	1.64840686774854	7.04021061362831e-07	0.0663973759141737	18.6390948318887	8.96544774093059e-05	ok
f3.0_r130	control	150	134	-19.564751902974	-25.266867089256	1.20084544163979	3.61031010900935	7.16826805286802e-08	1.20240393165754	0.380716444931585	0.055838584026584	11.404230372564	0.00333889559690751	ok
f3.0_r131	driver	150	142	-47.5631197258614	-47.6813828621121	1.75592949083264	2.38807330479839	1.29374062706194	1.80772243344051e-07	2.22811747834585	0.21321331548414	0.236526272501408	0.888462235231581	ok
f3.0_r131	control	150	143	-48.6801481321479	-48.2722805556941	2.34014819542419e-08	2.46440871254632	1.10471105637862e-06	7.40047474927591e-07	11.0066495706738	0.726439319062757	-0.815735152907692	1	ok
f3.0_r132	driver	150	135	-20.2931724091363	-26.0112481868055	1.4608055595251	3.02440038768292	0.695114835241694	0.425877990796309	0.1107004654756	0.0377658513673696	11.4361515553383	0.00328602787097746	ok
f3.0_r132	control	150	139	-37.6776546372452	-38.4743258909833	4.83824569395219	3.0287560002411	5.45564539480519	1.00619459742885	0.011828504572079	0.188382734080552	1.59334250747618	0.450827158397799	ok
f3.0_r133	driver	150	147	-10.4368453202293	-13.1172532540373	5.28566210641827e-08	3.13792397831539	6.13037522997943e-08	0.688320541468378	0.345450729571034	0.0568141425911963	5.36081586761594	0.0685351906297386	ok
f3.0_r133	control	150	139	-20.2021062517827	-21.4683458687524	1.44274336660386	3.22269213388317	9.42889279100652e-08	0.796434977551579	3.77464277522571e-08	0.102362327454196	2.53247923393945	0.281889644281468	ok
f3.0_r134	driver	150	142	-30.8144861853258	-35.2046370729673	5.42120523153469e-07	2.75699768812542	1.41930996655182	3.76202620333408e-08	9.65700747999368e-08	0.224661955976946	8.78030177528296	0.0123988582448158	ok
f3.0_r134	control	150	132	-23.8262493987668	-24.7313556379491	4.3041416078249	2.62649489258787	2.94857923682563	6.94637518384572e-08	1.24880052672318e-07	0.124221066644876	1.8102124783646	0.404498909186842	ok
f3.0_r135	driver	150	145	-14.6102314514964	-16.2633794281316	7.38178051704552e-06	2.90934881838557	3.59876854492657	2.22211648838745e-06	3.1441998392324e-07	0.211235125231195	3.30629595327035	0.191446290581846	ok
f3.0_r135	control	150	144	-10.0493006580396	-10.0540102088197	2.8071511944609	2.81781004100795	0.496950391376611	1.60895105339091e-05	2.98014777233086e-06	0.0636087762224858	0.00941910156024051	0.995301521765097	ok
f3.0_r136	driver	150	138	-55.9952417013478	-56.4725931099695	2.21655441477434	2.5375658804324	5.8302342853847	6.35714438045961e-07	1.98762218912149e-06	0.446748405881482	0.954702817243344	0.620424468474137	ok
f3.0_r136	control	150	121	-52.3105059511694	-52.4614132086013	2.76466495973621	2.3786205433387	0.983749284060874	2.67194290626115e-07	1.76219830106178e-09	0.20083779477346	0.301814514863864	0.859927446840895	ok
f3.0_r137	driver	150	140	-18.6083923323545	-27.8690040571421	0.261969610007164	3.15140951199398	1.31355248042608e-08	0.315729183349784	7.16799931181138e-07	0.166439023954118	18.5212234495751	9.50971340739573e-05	ok
f3.0_r137	control	150	144	-17.2981798736569	-20.0850439062965	0.443978076540678	3.01975864686379	2.94414062227985e-07	0.377950579835246	0.375826663504015	0.105085009207715	5.57372806527912	0.0616141311700834	ok
f3.0_r138	driver	150	143	-12.6707257987726	-13.7255660854934	1.53623447163084	3.04245567717779	3.4428533448638	2.01519220701528e-06	1.95342232731442e-05	0.232946076830847	2.10968057344152	0.34824804270171	ok
f3.0_r138	control	150	138	-7.65665244727685	-7.88507032389988	2.45545880052921	3.13630643244941	5.42035838256713e-07	0.32269754115011	0.357311847525962	0.0696174128791266	0.456835753246052	0.79579164761852	ok
f3.0_r139	driver	150	136	-33.2439511951113	-37.2493125177662	0.965986464354239	3.77371800210534	1.33324122059908e-05	2.16127208602356	2.47241020167304e-07	0.0707734168898084	8.01072264530967	0.0182177055995841	ok
f3.0_r139	control	150	126	-25.0469024427012	-29.4937134955369	9.10814594815174	2.88456214885823	7.14557152083497	1.2991091726806	6.29697438326949e-08	0.0646263510816312	8.89362210567135	0.0117158687485075	ok
f3.0_r140	driver	150	140	-35.7662956620548	-38.5538548062067	0.885558905104797	2.870940293318	1.29743203071301	0.375148625635112	4.81558242334911e-08	0.193500236986143	5.57511828830374	0.0615713173600961	ok
f3.0_r140	control	150	122	-27.7730284305261	-28.4657445590956	2.34038061915372	3.11367255266187	3.62385128277824e-09	0.965252148908534	3.45865034318354e-07	0.0867107681923468	1.38543225713915	0.500215572453315	ok
f3.0_r141	driver	150	139	11.8533036045883	3.0995772738024	0.652594916880125	5.60435406119958	1.05427043233791e-05	3.64430983557688	7.3459016459135e-08	0.0917291051470039	17.5074526615719	0.000157871944596967	ok
f3.0_r141	control	150	11	25.8319504262239	22.7133765763499	4.96350485271973	3.7097625938916	2.78480422818061	3.84441149824501	9.40203732380682e-12	0.0766833096128193	6.23714769974801	0.0442201880980779	ok
f3.0_r142	driver	150	136	-23.2844521910115	-28.898857267733	0.754921424514101	3.27999428433614	0.000106439410479584	0.385031398097776	2.76238119099595e-07	0.204312513908181	11.2288101534429	0.00364497753520539	ok
f3.0_r142	control	150	136	-23.896462586674	-24.9558566311016	5.01352979974042	2.94486030066543	5.66976713835895	2.22347450929324e-09	0.337443584625408	0.361137114667846	2.11878808885508	0.346665810777984	ok
f3.0_r143	driver	150	145	-15.941628799883	-16.5864995873163	1.246473506099	2.79505292973579	0.788494448831386	9.78174252616223e-07	1.17251416078657	0.112282011456572	1.28974157486655	0.524730339480364	ok
f3.0_r143	control	150	141	-21.6137802990311	-22.3014751150663	1.56691294286921	2.80893773993952	2.51853212176745e-06	9.00747539904895e-06	0.330161270372335	0.116500958471642	1.37538963207037	0.50273362785799	ok
f3.0_r144	driver	150	142	-13.5186873461849	-14.2197620162176	1.0684555257373	3.12621057878776	4.02056936431636e-07	1.62094207117029e-09	4.06043347394053	0.340066221306735	1.40214934006528	0.496051925101157	ok
f3.0_r144	control	150	124	-4.15568622362932	-4.17862744888425	3.09084367145028	3.08421346120483	5.29114401745791e-06	0.167626616240041	9.34558740806386e-10	0.0952501344640699	0.0458824505098523	0.977319923814627	ok
f3.0_r145	driver	150	144	-12.7946273374976	-15.0076378966926	0.708492906298241	3.26011945689577	1.15392904024867	0.592426869273127	8.61213700074724e-08	0.12418300153815	4.4260211183901	0.109370884854997	ok
f3.0_r145	control	150	147	-3.32740194034269	-5.65523104485186	1.19383129017394e-07	3.23700118005989	0.925280611691161	0.608053082026398	7.29480039895898e-08	0.0706649838410157	4.65565820901833	0.097507195421239	ok
f3.0_r146	driver	150	147	25.2658517865123	23.706721421557	1.0746985666258e-05	3.57682902579127	2.94375797183579e-07	3.45110812289507e-07	0.832994467313011	0.0867825515862726	3.11826072991059	0.210318892374766	ok
f3.0_r146	control	150	136	17.2182414986567	17.1394719662744	3.08471293399581	3.54855840510569	1.4886328521985e-06	3.69983920331322e-07	8.56705748887234e-10	0.128671395994116	0.157539064764613	0.924252910267352	ok
f3.0_r147	driver	150	138	-32.1759255601061	-32.6217283511903	2.37496793083136	3.37872690850279	1.55653626337608	1.31272632862428	3.44815518305454e-10	0.127923045272423	0.891605582168367	0.640310034458885	ok
f3.0_r147	control	150	145	-18.0510575546085	-18.1969237508893	2.53818306997108	3.26883133619808	2.08965158481176	1.15633906303746	0.679970182509709	0.0788216098438697	0.291732392561705	0.864273338435299	ok
f3.0_r148	driver	150	134	-18.5797300462155	-21.0934576038043	1.48869859076518	3.27215496259294	1.81768670966355e-06	0.281513057329103	5.29929836390798e-10	0.173400137199023	5.02745511517764	0.0809658710964242	ok
f3.0_r148	control	150	140	-13.3458532762001	-13.6554646498356	2.89538295779796	3.02006970710606	1.6678576805466	1.06520716543048e-08	1.19891048420064	0.189271589432294	0.61922274727107	0.733732048442002	ok
f3.0_r149	driver	150	132	-43.3157239788293	-53.6373438803961	0.869468235916824	2.79615424255596	0.340254649245749	1.66357346915874e-08	0.107761339140928	0.115086625505476	20.6432398031337	3.29137550293906e-05	ok
f3.0_r149	control	150	0	NA	NA	NA	NA	NA	NA	NA	NA	NA	NA	skipped_invariant
f3.0_r150	driver	150	147	-16.6431072318237	-18.7032552196846	2.73536537049126e-06	2.69369591682919	1.44862912510252	1.55526958092092e-07	1.10313464404654e-05	0.0822671441888503	4.12029597572185	0.127435109650028	ok
f3.0_r150	control	150	109	-28.1381201046606	-28.5008269215136	2.33850239419076	2.75805003351469	2.59172242632644e-09	3.30511249714255e-05	7.98982646185364e-07	0.14838935728146	0.725413633705962	0.695790397616652	ok
f3.0_r151	driver	150	140	-9.53409232401074	-15.8262039730014	0.443181425012758	3.22492289099578	2.97479799259322e-06	1.42933458069818e-06	3.70636886481739e-07	0.181038955491967	12.5842232979813	0.00185084747722091	ok
f3.0_r151	control	150	81	-0.400939400428935	-1.40886944859002	3.25554680808083	3.47848350449751	7.08520053712693e-07	1.22458500431152	6.46667567206728e-07	0.110543880838945	2.01586009632217	0.364973676141361	ok
f3.0_r152	driver	150	144	-19.9022530236668	-21.9230417635128	3.40208627344705e-07	2.88778184053839	1.76084725289994	0.0101500019301206	2.37445299315013e-05	0.188610983875616	4.04157747969201	0.132550875681358	ok
f3.0_r152	control	150	92	-4.93288323947173	-6.38028685308186	4.05272985973141	2.56626444155341	1.51433168994912	5.64180010411537e-05	1.86162239800759e-06	0.0704451488656435	2.89480722722026	0.235180114527218	ok
f3.0_r153	driver	150	144	-18.3122835473566	-22.2034499932132	0.384328065733227	3.64225629266525	0.211625004861214	1.59121406078147	2.36128319853667e-07	0.0766551434564559	7.78233289171321	0.0204215115522858	ok
f3.0_r153	control	150	131	-24.8335729782985	-24.8916021487478	3.154029519525	3.58242111229114	0.675340992002569	1.72580930226063	2.36899114634266e-09	0.0808358319533896	0.116058340898597	0.94362242114533	ok
f3.0_r154	driver	150	148	11.0299588465605	9.96531607519902	0.182118209686615	3.42514987703931	2.36985139124098e-07	0.519270596296062	2.87148764315833	0.0850652639971551	2.12928554272304	0.344851023427801	ok
f3.0_r154	control	150	136	-4.94099289531585	-5.0356782950119	3.71487873299074	3.33177869938607	1.85843533214159	0.392260507276824	5.18079541357035e-09	0.155248916926872	0.189370799392099	0.909659068476382	ok
f3.0_r155	driver	150	145	-24.8798663457434	-25.7202260171663	1.12850740631081	2.56986169866163	1.01023577274479e-07	2.69047370679172e-05	1.20404491021821e-05	0.0531600083181419	1.68071934284575	0.4315552774113	ok
f3.0_r155	control	150	121	-44.1859293053866	-44.6727128223343	3.43555566140106	2.46744145726395	0.824493483283651	2.37108242832929e-08	3.40268428827613e-06	0.198716168989263	0.973567033895492	0.614600069042943	ok
f3.0_r156	driver	150	141	-20.8395464331462	-22.0932101622948	2.95850851752774	3.22203242627237	4.17517838193495	0.693138765681799	1.1173638943905e-08	0.222387683775251	2.50732745829737	0.285457041402794	ok
f3.0_r156	control	150	110	-16.5184982572697	-17.2475445233379	4.41144420841347	2.87530648560344	2.25189742679521	0.391713533669488	2.75256397917087e-09	0.157126133738102	1.45809253213642	0.482368822290017	ok
f3.0_r157	driver	150	136	-39.1500157430979	-48.0303685869757	0.469552063035531	3.48522588145782	2.76960803933108e-06	1.35142275606669	1.78026522747508e-06	0.157251959966216	17.7607056877556	0.000139095078055429	ok
f3.0_r157	control	150	132	-38.7741269056568	-41.1835089309065	7.3862454226008	2.70947249445372	7.58084259327242	0.355822684450217	5.77920315145567e-08	0.313951274882626	4.81876405049938	0.0898708153099249	ok
f3.0_r158	driver	150	143	-5.96845883608719	-10.0212957939561	0.391216800982732	3.64290895034695	1.76171728642583e-09	1.08098734747371	6.59330239563854e-09	0.1051353466651	8.10567391573786	0.0173730181409212	ok
f3.0_r158	control	150	101	-23.5990288418386	-23.7673296162196	3.72962953076142	3.26520311858369	1.65415830772263	0.551376449874877	1.07118663602484e-08	0.328766385975518	0.336601548762104	0.845099612141992	ok
f3.0_r159	driver	150	145	-17.1643725210461	-17.7408114799407	3.75915809801568	2.69811290858079	4.20139642815448	6.30876195361811e-08	8.22195047647229e-07	0.105285177225782	1.1528779177892	0.561895741920732	ok
f3.0_r159	control	150	139	-31.672188849475	-32.7211878224541	1.42292009343641	2.74569546357859	2.71536706454829e-06	3.77371208100105e-07	0.732651095324385	0.16575306942416	2.09799794595817	0.350288221640624	ok
f3.0_r160	driver	150	146	-0.70735138879486	-3.18193075781553	6.03993451512455e-09	3.41173124205351	0.700231105623382	0.649403970251772	1.83905162068697e-08	0.0923992736984162	4.94915873804134	0.0841983992648664	ok
f3.0_r160	control	150	64	6.11081781160113	5.26173985412835	3.71825754251923	2.83890230514078	0.763654991970703	0.352875525342988	1.71208675151411e-10	0.0907359336335341	1.69815591494557	0.427809208434661	ok
f3.0_r161	driver	150	139	-19.0316307513445	-20.9003489339659	0.828426491800098	3.26315411630391	4.24169631169376	3.6908306349033e-06	9.52096993336128e-06	0.481351066858504	3.73743636524269	0.154321346874313	ok
f3.0_r161	control	150	138	-5.49768843207454	-6.30035039969762	1.99413336878404	3.29311979453458	1.2738644750248e-05	0.334631640062467	8.3045400625325e-07	0.106152074961473	1.60532393524615	0.448134455539576	ok
f3.0_r162	driver	150	146	-21.646648829883	-23.6123452519211	1.26974428381107e-07	3.21157393106285	5.21561552571358e-07	1.000632007658	3.18480301371182	0.148435964773935	3.93139284407619	0.140058312947777	ok
f3.0_r162	control	150	103	-38.2324484566206	-38.2612761939307	3.18543731427397	3.00695275597532	0.928369549428468	0.832280939889157	3.82345534223419e-09	0.192091659980361	0.0576554746202049	0.971583817693729	ok
f3.0_r163	driver	150	146	-7.10621729127089	-7.7428215363322	1.53653520630949	3.55147437835091	1.32794449904312e-06	1.40530100924316	0.406535870381826	0.0331405491525274	1.27320849012262	0.529086023484685	ok
f3.0_r163	control	150	138	-17.8700854790227	-18.6873643878857	1.89313845047903	3.58149583258579	0.251829998584892	1.39605773009677	2.99151039258732e-08	0.0852667429778371	1.63455781772597	0.441631741209696	ok
f3.0_r164	driver	150	141	-45.8773888936812	-52.8303211775054	0.349552647366174	2.81858167022397	9.26504188531003e-09	0.645640693287594	8.32680703470077e-08	0.104785240407958	13.9058645676485	0.000955828280624902	ok
f3.0_r164	control	150	134	-50.297632589715	-50.7937257024544	1.9090473532076	2.88300243246233	3.29468922488068e-08	1.03579553360725	8.33379922252263e-09	0.0827560212880158	0.992186225478704	0.608904941626098	ok
f3.0_r165	driver	150	141	-32.1836297709904	-31.8106290544752	1.85942753012266	2.78676423366939	4.19574383590122	2.05051314587169e-06	5.02496241885139e-06	0.296046050824423	-0.746001433030443	1	ok
f3.0_r165	control	150	108	-19.8919126598497	-20.7036220798623	3.18752671449903	2.72018574997952	5.10562999463819e-08	0.376847618344205	2.06734385652798e-10	0.0858611498196956	1.6234188400251	0.444098266535209	ok
f3.0_r166	driver	150	139	-19.2369446879955	-21.9547955356846	1.15909614191927	3.33754827516856	1.50259292320321	0.46691860348431	1.59016250709374e-09	0.236880315027445	5.43570169537819	0.0660164815491442	ok
f3.0_r166	control	150	144	-8.5731368039365	-9.30968818959789	1.77525851542665	3.20317896408866	1.56169325022387e-08	0.334020323831891	2.48274589625295	0.155549073664078	1.47310277132279	0.478762137819257	ok
f3.0_r167	driver	150	147	-0.623528660407895	-2.81342456036164	1.30842386994584e-05	2.97956132684685	1.34754946093825e-05	7.33632501703332e-06	9.48512636018921e-05	0.0603966837231805	4.3797917999075	0.111928399762468	ok
f3.0_r167	control	150	137	-12.6841701566954	-12.705862752035	2.7265103155154	2.94179499017854	4.70309278202292e-08	3.41501440379869e-09	4.49037171465988e-06	0.105642597192295	0.04338519067921	0.978540996883877	ok
f3.0_r168	driver	150	145	8.58208824443186	8.54641444725666	3.01350461996434	3.55776843186564	0.719026386583958	0.83271963080179	4.08002042504071e-07	0.0426397666888766	0.0713475943503994	0.964955013200213	ok
f3.0_r168	control	150	128	-2.00723868972817	-2.96782018122187	2.557954522575	3.95399866207275	8.25424647351936e-08	1.3985745971328	5.15265245470451e-09	0.100049957523783	1.92116298298739	0.382670301740613	ok
f3.0_r169	driver	150	135	-52.1105098315209	-56.7661748976368	0.883238595713873	2.54501437098342	3.1054541387505e-07	0.309767493593037	2.79497313660443e-07	0.114722216692081	9.31133013223179	0.00950758796423394	ok
f3.0_r169	control	150	135	-56.1039548590217	-56.5617510034358	2.12685082196714	2.25491050254411	0.891505119602893	3.60015860126498e-06	0.429222867385738	0.0963466525242127	0.915592288828265	0.632676437688027	ok
f3.0_r170	driver	150	147	-21.3329158652296	-21.4357185802992	2.89474875926357e-06	2.64941728140511	1.54524226437896e-06	3.9117786314373e-07	64.17794271901	1.37242008094906	0.205605430139137	0.902304967095872	ok
f3.0_r170	control	150	139	-22.5150166628497	-22.572193354313	2.31396965525254	2.61424541920264	1.86860600430519e-05	2.89894183127139e-05	2.91535337756898e-05	0.056270348957915	0.114353382926673	0.944427182402333	ok
f3.0_r171	driver	150	144	-18.1855151784542	-23.3111465741559	0.493359906471344	2.80293341870902	2.8703625393604e-05	1.54214832060923e-05	7.80272085576265e-06	0.0778997971711823	10.2512627914035	0.00594246412540329	ok
f3.0_r171	control	150	138	-18.7240995247134	-19.0553810959485	3.5159004151375	2.59900618355919	1.21615963289866e-05	6.94593358292913e-07	4.78149326085644e-07	0.0560792448650125	0.66256314247017	0.718002971591908	ok
f3.0_r172	driver	150	144	-6.89190973648647	-8.09679912769112	0.906698479289756	3.05120947575644	7.56790492650253e-07	1.06855085458317e-07	0.914449840896421	0.125270305316116	2.40977878240929	0.299725149917619	ok
f3.0_r172	control	150	122	-23.8044552911452	-24.8263556396122	4.82575960086448	3.01003687360502	3.45662497382663	2.54075326290265e-05	3.15723108505936e-06	0.36937510984394	2.04380069693394	0.359910334831706	ok
f3.0_r173	driver	150	138	-15.9031143980388	-17.3876441115261	1.70172340761872	3.48714287414721	5.58087958834459e-08	0.951089568735645	0.337082403036152	0.107683568741515	2.96905942697449	0.226608886724017	ok
f3.0_r173	control	150	127	-18.4054476112183	-18.9589610996994	3.07123931103365	3.28152217651385	1.59903272754072	0.574702458133423	1.15337034158676e-08	0.201179354286914	1.10702697696215	0.574926260808271	ok
f3.0_r174	driver	150	143	-0.624822184938748	-1.19121278987123	6.49693495751641	3.3281172993483	6.63481598705784	0.636568943913821	4.03097438408773e-09	0.131835354544303	1.13278120986496	0.567570331621725	ok
f3.0_r174	control	150	140	-8.86637288367069	-10.9278711586956	1.75196592051374	3.46754358754408	1.3016877158876	0.645642400794861	0.0768164714991931	0.162212215467019	4.12299655004982	0.127263151779606	ok
f3.0_r175	driver	150	0	NA	NA	NA	NA	NA	NA	NA	NA	NA	NA	skipped_invariant
f3.0_r175	control	150	0	NA	NA	NA	NA	NA	NA	NA	NA	NA	NA	skipped_invariant
f3.0_r176	driver	150	146	-15.5928523124654	-17.7620708010026	2.0056913700075e-07	3.02240000759559	0.731546078625425	0.52628737769612	2.4647233477537e-06	0.0868623373768975	4.33843697707426	0.11426688290391	ok
f3.0_r176	control	150	125	-32.4227495676207	-34.0858293664841	4.7613229109246	2.699402081363	3.53384915117528	1.82516249705392e-07	0.480426136798568	0.109815883396419	3.32615959772681	0.189554291111114	ok
f3.0_r177	driver	150	147	4.53219756317592	1.21229164197586	0.839909296321171	3.0216356728944	0.287455133483631	1.91574024996483e-05	0.528832683254523	0.0150084796970522	6.63981184240011	0.0361562331290685	ok
f3.0_r177	control	150	147	-1.30366177276153	-3.69917448927186	1.14734996024319e-06	3.00231226538454	4.90275218796417e-06	0.0343059580843816	0.719221093852109	0.0807494681725549	4.79102543302066	0.0911259451664312	ok
f3.0_r178	driver	150	142	-27.6299791553777	-28.2037766822383	1.74439932337743	3.22963499083154	3.98154278431761e-07	1.0880877083664	1.39766074487894	0.104664234220236	1.14759505372131	0.56338191327939	ok
f3.0_r178	control	150	145	-24.002845298344	-25.1546402753859	1.24072648982831	3.15123825384454	2.20566863577374	0.921297460067844	2.67245407460574e-06	0.104074621993082	2.30358995408373	0.316068923435087	ok
f3.0_r179	driver	150	147	1.73555716779846	0.237685228301876	0.760646748055175	3.24598934385702	4.17725254800816e-07	0.490271110151614	1.21775823294982e-06	0.0378995691629643	2.99574387899318	0.223605500226197	ok
f3.0_r179	control	150	49	-1.59751213583777	-1.61402928951171	3.13904469979825	3.21573168085847	0.356357818780275	0.62060508103898	2.58019459499252e-10	0.167607125474136	0.0330343073478829	0.983618506574813	ok
f3.0_r180	driver	150	145	-20.1605332760291	-23.5665127130302	0.608919839141745	2.98640790786573	5.37275838233847e-09	0.659387012573876	1.07940387975026e-07	0.0481653479207996	6.81195887400214	0.0331743120161145	ok
f3.0_r180	control	150	46	-21.0760903971914	-21.8654993342848	3.22896452916099	2.29921158080814	1.04970447065255	2.64398943719466e-06	9.70120378455041e-09	0.176418691821118	1.5788178741867	0.454113125398401	ok
f3.0_r181	driver	150	0	NA	NA	NA	NA	NA	NA	NA	NA	NA	NA	skipped_invariant
f3.0_r181	control	150	103	-216.670089263477	-217.945779905329	1.32499149899358	0.895661227846931	0.961979104145365	0.0136569141703657	4.57821337320259e-10	0.171852254088766	2.55138128370527	0.279238048126846	ok
f3.0_r182	driver	150	142	-27.1107643143155	-28.702335126292	1.06137004214921	3.18548442362705	3.25680805185092e-09	0.767890370707198	1.03659771315551	0.132175423954944	3.18314162395284	0.203605534397474	ok
f3.0_r182	control	150	139	-30.5173765909249	-32.8987220674281	1.18749726439371	3.19251182926302	1.23410013625434	0.738695573071475	4.71360839457178e-10	0.186133175002908	4.76269095300632	0.0924261366178707	ok
f3.0_r183	driver	150	143	-28.0458655001383	-29.9709503576879	0.524094916311416	3.21759762625683	1.0004104821687e-06	0.960297013182775	0.772474014721958	0.12006689487097	3.85016971509918	0.145863378722152	ok
f3.0_r183	control	150	150	NA	NA	NA	NA	NA	NA	NA	NA	NA	NA	skipped_invariant
f3.0_r184	driver	150	141	-21.8112422973638	-23.8402575678706	1.55083712973683	3.05735697408986	0.963985910263863	0.400724343316204	1.19717245183054e-08	0.117586939094573	4.05803054101359	0.131464914808094	ok
f3.0_r184	control	150	128	-26.5258820135035	-26.6846930314712	3.28452331693056	3.00109008808817	1.45774240394558	0.440628860425723	0.14967105679995	0.134641294004814	0.317622035935457	0.853157575187574	ok
f3.0_r185	driver	150	141	-26.567350646647	-29.2485711136402	1.04903708060926	3.36501731223805	1.62090084469281	1.1294570229766	4.52443924627813e-06	0.168211967926714	5.36244093398643	0.0684795261306839	ok
f3.0_r185	control	150	133	-35.9686897552749	-38.2928980025006	1.69075686540818	3.3988222135783	0.973731982949204	1.10847427958571	4.06676693363993e-10	0.190337327891427	4.64841649445147	0.0978608950214193	ok
f3.0_r186	driver	150	133	-29.1507829759621	-32.3699141651877	1.39889820601216	3.384646181887	1.01718187926619	0.773736395881149	3.49791375783336e-07	0.262869619393693	6.43826237845117	0.0399897867298127	ok
f3.0_r186	control	150	141	-12.5809351717178	-13.4673361621754	5.65946373649173	2.9929475784024	5.78246554279749	0.336658251837408	4.19306559264538e-10	0.169058591693152	1.77280198091506	0.412136369503894	ok
f3.0_r187	driver	150	142	-29.1471798226185	-31.0142538527056	1.11239890723195	2.78777003104967	1.17781013528685	0.156572873316079	3.7978750409903e-08	0.145739166108673	3.73414806017435	0.154575283405845	ok
f3.0_r187	control	150	142	-21.8078516231681	-21.9202032262266	3.28473655953051	2.66932248338755	9.43899417621511e-10	0.138321531750401	1.36636439287629e-06	0.0534363832012961	0.22470320611702	0.893729964061482	ok
f3.0_r188	driver	150	141	-0.0670011838900087	-1.42673421622815	1.57686676585286	3.16065035870942	8.55913049554221e-08	7.05430558889708e-06	3.46589401737222e-09	0.0911605554778769	2.71946606467627	0.256729306228214	ok
f3.0_r188	control	150	121	-13.1107555947174	-10.5657805812401	2.53742597434357	3.35470894905768	0.319310565813411	1.15590725800096e-09	0.697890118254964	0.0952283810761539	-5.08995002695461	1	ok
f3.0_r189	driver	150	144	-20.1496346930907	-22.5132525269699	0.615309613433228	3.30566203617314	0.660325907262806	1.00393086473873	3.23871968020976e-07	0.0953687673733509	4.72723566775844	0.0940792436894605	ok
f3.0_r189	control	150	100	-24.9674414352025	-26.4388497348735	2.39413145997263	3.89546790863491	1.39159497353478e-05	1.90870558090415	1.70272723116561e-07	0.123352199986301	2.94281659934211	0.229601909101095	ok
f3.0_r190	driver	150	139	0.70773714293403	0.0274810312363628	5.91418396900376	3.43756185529605	6.8838031827336	0.257773052845866	4.38393337522074e-09	0.304930052688374	1.36051222339534	0.506487258441505	ok
f3.0_r190	control	150	119	6.8297205262694	6.01916531807207	4.13195024150953	3.36452368869113	4.66799233151015e-07	0.578445082769718	1.12072098583199e-08	0.0926910385524572	1.62111041639466	0.444611145930354	ok
f3.0_r191	driver	150	135	-31.9639528158741	-38.921308096086	0.597800046065027	3.05824367324384	0.40660295859065	5.20951539508752e-07	1.20987246524747e-09	0.289954209793875	13.914710560424	0.000951609991208677	ok
f3.0_r191	control	150	142	-10.117241943852	-10.2210266490091	2.95719553075314	2.88851511682288	1.27002067541128	0.123362302947206	2.5330336257933e-09	0.0729410073996646	0.207569410314118	0.901419347468305	ok
f3.0_r192	driver	150	141	-9.74599421097527	-9.9263847833266	3.24879650536078	3.86698896339225	2.34452729062967	1.77860476403242	5.18573437002242e-09	0.0934190039249301	0.36078114470266	0.834944041661395	ok
f3.0_r192	control	150	0	NA	NA	NA	NA	NA	NA	NA	NA	NA	NA	skipped_invariant
f3.0_r193	driver	150	145	16.1683653181793	14.4205293329426	1.12104006116596	3.90116220353476	1.7073128709408e-09	1.02791025076548	3.52428637365614e-07	0.0597066842502521	3.49567197047345	0.174150400011411	ok
f3.0_r193	control	150	132	-9.98029576969863	-12.3650319181668	3.07497952874215	3.6808347045869	2.92248801576214	0.366945227548907	1.73926549742965e-08	0.383168496662786	4.76947229693639	0.092113280603396	ok
f3.0_r194	driver	150	145	-31.8502994667069	-34.1638626178136	4.87825096775199e-08	2.71172606391815	2.18070430364328	0.282349097358562	5.41167071352723e-07	0.153093629684115	4.62712630221351	0.098908198086262	ok
f3.0_r194	control	150	137	-33.1442940032718	-33.8432063243284	4.39800463337258	2.46454418604425	1.67825587241848	0.0443333693336568	2.25297935750452e-06	0.0903087620939699	1.39782464211308	0.497125723018004	ok
f3.0_r195	driver	150	149	14.4716052183909	13.073931723268	5.28905436979684e-07	3.17827837669062	6.01085628126985e-08	0.143536392849918	3.38437916309649e-06	0.0205172277737242	2.79534699024565	0.247171340867199	ok
f3.0_r195	control	150	142	2.36352662919289	2.27308018808204	2.59694221368363	3.1926670284499	2.0463892218526e-08	0.198925575502285	7.51935938424087e-08	0.0631876637774193	0.180892882221704	0.913523259881741	ok
f3.0_r196	driver	150	140	-17.9621957497716	-25.980737724413	0.720289642804548	3.47202239069942	1.22806936177594e-06	0.946777555946375	0.248920327736552	0.0668776970854827	16.0370839492829	0.000329299800424671	ok
f3.0_r196	control	150	6	-0.220509423811712	-7.02485412355884	3.37845986345598	0.946405028672839	0.871531611176796	0.637541835270996	5.48684136223116e-11	0.122153349104381	13.6086893994943	0.00110894662607569	ok
f3.0_r197	driver	150	136	-13.8476772439859	-15.3949395580625	1.8571852271143	3.27307511544716	1.22796836609717	1.16881395169739e-06	3.46297013248885e-09	0.262243832155464	3.09452462815328	0.21282983823453	ok
f3.0_r197	control	150	132	-2.14728421298063	-2.36729527743964	3.9697091059211	3.16266493100775	1.86594504047459	1.78306489977643e-07	3.32027269303233e-08	0.154497176081041	0.440022128918033	0.802509918575252	ok
f3.0_r198	driver	150	0	NA	NA	NA	NA	NA	NA	NA	NA	NA	NA	skipped_invariant
f3.0_r198	control	150	112	-235.649836646689	-235.68859528842	0.785387080300644	0.865917501331666	0.0867685268228235	0.253818046179267	0.019615570706177	0.0655436480715438	0.0775172834618161	0.961982863647902	ok
f3.0_r199	driver	150	142	-17.0555665210435	-17.7318184404875	3.47030015817391	2.96961026316664	6.29921027968949	2.82385495058228e-06	5.76882502326939e-06	0.313311629815641	1.35250383888797	0.50851939661912	ok
f3.0_r199	control	150	146	-9.2854526108534	-10.1341030447841	1.93906135109265e-07	3.04681719211983	1.16106602148108e-06	0.222097133968042	5.06315401249804	0.221380851731043	1.69730086786137	0.427992146045076	ok
f5.0_r000	driver	150	150	NA	NA	NA	NA	NA	NA	NA	NA	NA	NA	skipped_invariant
f5.0_r000	control	150	148	69.094431540197	67.6284340044375	1.17864324557394e-09	5.44024038324226	2.42306005305704	1.55005784342275	1.28175774901391e-07	0.0848748491566118	2.93199507151905	0.230847597849638	ok
f5.0_r001	driver	150	147	65.3136820478067	62.0417466104111	1.34629941710374e-06	5.03469106257441	9.45023419969432e-06	0.75819460129693	0.484544706615048	0.0993630296789305	6.54387087479114	0.0379329391535169	ok
f5.0_r001	control	150	145	61.4076370591068	60.7050471528346	8.35467937374305	4.79120554296551	11.8536297925082	0.386223062669025	1.58896073255247e-08	0.251059863457734	1.4051798125445	0.495300858412947	ok
f5.0_r002	driver	150	144	66.8777240459253	63.763044276354	0.92295982437197	6.22812690686347	1.9920413603205e-08	2.34470772152613	1.07149048396278	0.165887825392125	6.22935953914271	0.0443927207715512	ok
f5.0_r002	control	150	132	59.2715821909308	59.079010859604	6.44405505289974	5.75064162748587	4.45762526338787	1.70453056246198	4.2181831006157e-09	0.32423195890829	0.385142662653649	0.824835479495942	ok
f5.0_r003	driver	150	146	63.3683722042504	59.6096648850421	9.01292382469181e-09	6.19353795933505	2.53685743976638e-06	2.79369932743887	1.04090853745946	0.118591590364071	7.51741463841671	0.0233138582810627	ok
f5.0_r003	control	150	0	NA	NA	NA	NA	NA	NA	NA	NA	NA	NA	skipped_invariant
f5.0_r004	driver	150	150	NA	NA	NA	NA	NA	NA	NA	NA	NA	NA	skipped_invariant
f5.0_r004	control	150	138	58.8451691712469	58.0371863265163	2.97361672522034	4.82432604557206	1.77683380755005e-07	2.29240048561767e-06	1.89951755573944e-08	0.183152871610608	1.61596568946108	0.445756319669145	ok
f5.0_r005	driver	150	0	NA	NA	NA	NA	NA	NA	NA	NA	NA	NA	skipped_invariant
f5.0_r005	control	150	52	-220.041204120049	-220.049128460922	0.976818471313692	0.98771870101662	0.260792471902948	0.311649006848312	2.12723905555124e-09	0.210797655527956	0.0158486817462062	0.992106973945008	ok
f5.0_r006	driver	150	147	81.9875372077682	79.18763476379	5.79477528809959e-08	5.45978900386638	1.31054076614875e-05	0.53126949814107	2.38444679578173e-05	0.100050007588976	5.59980488795645	0.060815995302391	ok
f5.0_r006	control	150	147	86.6112516816926	86.5921918464422	5.74569275071055	5.26170221822507	3.51619361397796e-05	0.370993537616782	0.259562725575173	0.0343642305977942	0.0381196705007767	0.981120654886393	ok
f5.0_r007	driver	150	134	46.3055850241473	34.4485068252213	0.968690136100487	7.1444937174755	9.81530159816657e-06	4.27802274907214	3.10986131674081e-06	0.19742199018323	23.7141563978519	7.08820658798402e-06	ok
f5.0_r007	control	150	148	52.9586623921241	52.260823344592	5.57512453863119e-09	6.02305808014007	2.35348805138071e-07	3.40610762517052	12.1716629354062	0.216564289764228	1.3956780950642	0.497659561320851	ok
f5.0_r008	driver	150	148	77.6433397487394	77.0208762314672	1.11319630752112e-07	6.78805856657097	2.42144222852624e-05	3.4606600125454	4.68914179122091	0.110246365408345	1.24492703454428	0.536620833211743	ok
f5.0_r008	control	150	149	81.7641595363968	80.5482660656755	8.29715206632655e-07	6.7550050809259	4.33826197161272e-06	3.47585114771528	31.0287225774968	0.235384335229933	2.43178694144268	0.29644503097859	ok
f5.0_r009	driver	150	150	NA	NA	NA	NA	NA	NA	NA	NA	NA	NA	skipped_invariant
f5.0_r009	control	150	128	27.9723959010257	26.4717008456627	8.54960827051332	4.18592660827721	7.15510991772593	0.265977102460567	6.4228385137331e-10	0.455468504837431	3.00139011072606	0.222975126218788	ok
f5.0_r010	driver	150	147	55.9597171859211	53.1859273730022	3.47106627074334e-07	4.46355128682149	7.74794729465103e-06	0.207930696809583	2.92577696065371e-06	0.0863204627427843	5.54757962583795	0.0624249768963447	ok
f5.0_r010	control	150	140	48.7453668962788	48.7267507543107	4.22755043894382	4.32286402281331	0.676026007542066	0.074645836707923	1.6557990315515e-07	0.13046310861339	0.0372322839362056	0.981556068117897	ok
f5.0_r011	driver	150	144	51.7103766811191	48.8159952987897	0.700325974875364	4.66583466046953	2.09806432487593e-06	0.366743339223186	1.97555485558112e-06	0.146479370667862	5.78876276465867	0.0553332446320995	ok
f5.0_r011	control	150	143	48.9883338765828	48.3422953657589	2.46454685978976	4.59033161196572	0.254382370991171	0.382536068169609	6.31999503843481e-09	0.122513885396426	1.29207702164771	0.524117957205345	ok
f5.0_r012	driver	150	146	53.2762616922449	52.3669128465976	3.11335669655285	4.91261818460004	4.59193414083538	1.0632923854616	4.1121487586261e-05	0.148022139087151	1.81869769129459	0.402786414788247	ok
f5.0_r012	control	150	146	52.9603037367445	52.2576944992742	3.09550823807778	4.95981986565323	5.64741519338657	1.15769515957213	4.39663621387165e-07	0.166359824437615	1.40521847494063	0.495291283746498	ok
f5.0_r013	driver	150	144	50.2386171724333	47.6411355195014	0.782649478031727	4.46058322750113	1.4398986371119e-06	0.0148011663839267	0.131517996421132	0.15607779004059	5.19496330586377	0.0744608605842923	ok
f5.0_r013	control	150	82	59.0256181876295	58.8324017571476	4.08171696864333	4.53309503849611	1.17435902039798e-07	0.0202794671070167	7.37565696392794e-08	0.110955701734582	0.386432860963922	0.82430355041694	ok
f5.0_r014	driver	150	145	61.4473334613347	58.4065381341617	0.675330330917706	5.48656063680902	8.34935726012698e-08	1.62547780317645	2.22826843437789e-06	0.10565672772241	6.08159065434596	0.0477968602316247	ok
f5.0_r014	control	150	116	51.8894096148709	49.5384057459299	8.82578867481905	4.58152207868931	3.98635383535891	0.837740508175901	1.74067394608834e-09	0.225932256277207	4.7020077378819	0.0952734721138735	ok
f5.0_r015	driver	150	138	45.2369024018869	43.179939404559	2.00140519794966	6.14303953737729	0.606224138674295	2.46975281477345	1.44608193834443	0.311848156399066	4.11392599465586	0.127841636315969	ok
f5.0_r015	control	150	145	65.7626181018843	65.6721724278977	6.48680458060182	5.61240338057336	5.14981853236226	1.91850603422367	1.30184883785083e-06	0.0907560147932624	0.180891347973215	0.91352396066785	ok
f5.0_r016	driver	150	146	60.4048263131759	56.9701147122374	0.678912807504644	5.65638410516695	1.16903876206166e-06	2.2014212645883	8.91476192802353e-06	0.0719364668370476	6.86942320187698	0.0322347053502717	ok
f5.0_r016	control	150	139	50.8576877772691	50.5556592062073	6.65937098925928	5.32207338296925	5.50929603265135	1.766372592473	0.195618354745553	0.19127588052762	0.604057142123523	0.739316941517777	ok
f5.0_r017	driver	150	146	61.9589035894211	57.3137320083944	1.78544745134135e-07	5.31682978839595	1.27248959470261e-08	1.35994243373637	7.72066228737526e-08	0.107419856314177	9.29034316205347	0.0096078809881486	ok
f5.0_r017	control	150	148	63.3525131071354	62.8562156385632	5.24456698024315e-07	5.05069243062998	7.99560015340635e-06	1.03673918681624	12.706245779625	0.232412153278598	0.992594937144403	0.608780521063092	ok
f5.0_r018	driver	150	149	72.9760188164258	72.7602126106199	1.72010358547e-06	4.6569292329555	6.79205053715132e-07	7.73205274727614e-08	14.8603120047372	0.135360752826788	0.431612411611837	0.8058914638281	ok
f5.0_r018	control	150	148	68.303989359109	68.1220483310026	6.26566001962966e-11	4.68650390475073	7.33398889203564e-05	9.97878288434067e-07	35.4197069577664	0.537716322276419	0.363882056212901	0.833650500914775	ok
f5.0_r019	driver	150	148	71.8272657368457	71.2426092604229	4.13607761613255e-08	4.78471601093898	5.04314667077304	1.0052264300475e-06	1.85454697540611e-05	0.131791778870716	1.16931295284562	0.557297273686062	ok
f5.0_r019	control	150	129	51.9283533631846	51.4974360109063	6.61590751757938	4.74932502786062	3.90582431668888	4.87543427957498e-07	1.1863075418677e-06	0.353618651698586	0.861834704556657	0.649912622352672	ok
f5.0_r020	driver	150	146	74.6090472902107	70.4151274809415	9.51390158042408e-07	5.0643819162947	4.39767054299371e-08	1.36692519049036e-05	1.43804221074386e-06	0.136853240272449	8.38783961853838	0.0150870305339314	ok
f5.0_r020	control	150	116	75.8310298959278	71.7478196251402	8.94884099852864	4.44048740240067	1.6051703710593	9.70525031477949e-06	6.1025412438966e-07	0.128572925039688	8.16642054157515	0.0168532751392795	ok
f5.0_r021	driver	150	149	98.2221228584849	97.5041372212272	5.01767550882593e-07	6.47516611285042	7.84240501946556	1.8855316504195	2.52822923940237e-05	0.08263296267011	1.4359712745154	0.487733739769441	ok
f5.0_r021	control	150	149	98.2237456101702	97.5232750711968	6.02781164442272e-06	6.47515907552576	7.8208277432889	1.88554904554172	1.37844229092325e-08	0.0824716917648491	1.4009410779469	0.496351696017425	ok
f5.0_r022	driver	150	146	89.6297994369793	88.1622801103126	1.42904660086589	5.54344237638332	1.21249953164881e-09	8.30486647794804e-08	0.408807737186729	0.121285198225525	2.93503865333335	0.230496563242675	ok
f5.0_r022	control	150	140	87.5297770803357	87.4951887464653	6.01566994614709	5.40105485768303	7.44084184598783e-06	1.52140680475754e-09	2.73054855833848e-05	0.115479197194005	0.0691766677407486	0.966003005133345	ok
f5.0_r023	driver	150	148	79.5430806697661	79.2367213664979	4.21222001688383e-07	5.17610036271047	0.000184491146824885	0.251171320779269	23.2951274488366	0.381489659889541	0.612718606536276	0.736122080864753	ok
f5.0_r023	control	150	119	70.4686981937708	69.9311619918339	4.26290489022184	5.61045178942452	2.54846597411701e-05	0.85954599082547	1.28736555290361e-06	0.165676876992623	1.07507240387389	0.584185796571548	ok
f5.0_r024	driver	150	143	56.2417397546276	55.654971120651	3.73890006476225	4.94019221187541	6.01415773612666	0.422479930603157	0.228579082340352	0.318876163547981	1.17353726795331	0.55612141627491	ok
f5.0_r024	control	150	146	72.3684772931061	71.9852704682587	2.89284582211897	4.93084810287537	2.46852823042987e-07	0.539981878830852	9.04474886708769e-08	0.0308646445072436	0.766413649694755	0.681671898018941	ok
f5.0_r025	driver	150	140	58.208754925055	53.9721130912552	0.950454700767029	5.01125048088816	1.44852780817147e-06	4.26019617283929e-08	2.71730797321225e-07	0.274950227173456	8.4732836675995	0.0144560562613069	ok
f5.0_r025	control	150	142	67.703373435636	67.6812115148721	4.31637407715907	4.75541938137268	3.1176060476712e-05	3.83770957631522e-09	8.04812377103341e-06	0.0998979126286288	0.0443238415278415	0.978081850468275	ok
f5.0_r026	driver	150	144	62.5187751864132	60.6170506532285	1.19422862357686	5.0720235464948	8.2638043261142e-08	0.218403798674998	1.76827235867517	0.220432482481467	3.8034490663693	0.149310905457244	ok
f5.0_r026	control	150	142	59.383525569259	58.3494566593344	2.74365118987649	5.00179983135682	2.54074574491257	0.0821694867094301	0.91668057723599	0.301713238270853	2.06813781984933	0.355557282708506	ok
f5.0_r027	driver	150	145	63.5227050450917	62.3261225298835	2.30618870514992	4.7645967650855	3.82204370990043	5.55790074444438e-07	6.30965743514085e-08	0.208115677924776	2.39316503041641	0.302225299410187	ok
f5.0_r027	control	150	134	60.1253084738106	58.6146449437592	2.9010422524652	4.90098344778804	6.09384591401217e-06	4.76054564458682e-05	3.48851750361308e-09	0.181201140471107	3.02132706010283	0.220763446169843	ok
f5.0_r028	driver	150	145	66.8943575709243	61.4194546633725	0.813792660030038	5.64165157577565	1.88387244832742e-07	1.43803918271947	0.807123939196106	0.0865316288074761	10.9498058151035	0.00419063540928435	ok
f5.0_r028	control	150	142	59.2422313154162	59.2399319476148	5.60862721271244	5.665651584829	1.57371045915136	2.15026794082561	0.157032214068703	0.09067541693445	0.00459873560289736	0.997703273719697	ok
f5.0_r029	driver	150	147	78.3205970645703	76.9465487154347	4.14120570287281e-08	6.94574723251371	2.46440800546351	3.56876737432119	5.81865287755827e-06	0.117607279409953	2.74809669827115	0.253080325351727	ok
f5.0_r029	control	150	146	77.15058109678	76.5299746804872	2.72199438367768	6.84132050423379	0.615403616027369	3.47821605854815	0.0898943688132706	0.0525465172629893	1.24121283258555	0.537618318215157	ok
f5.0_r030	driver	150	141	62.2668808024443	55.4673196535387	1.07695784832793	6.05397028836919	3.7406225008893e-07	2.08954952437425	4.51697083291679e-07	0.143842291072155	13.5991222978113	0.00111426403655413	ok
f5.0_r030	control	150	149	70.7268066956252	70.4723834498523	1.96357049430937e-07	5.50769229969413	9.52643779015476e-08	1.77655565595692	20.0102546377554	0.177200969582357	0.508846491545768	0.775363563237943	ok
f5.0_r031	driver	150	142	39.4764606819895	35.0047588125732	0.539642686054276	5.51349761990522	0.54426833403021	2.26952878648622	1.3851938525101e-06	0.177212959329494	8.94340373883247	0.0114278505821324	ok
f5.0_r031	control	150	122	41.3789628498388	41.0631383911493	4.10357069781892	5.61659284755503	0.68197852426269	2.71866072711778	1.01517043336683e-09	0.105090005476597	0.631648917379067	0.729187441452464	ok
f5.0_r032	driver	150	144	49.6813320462354	48.9365867274821	3.73700100439233	5.78650530408157	9.32721579234948	2.38714505828161	3.59757552791157e-07	0.367113458578896	1.48949063750668	0.474855221260797	ok
f5.0_r032	control	150	127	51.0231228247935	51.0030717677963	6.12561909150222	5.71062156886663	3.03307647254247	2.64881778058886	1.36391668728586	6.59640288996248e-11	0.0401021139945357	0.980148628583348	ok
f5.0_r033	driver	150	146	44.6681011308933	39.3271089958232	1.02190402059049e-05	4.79832971303702	1.77826521703121e-05	1.31325930145882	8.41401339084085e-08	0.0946229897634324	10.6819842701402	0.00479111491835711	ok
f5.0_r033	control	150	128	36.7525745245551	36.6661609822728	4.88464298050754	4.54540388813898	2.21102954491082	1.08053076775913	1.4817495431944e-08	0.145622087172524	0.172827084564616	0.917214845658932	ok
f5.0_r034	driver	150	149	80.7441122951355	80.5904896988856	1.69669143176691	4.90218487821168	5.79183805677637e-07	2.96251438814024e-07	21.2169610497711	0.178319780252116	0.307245192499835	0.857595619746875	ok
f5.0_r034	control	150	133	74.9028301264198	74.5192348586461	6.10545635651158	4.76838844681838	2.02049704888129e-06	1.17178900178746e-07	4.89867835601626e-07	0.0722006940716319	0.767190535547456	0.681407158813428	ok
f5.0_r035	driver	150	147	56.6259085592685	54.1751054347158	3.6433989800541e-09	4.82934626378053	0.989596931357545	0.831968482485272	8.35243423367083e-07	0.101166918294044	4.90160624910538	0.0862243098239362	ok
f5.0_r035	control	150	0	NA	NA	NA	NA	NA	NA	NA	NA	NA	NA	skipped_invariant
f5.0_r036	driver	150	148	49.0819040645286	48.4538462845815	4.09159247371979e-06	4.09637165865015	5.030246433722	1.44959030535313e-06	1.61778995377387e-07	0.113823488196954	1.25611555989417	0.533627216659869	ok
f5.0_r036	control	150	118	26.0752211590168	25.7329749416863	4.73543074063295	3.9279954367724	9.80664478803669e-07	1.91032347810424e-08	5.24914823758098e-10	0.2300841339712	0.68449243466106	0.71017332620041	ok
f5.0_r037	driver	150	147	84.1912027818879	83.4763038554186	10.0992487497919	6.43163486074171	14.9446455584932	2.46386674965394	2.5515468662671e-06	0.193654332768847	1.42979785293855	0.489241558669117	ok
f5.0_r037	control	150	132	76.331425046931	76.1674667430449	7.73783351242551	6.29900595350283	3.32285280944452	2.50110113063437	9.17114827880818e-09	0.156094878708855	0.327916607772181	0.848777411862038	ok
f5.0_r038	driver	150	146	50.5360348658794	46.8850512474332	0.473565211494104	4.28238165873871	6.56766302071025e-06	6.62361214694419e-07	8.11876972087222e-06	0.09526549310494	7.30196723689244	0.0259655759942058	ok
f5.0_r038	control	150	115	47.2623318260247	47.125910101621	4.48104732725385	4.03086044770209	9.76922352759687e-10	3.8564664217583e-05	5.73205770468511e-06	0.104360227751947	0.272843448807464	0.872474611057245	ok
f5.0_r039	driver	150	148	65.0691047767051	62.2461106099231	6.23137834739646e-08	4.94879140952549	2.76773532470947e-07	0.922583937485004	4.16129420856727e-07	0.0545730361304191	5.64598833356412	0.0594277394934741	ok
f5.0_r039	control	150	52	54.2328828089667	52.5346374403193	5.45162868715973	3.6502260318279	0.930326686233639	1.86838235066858e-05	9.14466731890465e-08	0.315249410025104	3.39649073729487	0.183004347672915	ok
f5.0_r040	driver	150	143	55.8819120525494	54.6738455835247	2.37509452381438	5.32913315081664	1.20467010895589	1.4565457558477	0.223864846439205	0.136389136280374	2.41613293804943	0.298774410877374	ok
f5.0_r040	control	150	110	37.0379007983657	36.8549309063455	4.73762894608127	5.432221209886	1.50982290655424	1.67142368987121	3.35235955143625e-08	0.428543638768445	0.365939784040535	0.832793229081298	ok
f5.0_r041	driver	150	146	51.8648271332104	48.8933531790615	0.599431990629658	4.72382905136519	3.48600928174606e-08	0.886359190599569	2.42008051785215e-06	0.0787032976134085	5.9429479082977	0.0512277473067033	ok
f5.0_r041	control	150	146	44.9131248707276	43.4019174762503	2.09493347208636e-06	4.66730032665254	6.9263472356131	0.830938992382475	7.03046522552896e-05	0.291595320872545	3.02241478895453	0.220643413428671	ok
f5.0_r042	driver	150	148	82.6128416265814	81.4005082516835	7.1443029292129e-08	5.14169091759168	2.46466736061218e-08	5.77428325838368e-08	6.4614356197779	0.155138282282785	2.42466674979593	0.297502284540571	ok
f5.0_r042	control	150	148	84.1772173578027	82.4620193117378	1.49649632764075e-07	5.14616211975068	1.96991564090455e-06	4.13503637914987e-07	0.569548485541938	0.077606407970258	3.43039609212994	0.179928083135445	ok
f5.0_r043	driver	150	148	91.9477399387121	90.4130083785175	9.92309015130995e-09	5.73687132035579	9.76573558807956e-06	0.603889487127136	2.25220291097295	0.0995449465603475	3.06946312038923	0.215513535817104	ok
f5.0_r043	control	150	146	88.4897316544293	86.9046011560226	1.23818411342673	5.71543733249123	4.54553182954368e-06	0.464242700922753	7.57483010951071e-08	0.107305052568263	3.17026099681345	0.204921049501371	ok
f5.0_r044	driver	150	149	75.7890860344827	75.6892133799332	5.40783141228592e-07	5.53083955427305	5.97158201944502e-06	1.5275027008772	56.6485678382885	0.420946023360605	0.199745309098944	0.904952652301738	ok
f5.0_r044	control	150	138	63.5182202419283	63.3826915128722	4.20906949369869	5.62318352840323	8.2319159024583e-08	1.69389398785947	7.41427739809685e-10	0.115213988172223	0.271057458112296	0.873254074802756	ok
f5.0_r045	driver	150	144	94.5730057335362	92.3583469026522	1.36283445428101	6.04471439570624	3.00612038227384e-10	7.82630011049758e-09	1.20104650939082	0.240619700614999	4.42931766176815	0.109190760409679	ok
f5.0_r045	control	150	131	98.1874536852252	97.9097051656113	7.03992250096462	5.74131671880138	1.80417136718073e-08	5.60931870019699e-09	2.97517952425484e-07	0.130823810556049	0.555497039227788	0.757487290760043	ok
f5.0_r046	driver	150	148	69.1993571354487	68.4547991795647	7.45494231091143e-05	4.69433043174449	1.04093644423401e-05	7.88568383139326e-08	8.05209283728737	0.173508759495098	1.48911591176795	0.474944199832964	ok
f5.0_r046	control	150	130	66.0466465490128	65.98874031019	5.00055525700336	4.58432448955934	2.743972277355e-07	2.30372188330329e-08	4.9866711493164e-08	0.0730465472239759	0.115812477645704	0.943738429314703	ok
f5.0_r047	driver	150	142	56.117550886581	52.5159205229222	0.816122486422438	5.32201170337087	9.20635025006594e-07	0.855405639706745	0.834207805901968	0.245756908570085	7.20326072731773	0.0272792111378599	ok
f5.0_r047	control	150	130	65.227798405862	63.5878944265235	6.89816789430974	4.8560566955362	5.09605624837152	8.59267426274972e-06	0.614836073619553	2.55387103416109e-07	3.27980795867714	0.19399866927713	ok
f5.0_r048	driver	150	143	37.3541187895207	35.8759548880825	1.8457711568616	4.97110936989664	1.38330299906916e-09	1.83350502195312	0.680087666391889	0.0940352541548715	2.95632780287642	0.228056037563697	ok
f5.0_r048	control	150	150	NA	NA	NA	NA	NA	NA	NA	NA	NA	NA	skipped_invariant
f5.0_r049	driver	150	142	77.4195827162351	77.2715141706063	4.88321744259484	5.24836602548162	2.12651288790015	2.4453356791469e-05	4.12206248210712e-06	0.17802243229808	0.296137091257691	0.862372001084957	ok
f5.0_r049	control	150	138	84.901734330618	84.7169918223	6.31008882585937	5.13220357303623	6.08335936960247e-08	1.04363534003927e-05	3.07845995759077e-06	0.0752372913037709	0.36948501663602	0.831318313846373	ok
f5.0_r050	driver	150	149	69.7437760530867	68.4843232573918	1.00526734323691e-06	5.15873417985015	7.95675453528908e-06	1.26439412906167	1.77892902547972e-05	0.0264463121542168	2.51890559138994	0.283809285679582	ok
f5.0_r050	control	150	138	64.0129031194219	62.1556044724428	2.74007917938715	5.56498597903509	2.14551787505823e-06	1.70788291167594	1.15325401855488e-06	0.0564175811361664	3.71459729395809	0.156093725605696	ok
f5.0_r051	driver	150	147	65.8615449985067	65.3119423807332	20.7961419048009	4.69259960557804	37.5748016978292	6.64418550587746e-06	6.77699148334248e-06	0.405758788382549	1.09920523554715	0.577179125540539	ok
f5.0_r051	control	150	147	61.4645872765614	61.1912816966613	3.47085516745375e-08	4.78159369371235	1.35473375884561e-06	0.297708385324914	43.3929258288766	1.01220293419062	0.546611159800193	0.760860248502378	ok
f5.0_r052	driver	150	148	72.7363928999154	71.5551706405377	55.0734764785813	4.69522632723062	75.7382704111256	1.18886761100158e-07	7.47897672041875e-07	0.280465552410331	2.3624445187555	0.306903393712426	ok
f5.0_r052	control	150	148	67.1606478920696	67.0752876217158	1.03316944086528e-07	4.65413182792182	2.43283679185764e-06	3.72051521476912e-08	60.5986496145681	0.870722451742283	0.17072054070772	0.9181814312576	ok
f5.0_r053	driver	150	143	47.4280294553296	37.7177027432535	0.253171275573389	5.3776614236224	1.72656246508097e-05	1.96998874913355	5.60210375027845e-07	0.140149446847691	19.4206534241522	6.06538944917415e-05	ok
f5.0_r053	control	150	138	40.7215646660888	40.3414615353238	4.27456587769531	5.16813837228136	2.8852645847209	2.18142486729604	1.73061359369488e-08	0.132667411729622	0.760206261530044	0.683790885698689	ok
f5.0_r054	driver	150	144	84.9202683457062	83.2728202182226	1.81569172841786	7.23407233479097	1.10892451027016e-08	3.34390035598567	0.512246568335516	0.096778700438823	3.2948962549672	0.192540621356217	ok
f5.0_r054	control	150	139	88.6474904185885	87.5463965778733	13.2022048477069	6.34761903766318	12.0192242361115	2.12156864492829	3.26164694105313e-09	0.145934323004807	2.2021876814305	0.332507174819259	ok
f5.0_r055	driver	150	147	68.2193148580996	64.6304231729003	2.78083868890502e-06	5.75933366596915	1.5970444354646e-06	1.97951968224128	4.30065405271103e-05	0.077136942257694	7.17778337039854	0.0276289350179626	ok
f5.0_r055	control	150	107	62.6787855732464	60.4695377979271	7.71731826150674	4.61036737211577	2.45717620966093	0.883725923102999	4.78623719855129e-10	0.170661405642896	4.41849555063865	0.10978319909521	ok
f5.0_r056	driver	150	148	100.685233918159	98.3849172758769	2.01361355119957e-06	5.7706012926031	9.50049244521901e-06	0.0907366731023717	4.58976119034938e-08	0.0767924428940207	4.60063328456462	0.100227102559268	ok
f5.0_r056	control	150	148	99.0382875724313	97.4160286070289	1.7709208473889e-06	5.6945467846098	1.7769462050712e-06	2.67389339312548e-05	8.71921289547623e-06	0.076979015191743	3.24451793080488	0.197452157320284	ok
f5.0_r057	driver	150	145	84.0660055308419	82.5519407476708	8.39852370425088	6.15791329087333	9.25074941797331	1.5681196346199	1.30603572576659e-06	0.215244661573268	3.02812956634219	0.220013849316809	ok
f5.0_r057	control	150	138	71.8562696257197	71.5708742411474	6.0759070847787	6.42979795595508	5.74003041935038	2.13690690521025	1.74409443369733e-08	0.332126882578593	0.570790769144679	0.751716978258102	ok
f5.0_r058	driver	150	147	76.2147781726583	74.4197654027146	9.73825692739304e-07	5.43416832903069	8.52388208376549e-08	0.887743996618895	6.34588147293112e-06	0.0923944521094222	3.59002553988748	0.166125330922158	ok
f5.0_r058	control	150	147	73.3040145737871	72.059297093386	2.15232303979106e-07	5.38166424354101	3.63597201689767e-07	0.794911401003049	8.20584910149138	0.280112018000307	2.4894349608021	0.288022268573075	ok
f5.0_r059	driver	150	145	74.6595566967419	73.7949556189574	2.71355946312341	5.91313626554179	6.75630229963783e-07	1.28924543399394	3.78464990364467	0.180127717378519	1.72920215556891	0.421219552952856	ok
f5.0_r059	control	150	139	78.3334346422551	77.9613434265272	5.08960995837049	6.14710825617161	3.42252864947444e-06	1.987977974384	4.86685096393156e-07	0.0899417962058633	0.74418243145584	0.689291365442929	ok
f5.0_r060	driver	150	148	88.462209579168	88.1198303027261	16.3177622797339	7.06914250538514	20.6881328371975	3.61998808422433	1.67214078339607e-09	0.102355592624268	0.684758552883864	0.710078837455118	ok
f5.0_r060	control	150	10	92.555938722377	90.0744256963317	7.0354528699163	7.07407199368459	3.13671570555266	7.89778088009563	1.0036054451329e-12	0.105767078521761	4.9630260520905	0.0836166157169347	ok
f5.0_r061	driver	150	146	74.3913729371386	69.0755212126245	3.79042862524685e-06	6.85432474049992	1.05657326042435e-06	3.44505030058654	8.00585640003598e-06	0.0933102382233281	10.6317034490282	0.0049130923715646	ok
f5.0_r061	control	150	139	71.1770618278856	70.5906583385212	11.7394483103561	6.17508784832279	10.2119557756034	2.6530564018311	1.62583304122816e-08	0.174424070191231	1.17280697872889	0.556324518092308	ok
f5.0_r062	driver	150	144	69.207363805234	67.8513721611448	2.22235647219302	6.778411358471	2.37120714014901	3.19753747504695	1.81538517042092	0.223406234372839	2.71198328817849	0.257691629327302	ok
f5.0_r062	control	150	136	70.8781939831578	70.7220002919082	6.02532206677219	6.57441039861178	6.30964543712034e-06	3.18832079740015	1.85064536038456e-06	0.0996494906894233	0.31238738249931	0.855393492089953	ok
f5.0_r063	driver	150	148	97.6273315274659	96.2202132947918	4.3616555218935e-06	6.5016398397267	9.84021747855464e-06	1.6114285745833	5.40834889914382	0.139370807145778	2.81423646534833	0.244847862018224	ok
f5.0_r063	control	150	147	93.5010142600732	92.4641806953838	5.36203061251422e-08	6.54577978865724	1.8663491671603e-06	1.60686312158964	16.4446892583568	0.464073271048158	2.07366712937892	0.35457564713968	ok
f5.0_r064	driver	150	147	62.614865214539	61.3471650675365	3.68598712228401e-10	5.35902587507094	5.28341166448811e-08	1.41219845118703	8.13015901206613	0.253062403934836	2.53540029400502	0.281478236499907	ok
f5.0_r064	control	150	144	56.7246013706851	56.6345222392314	4.9760023677941	5.22306817844192	3.49643530049351	1.29034702752629	4.85376531293764e-07	0.121830874214189	0.180158262907341	0.913858867429329	ok
f5.0_r065	driver	150	140	43.7293031910669	39.3158519680227	1.15811162945192	5.97215606062395	1.02083710678081e-09	2.54059363298628	8.3507293570122e-10	0.16880457895114	8.82690244608838	0.0121133004049534	ok
f5.0_r065	control	150	146	57.4587684335137	56.559277295091	2.81588242546147	5.55808938117044	4.6037624782707	2.10993826404834	4.38586226069396e-06	0.138083886159236	1.79898227684532	0.406776600066478	ok
f5.0_r066	driver	150	143	60.8780794734044	57.1143993894449	7.30899190757075e-08	5.04122554844133	1.78869721358687	2.18073676193956e-05	9.02130514225805e-09	0.318032108711024	7.52736016791891	0.0231982117282538	ok
f5.0_r066	control	150	147	71.3097760716647	70.6982334928279	4.73292492643748e-06	4.94375271021667	7.73352059872503	7.98498333118228e-06	6.3171964299451e-09	0.246907278179087	1.22308515767347	0.542513353655801	ok
f5.0_r067	driver	150	147	74.8160605140992	72.4067343868652	1.77162253751804e-07	5.8116342333236	2.12250190189663e-05	1.59448233446765	2.16018059656783	0.129623435074962	4.81865225446796	0.0898758390505782	ok
f5.0_r067	control	150	146	73.4053772174268	72.5081691265655	2.4030178040028	5.75457692663352	3.38417566052682	1.53429751392309	6.5095573174715e-10	0.13807595694163	1.7944161817226	0.4077063513206	ok
f5.0_r068	driver	150	149	86.9034034037194	85.7191388218241	1.49997040419585e-06	5.5907615284775	2.05956512876642e-07	1.04076203302115	6.24783104855581e-09	0.0308356667519015	2.36852916379058	0.305971113474682	ok
f5.0_r068	control	150	138	62.3084819380917	61.320493644726	3.08439604477651	5.89667373187124	1.93640328971982e-05	1.46176710454572	1.16845466666685e-06	0.206715467241173	1.97597658673135	0.372324946699644	ok
f5.0_r069	driver	150	145	60.6093107794071	58.5692079275385	0.896793765250951	4.80506548793859	7.77392209681908e-08	0.302194574349689	7.16318463762093e-07	0.12266559794487	4.08020570373706	0.13001533787028	ok
f5.0_r069	control	150	143	50.7970132093984	50.5869839541908	6.35059149265821	4.68972351726985	11.8663212032784	3.09524189880003e-08	0.549150791919575	0.47979323583874	0.420058510415103	0.810560532506706	ok
f5.0_r070	driver	150	0	NA	NA	NA	NA	NA	NA	NA	NA	NA	NA	skipped_invariant
f5.0_r070	control	150	45	-204.887353502913	-205.209966329807	1.13368728871299	1.2097851979503	0.545487134963595	0.826624280849129	9.06176051532927e-10	0.113849959416161	0.645225653789623	0.724254211843121	ok
f5.0_r071	driver	150	148	79.8340893963232	79.2783064240832	1.19099038042912	5.03567639906636	6.28872817047886e-06	4.03751083618235e-08	4.90292880511438	0.124189230385515	1.11156594448002	0.573622954472459	ok
f5.0_r071	control	150	124	67.8835159687055	67.6969018971528	5.64043523269192	4.87946111933702	1.75237038402189e-07	2.45634645927135e-05	8.48131092865192e-06	0.163425911310581	0.373228143105422	0.829763904095641	ok
f5.0_r072	driver	150	147	69.7092394889452	69.3215591562424	2.71038571661328	5.18064654345547	2.53160313402129	0.987731663534302	2.66514375884157e-06	0.0822526352416299	0.775360665405628	0.678629244170469	ok
f5.0_r072	control	150	144	67.4887351631036	62.6263215643014	1.55822663790332	5.03619094927873	8.68219625468997e-06	1.27840514810118e-07	1.04237834826249	0.0753535404164375	9.72482719760427	0.00773179988941341	ok
f5.0_r073	driver	150	145	78.5966398593218	76.1208700879732	1.00149348674587e-07	5.73952699560985	6.17821107111876e-07	0.569858798370189	4.84525066620444	0.354839740344102	4.9515395426973	0.0840982289276993	ok
f5.0_r073	control	150	147	86.8041471318541	86.3160463997034	23.4378551638928	5.38960473279481	38.0615709944259	3.48536381052756e-07	6.9527632641306	0.512400102137419	0.976201464301425	0.613791041436962	ok
f5.0_r074	driver	150	0	NA	NA	NA	NA	NA	NA	NA	NA	NA	NA	skipped_invariant
f5.0_r074	control	150	103	-228.968499357566	-230.87693426516	1.15732024755931	1.37221804867837	1.11861910495807	0.819587468292708	0.036730008879555	0.184616114884467	3.81686981518629	0.148312327541288	ok
f5.0_r075	driver	150	149	93.81803128517	93.1877133593569	3.83003190486146e-07	6.14661152724164	1.46386391269796e-07	1.53900182709678	10.9104343077416	0.112681919769078	1.26063585162618	0.532422503239009	ok
f5.0_r075	control	150	149	94.9485805103622	93.8068307604455	1.15175133011178e-09	6.18898991104943	2.84441711301778e-09	1.61176124275625	4.29894040777013e-09	0.0310665220289895	2.28349949983354	0.319259907806995	ok
f5.0_r076	driver	150	150	NA	NA	NA	NA	NA	NA	NA	NA	NA	NA	skipped_invariant
f5.0_r076	control	150	0	NA	NA	NA	NA	NA	NA	NA	NA	NA	NA	skipped_invariant
f5.0_r077	driver	150	146	88.1961096764948	84.6466186894089	3.75966623779715e-06	5.56108793568999	3.60270876515702e-07	1.85879341272292e-05	5.06250985598887e-06	0.150293995215166	7.09898197417181	0.0287392645886007	ok
f5.0_r077	control	150	149	96.0998663350713	96.0233029663067	1.18397065822313e-05	5.47294870536172	12.4228071351625	4.1906721287315e-07	15.9044348061385	0.211966465016986	0.153126737529306	0.926294214308903	ok
f5.0_r078	driver	150	142	54.4207868756929	50.4370374189647	0.60168748132719	4.78965379200507	5.2122130148094e-07	6.42722817472304e-06	2.4142467363633e-06	0.228130697576328	7.96749891345642	0.0186157095229295	ok
f5.0_r078	control	150	121	57.0248413800645	57.9370336401333	5.17326134356779	4.78198711683862	2.52412158599549	5.78365195793154e-08	0.348456573806349	0.0945190261872035	-1.82438452013754	1	ok
f5.0_r079	driver	150	147	97.9500206837287	97.2368228408249	1.13969763653973e-07	8.04913737905088	25.1171813530583	3.8179069067156	1.04273136564411e-05	0.594370821443913	1.42639568580748	0.490074507701243	ok
f5.0_r079	control	150	125	84.5943632922147	84.2861783430677	7.28200379315608	8.21803543742428	4.88934036108329	4.35050385830142	1.74949203376063e-08	0.340579492720428	0.616369898294039	0.734779408616422	ok
f5.0_r080	driver	150	140	24.4046296404602	17.7176132410172	6.92274294642735e-09	4.46264417940353	1.82563250665654e-06	0.561932773786721	1.13564839005431	0.345425446805576	13.3740327988859	0.00124699777141506	ok
f5.0_r080	control	150	132	36.5426455547116	35.6935123123232	5.5668936155285	3.94475798204951	1.00866125643004e-05	0.372084280303515	4.27862148830682e-10	0.0808955020690519	1.69826648477678	0.427785557692448	ok
f5.0_r081	driver	150	143	79.8308255531195	75.9422424393105	1.13337033759983	5.50246723465586	1.76673532551913e-05	4.98179362884826e-06	1.75679944014702e-07	0.19122558862274	7.77716622761804	0.0204743352988005	ok
f5.0_r081	control	150	90	73.7108260725612	72.7206967041689	6.14206569847641	4.8195809402918	2.12558396661965e-07	2.23409279461018e-07	3.81852598840732e-07	0.251417996821964	1.98025873678469	0.371528623852148	ok
f5.0_r082	driver	150	147	89.741586830542	89.0011373399497	1.17177435456596e-05	5.57708518128141	1.99646631403952e-08	2.93335846251922e-07	15.5483024537217	0.429941188787191	1.48089898118451	0.476899505495828	ok
f5.0_r082	control	150	148	95.4376377561219	93.5396728963544	1.17712702568609e-05	5.5452195091828	3.45371851484563e-06	6.76827039863275e-06	2.28504495076776e-08	0.0749356182604296	3.79592971953491	0.149873322288707	ok
f5.0_r083	driver	150	145	66.2783527342605	62.7745525803077	3.04940234471116e-06	4.92638687869982	0.992350894800518	2.80281773398605e-05	1.12024781727683e-07	0.194815048086154	7.00760030790545	0.0300828464831825	ok
f5.0_r083	control	150	130	69.2434574681146	68.8237113233431	7.05517914600948	4.7642952624586	3.5643175602693	1.69462448801315e-08	1.29546930564932e-09	0.146532088786899	0.839492289543045	0.657213635758275	ok
f5.0_r084	driver	150	143	75.768167779086	69.2484002943623	8.22839043431153e-08	6.19059743085087	1.28861115753042e-06	1.3058310535686	1.22606802489516	0.311930344582016	13.0395349694473	0.0014740117927714	ok
f5.0_r084	control	150	147	88.075536199557	82.9893148511742	7.67877632834223e-08	6.03493237416223	8.1342546814002e-08	1.32297539756044	1.3606511470681e-06	0.0958635902465776	10.1724426967655	0.00618133291714471	ok
f5.0_r085	driver	150	143	60.5048694407995	59.2411577989652	2.30064547687213	5.27756536276201	5.5869588263316	0.589052728680126	7.18479578615048e-08	0.373532979407972	2.52742328366858	0.282603155782831	ok
f5.0_r085	control	150	135	66.5940241953868	66.0888516274737	8.38787335661972	4.94616421637886	4.67569433484209	0.423981851147209	2.63374813030612e-08	0.194069979118866	1.01034513582624	0.603401438714918	ok
f5.0_r086	driver	150	149	88.4468444571105	88.3619850327965	1.77022198681886e-06	5.17532953681285	5.31390345707435e-08	1.96347007975713e-07	46.8989342029783	0.346832645757104	0.169718848627952	0.918641413971985	ok
f5.0_r086	control	150	138	72.5828468786575	72.1049911515327	8.4792844101333	5.14613262132319	6.14167479178917	3.53278013497814e-07	5.63508778175079e-08	0.291161421282047	0.955711454249638	0.620111655820115	ok
f5.0_r087	driver	150	150	NA	NA	NA	NA	NA	NA	NA	NA	NA	NA	skipped_invariant
f5.0_r087	control	150	124	60.9829717712558	60.1262895925285	4.57528003751741	5.75115333168767	2.07527377982882e-05	2.28428744749221	1.78834574548484e-09	0.0846994707655818	1.71336435745468	0.42456839012518	ok
f5.0_r088	driver	150	148	92.9021457729634	91.5783264816254	4.02349508100495e-09	5.48252980049333	3.01362437513919	4.6024567964915e-07	1.49125299238233e-06	0.110362450198533	2.64763858267614	0.266116980292387	ok
f5.0_r088	control	150	100	98.7374818136789	95.351931872586	8.12462267560456	4.75365488311339	1.07321658022071	3.3985213431489e-08	1.4172132094284e-09	0.0521092011591884	6.77109988218587	0.0338590167599737	ok
f5.0_r089	driver	150	147	66.4680480714327	61.5121760450098	8.07466085239343e-06	5.61658626328415	3.64790827939113e-06	1.89453163436286	5.86226196249489e-08	0.0759342400969549	9.91174405284583	0.00704193684640441	ok
f5.0_r089	control	150	133	54.4699538497206	53.9068969811643	6.36648796957553	5.24914994232763	1.44926918984708e-05	1.76565285180311	1.9776918288346e-09	0.104520963573944	1.12611373711266	0.569465618921061	ok
f5.0_r090	driver	150	144	63.5148450796746	57.5195616924654	0.427081142717428	5.60361746103057	7.87681582740635e-07	1.48628534661858	1.0047790832552e-05	0.144088769151913	11.9905667744184	0.00249047110598868	ok
f5.0_r090	control	150	86	56.1310644981776	48.6403488226453	5.77136017865096	5.02362943148116	1.80403516403634e-08	1.87757768596282	1.80693463491989e-08	0.214729272501309	14.9814313510646	0.000558243296413322	ok
f5.0_r091	driver	150	146	48.56847671795	46.6954920073021	1.53760158892362e-07	5.41315067181931	9.93702395778629e-06	2.08681950337982	6.06238222698185	0.262494527892894	3.7459694212959	0.153664333103254	ok
f5.0_r091	control	150	141	46.5578993179864	44.1142892716331	20.6788710714459	4.80985548986384	25.0548827469236	1.008566362288	9.07360716164778e-08	0.486298573808194	4.88722009270651	0.0868467640242291	ok
f5.0_r092	driver	150	145	53.2099211867162	48.6485580974288	5.76093874232135e-09	6.06244213353367	1.83656798677789	2.90701505274621	4.19204619172749e-07	0.162664785394762	9.12272617857482	0.0104478079378598	ok
f5.0_r092	control	150	52	54.1497761339806	53.5179900494106	5.23353236468092	6.55208409586522	1.48437938896556	4.32043021165128	1.94885396679452e-10	0.213988512275903	1.26357216913998	0.531641396013521	ok
f5.0_r093	driver	150	144	64.6996524242045	62.4650776283446	1.82871377195555e-07	5.48135291237544	1.28803492537226	1.02757425040752	2.95319262596546e-07	0.2307120923814	4.46914959171988	0.107037633023064	ok
f5.0_r093	control	150	148	73.1975679045289	71.799902026454	2.63420059596824e-07	5.14338531453548	4.53800959217507	0.628911958145335	6.6638051122501e-06	0.12056430661943	2.79533175614989	0.247173223590307	ok
f5.0_r094	driver	150	147	66.0328759675682	64.0548100133873	2.90924951613443e-07	5.36695264015687	3.67971176273911	1.251887584791	1.21819654910766e-07	0.156006999571333	3.95613190836184	0.138336527934897	ok
f5.0_r094	control	150	117	62.779584006964	61.7896184762746	4.25204397270186	6.04818263719273	7.16719252622449e-06	2.47395234543189	3.56967101937158e-07	0.122736896611592	1.97993106137885	0.371589499235155	ok
f5.0_r095	driver	150	149	94.5485321569306	93.7878361307943	4.88586683027675e-06	6.24575508187997	9.54471635675321	1.70566584063122	2.02204287106367e-06	0.0946081541888245	1.52139205227263	0.467341032208413	ok
f5.0_r095	control	150	143	82.1239731399886	81.2162765292865	11.0115418951166	6.06196118027279	15.0853997791579	1.22130879800113	1.11434612107438e-07	0.40356463722188	1.81539322140421	0.403452462660473	ok
f5.0_r096	driver	150	145	65.9305309267659	63.6249310232635	0.0856155589484439	5.44948861383168	2.52679267054936e-09	0.938649739848641	3.40648180491765	0.273167992109175	4.61119980700497	0.0996989729469227	ok
f5.0_r096	control	150	129	68.6350630760879	68.188772628777	5.36027415240465	5.49935586658528	8.9120425155228e-10	1.49899106462186	2.13594436777612e-07	0.0931247651246882	0.892580894621858	0.639997859406774	ok
f5.0_r097	driver	150	145	78.3101655230061	77.7929065833163	2.60388356593836	5.12225039770992	6.63467448456511e-06	3.12090353359488e-06	4.09134095282756e-06	0.105293594000615	1.03451787937968	0.596152400128671	ok
f5.0_r097	control	150	136	55.984074549823	55.9816712364074	4.90661733140198	5.0744709313208	6.92976933602403e-07	2.27770072558925e-07	4.84982362024591	0.500887727693195	0.00480662683106914	0.997599572229986	ok
f5.0_r098	driver	150	145	64.5137723049235	60.8701831655709	0.641998332310573	4.79933979821932	1.13916790360007e-06	2.733650077385e-05	6.69955650738829e-08	0.133880227629175	7.28717827870534	0.0261582895330604	ok
f5.0_r098	control	150	145	61.6963112851641	61.4718781292396	4.86171217973056	4.6622500350818	5.18159795985942	1.25881677470272e-06	1.8152787554366e-05	0.165464496991881	0.448866311848903	0.798968981257957	ok
f5.0_r099	driver	150	146	85.3834669541879	82.4259672712923	2.22564724027129e-06	5.4878102946865	1.38323063543183e-08	9.24714042096445e-08	1.23032668669106	0.180043590241343	5.91499936579123	0.0519486430079431	ok
f5.0_r099	control	150	142	87.5729806127272	87.4824419033191	4.53242056113458	5.39070901826956	1.47538673910696e-06	6.83951972873655e-06	5.8340135694026e-06	0.0773636478564401	0.18107741881613	0.913438974534579	ok
f5.0_r100	driver	150	147	87.5277826474524	86.7898077300774	1.7602921571587	5.274574222615	2.40064601440228e-07	1.60065104512282e-05	6.01327542995953e-09	0.0718054378471825	1.47594983474997	0.478081089594687	ok
f5.0_r100	control	150	137	76.7287544079026	76.3985341816269	6.89531970072646	5.12327793197278	3.26688267398468e-09	1.66636981591329e-05	1.20903834385369e-07	0.147984840681699	0.660440452551427	0.718765424968072	ok
f5.0_r101	driver	150	150	NA	NA	NA	NA	NA	NA	NA	NA	NA	NA	skipped_invariant
f5.0_r101	control	150	149	93.3564884700293	91.8061616069964	2.65012317651444e-05	5.96532722558429	5.05833148718861e-06	1.36579127469592	6.88632129833401e-05	0.0312002477583537	3.10065372606587	0.212178609147276	ok
f5.0_r102	driver	150	144	54.6042712062067	52.3940003757743	1.33147708714246	5.2760404749929	1.13942623207568e-05	1.40007373576022	1.59104441349601e-09	0.107108952588112	4.42054166086491	0.109670942264293	ok
f5.0_r102	control	150	147	60.8120703893722	60.3873108554796	2.47576269518062	5.13585760143932	2.78191792775267e-08	1.32001277860446	2.4497322585668	0.0770613517488445	0.849519067785167	0.653927013508514	ok
f5.0_r103	driver	150	141	58.0486268719643	56.7085892615526	1.82496252398973	4.95452744908329	0.215043683857153	2.38917932141944e-07	0.955754476957273	0.268607160624906	2.68007522082335	0.261835820642128	ok
f5.0_r103	control	150	141	65.1107571373329	63.8437740126333	2.53263637348603	4.9294498133114	3.85655381153973e-08	1.02960579971067e-05	3.34369123530135e-06	0.140755481359326	2.5339662493991	0.281680135047506	ok
f5.0_r104	driver	150	145	54.1912802161542	49.1335554978783	4.83880770184539e-08	5.01457892581241	2.48552009750858e-05	1.02298576599978	4.96015546833855e-05	0.13529879185181	10.1154494365518	0.00636001388614778	ok
f5.0_r104	control	150	141	42.8765329432381	41.9696148022165	6.33185120206922	4.64657709367374	10.1102958038481	0.34584321754007	5.2663892299974e-08	0.474581299792687	1.8138362820431	0.403766660451059	ok
f5.0_r105	driver	150	148	72.6502590399115	70.9615543951365	6.68509007006547e-09	5.88237899237173	2.72268512706293	2.1843238407614	4.04662858547223e-08	0.0867899882581099	3.37740928955003	0.184758697196191	ok
f5.0_r105	control	150	145	68.5545568140972	68.5020893385644	5.10539745475373	5.7870342234967	1.05851647214355e-06	2.13704819178137	3.35814947367332e-09	0.050844181346223	0.104934951065644	0.948885182538897	ok
f5.0_r106	driver	150	145	54.5178397965827	53.7484292560241	1.56713970081969e-06	6.04679671573967	5.47902824333054e-05	2.56971084207746	19.6424574889728	0.790803802186751	1.53882108111726	0.463286076191452	ok
f5.0_r106	control	150	139	65.5825398299292	64.8577606766583	4.75571954592088	6.13824071502355	3.3112355777693e-09	2.98870185948166	5.31183994019577e-08	0.0461799543141329	1.44955830654177	0.484431542264163	ok
f5.0_r107	driver	150	147	91.6824415761574	89.6869073236383	3.88483040624286e-07	5.8156241586021	9.70082344435517e-09	0.420705269463467	3.46712518249556	0.179639487243998	3.99106850503816	0.135941007936925	ok
f5.0_r107	control	150	91	97.9533272407044	97.7192138749969	6.31942357450846	5.27278360846535	0.875711965685464	4.49223693567424e-06	3.50279977886481e-11	0.0637090219432529	0.468226731415086	0.791272107688415	ok
f5.0_r108	driver	150	144	59.2513606464566	55.6444403296782	0.723310627024653	5.78289291610631	0.817635773491639	1.9787966463824	1.75955404612989e-06	0.159043498176713	7.21384063355696	0.0271352864029782	ok
f5.0_r108	control	150	85	58.8742026902617	58.227163729056	4.71386406110264	6.09315645144566	6.63835751289315e-06	3.03338922229953	8.19209430130211e-09	0.181019661594739	1.29407792241146	0.523593865402548	ok
f5.0_r109	driver	150	146	80.8917646748897	79.6595782860031	7.30856996168844e-07	5.6636699229284	2.13833677251513e-07	0.523794345369716	12.4918131931466	0.492926439437596	2.46437277777315	0.291654210551087	ok
f5.0_r109	control	150	144	81.1762631023704	79.4673907696389	1.75071637555795	5.69437553828748	3.47467502597488e-09	0.589221560670614	3.00266418102147e-08	0.140128614006201	3.41774466546318	0.181069864092168	ok
f5.0_r110	driver	150	147	80.3810887421729	79.1033744227648	3.17791210185517e-06	6.17843369481934	8.35909524399048	1.88635520198424	1.88134359825538e-06	0.258542067263816	2.55542863881607	0.278673531748454	ok
f5.0_r110	control	150	137	77.9402430424832	77.5661585052889	4.37847104500975	6.37073248116398	8.56571444692236e-09	2.36492648393986	5.98108255290425e-09	0.0889303314225132	0.748169074388528	0.687918754649392	ok
f5.0_r111	driver	150	145	52.2837891509572	50.6970473827942	1.20177182375085	4.40956106619717	1.46880287328513e-06	9.13935532587257e-07	0.8912111254113	0.139354698663392	3.17348353632595	0.204591132276092	ok
f5.0_r111	control	150	55	51.8081940454424	50.6501152685566	4.57454827545354	5.18107589455036	6.49960646847774e-08	2.35325880016577	6.1651254909124e-10	0.211180254591737	2.31615755377156	0.314089036704142	ok
f5.0_r112	driver	150	145	67.9842851502632	65.8859889341917	1.22390469031045	6.45925917135134	1.69098907714014	3.02487370457183	6.9516765597171e-08	0.131878897213685	4.19659243214315	0.122665245386496	ok
f5.0_r112	control	150	140	56.3815035073053	56.1095704359603	5.57637214802988	6.25069957689997	4.02292662103598	2.7472154635388	2.22550207353194	0.273851492695309	0.543866142689964	0.761905252677232	ok
f5.0_r113	driver	150	147	68.9768234597905	67.7688281209318	1.32110507075621	5.06250242694346	1.60388410961933e-06	0.698523880039517	2.1666369367095e-09	0.0614290305355055	2.41599067771733	0.298795663506673	ok
f5.0_r113	control	150	148	71.9090867948432	69.5994216392028	2.73257979232166e-06	4.99430904671171	1.24232824818171e-05	0.553733826672591	2.23810083624375e-07	0.0600877046573348	4.61933031128092	0.0992944941950952	ok
f5.0_r114	driver	150	146	79.4486626785128	78.280736030556	5.44689227615875e-09	5.93229161396841	2.07973748263913	1.12830221570818	9.54809865829022	0.441926400417354	2.33585329591367	0.311011108759523	ok
f5.0_r114	control	150	144	85.5782187244168	85.5776894625199	5.58571566496672	5.74041977695058	0.753496350498452	1.06311809042179	7.02237831326507e-09	0.0706278387565304	0.00105852379377325	0.999470878137485	ok
f5.0_r115	driver	150	146	88.4527653997039	88.2536736301443	4.54024580588377e-07	8.23896845845264	1.12334418184371e-07	4.78602472445664	106.942822883871	3.03484038273874	0.398183539119344	0.819474687050962	ok
f5.0_r115	control	150	148	96.1662036204782	96.0708190488181	7.51838620404189e-08	8.12017576452455	1.6130024836091e-06	4.71264404787077	136.479900781819	1.89894877606696	0.19076914332004	0.909023282646646	ok
f5.0_r116	driver	150	145	59.2508701323805	56.6717477491868	0.786630932206731	5.19444364891629	1.51262169962616e-06	1.13815295216369	4.26072219199511e-06	0.111392727563034	5.15824476638747	0.0758405337517879	ok
f5.0_r116	control	150	136	46.7725213451546	46.7180524683441	4.23933070621551	5.0018809000628	0.18909127307759	1.00589736817214	6.7719226210979e-09	0.177180410405705	0.108937753620992	0.94698798168559	ok
f5.0_r117	driver	150	147	80.7003481500525	79.6570997730675	1.49273208726205	5.79927070576614	9.08243757878783e-08	1.33430354717579	0.400193909402989	0.0687847113357984	2.08649675397007	0.352308390705683	ok
f5.0_r117	control	150	28	86.7025860253861	84.4959059696699	5.66188709210493	4.67830482316814	0.25489845437417	2.13873601434889	7.1744192511564e-10	0.196887205619089	4.41336011143241	0.110065453787994	ok
f5.0_r118	driver	150	148	76.0529668363156	74.6685547322173	1.2680455959446	6.30112365176401	2.06751324896651e-08	3.01110553805574	1.77646585102652e-06	0.0227019176667021	2.76882420819661	0.250471007394824	ok
f5.0_r118	control	150	144	63.2259485716027	63.1816791841459	7.32294541499982	6.08204015301662	3.97217521931471	2.81946062580019	5.26178642032589	0.190297615299079	0.0885387749137436	0.956696200799866	ok
f5.0_r119	driver	150	146	62.5313782865739	60.3672814948008	1.00244137280407	5.3114265191335	8.82213514561929e-07	1.37067520360021	0.460330347597495	0.0903165325816632	4.32819358354632	0.114853624501975	ok
f5.0_r119	control	150	125	59.3234758511372	59.0417430444033	4.52426332936529	5.31017439291841	5.19150339606341e-07	1.62630478836836	1.537461597728e-06	0.0885935553019744	0.563465613467841	0.75447524830942	ok
f5.0_r120	driver	150	148	94.8924966596885	94.3760371317393	7.51825833903586e-07	6.12058885623768	1.24729944170388e-06	1.03165828051741	11.3846220667232	0.234455650681697	1.0329190558985	0.5966291618956	ok
f5.0_r120	control	150	122	81.1321310555374	80.4090536098636	7.7035998870937	5.61040585857119	1.12753502699717	0.628249989265259	4.33694068400261e-10	0.219304737335994	1.44615489134762	0.485256604908481	ok
f5.0_r121	driver	150	142	61.8952537705487	59.7481926234053	1.48463954633476	4.99247888674136	0.709330835769716	1.83301099920244e-08	1.2967179863036e-07	0.234256452742132	4.29412229428679	0.116826991094911	ok
f5.0_r121	control	150	140	60.7838917352871	59.9456760492053	2.9781977053781	4.95438077775727	1.23679655522476	3.64202446084995e-07	1.24170074281611e-06	0.240568745631645	1.67643137216358	0.432481518168438	ok
f5.0_r122	driver	150	148	86.7254524240858	83.9851801997256	2.41019211399609e-08	6.03532605496559	2.3167176378441e-05	1.58203701649849	1.41406518109908e-05	0.0604679856759447	5.48054444872045	0.0645527716641072	ok
f5.0_r122	control	150	148	86.4804128923696	83.8704676127433	5.37623193383737e-06	6.02278785799165	1.4246061518423e-06	1.56794514546094	1.17971300819265e-06	0.0604651859749852	5.21989055925246	0.0735385677108717	ok
f5.0_r123	driver	150	147	87.9678766336529	84.1683938645207	9.29441475561502e-06	6.17878742693718	7.97320180958158e-08	1.57488795049446	2.33449262375351e-08	0.0937618912886457	7.59896553826428	0.0223823457028248	ok
f5.0_r123	control	150	112	78.9416682903998	78.5871913252557	7.40329844136441	5.43451352711778	3.47279137688817	0.556183292642885	1.73498338784511e-09	0.232235133129917	0.708953930288146	0.701540277284562	ok
f5.0_r124	driver	150	145	55.0095964659289	51.1150469452677	4.02109238716972e-07	4.62202615803209	3.27750767640731e-05	2.28692648366234e-06	1.39508349883254	0.207144561527369	7.78909904132239	0.0203525407834987	ok
f5.0_r124	control	150	130	55.2202816463725	55.0481880635112	5.12786133995659	4.49066059822578	3.21542859324223e-08	0.204494233437826	2.56264540525942e-08	0.130000819919464	0.344187165722659	0.841900382035102	ok
f5.0_r125	driver	150	141	35.7634081434708	33.8836969534569	1.83709263191323	4.94676845729736	0.449076908774277	1.15333228844174	1.31466066798116	0.229480715222072	3.75942238002769	0.15263418166769	ok
f5.0_r125	control	150	0	NA	NA	NA	NA	NA	NA	NA	NA	NA	NA	skipped_invariant
f5.0_r126	driver	150	142	61.2605168257478	60.338332379387	2.35702883647774	6.16322786138212	2.22824996323033e-07	1.99178533519411	7.93230469580621	0.550766318295568	1.84436889272165	0.397649447751289	ok
f5.0_r126	control	150	126	71.6909305849884	71.5951475661975	4.98178673662537	6.07753314870411	0.521375377662762	2.09010192132603	1.31868772869635e-08	0.101873171524867	0.191566037581794	0.908661157076513	ok
f5.0_r127	driver	150	145	57.7250784962489	57.1815844684228	2.20225237520878	4.58959364723677	2.787950848675	3.96206139797848e-08	3.63877512762768e-07	0.167382270243432	1.08698805565214	0.580715666787755	ok
f5.0_r127	control	150	0	NA	NA	NA	NA	NA	NA	NA	NA	NA	NA	skipped_invariant
f5.0_r128	driver	150	144	69.9522904623025	63.8411364056168	0.525345836515307	5.0861828547327	1.23079690922587e-08	4.20728912295101e-08	1.46799323535279e-06	0.173812684768888	12.2223081133714	0.00221798964943496	ok
f5.0_r128	control	150	141	67.1091488167703	66.876899035323	3.56171839095626	4.87032439219044	3.69480560720141e-06	4.25256075246105e-05	8.08849782490343e-08	0.136897562819602	0.46449956289473	0.792748084810522	ok
f5.0_r129	driver	150	147	74.0880297486161	70.7689477264656	2.03969740522671e-06	5.87396299527999	4.91212431273478e-09	1.88734997824914	1.62376509027344e-05	0.0813044074920001	6.63816404430096	0.0361860344901505	ok
f5.0_r129	control	150	144	71.1017522461973	70.2358520630608	2.4520888177443	5.74711963633109	0.241045844956524	1.68942388754307	1.01963303209208e-08	0.088044143094465	1.73180036627295	0.420672699664167	ok
f5.0_r130	driver	150	143	71.2430170299148	66.0886806600306	0.860856756680625	6.61029064918263	7.05113926909594e-07	2.79908764075932	6.1717169473555e-09	0.132778079659654	10.3086727397684	0.00577431081041254	ok
f5.0_r130	control	150	148	78.1241145131097	75.8626457669351	6.55621069056189e-06	6.36214349700158	1.43677023724905e-05	2.75366419800761	2.68049396968549e-05	0.049234064878242	4.52293749234929	0.104197332877608	ok
f5.0_r131	driver	150	143	44.7479227827254	44.2793089270521	2.46601916874006	4.2426783173258	1.32818148501693e-07	3.86642886696677e-07	1.1365413729505e-05	0.117560796557498	0.937227711346665	0.625869212347021	ok
f5.0_r131	control	150	136	53.1925895576484	52.5478958033605	5.85679867263971	4.07906782248551	2.24684632532459e-06	8.19134541095043e-08	2.98454703275805e-06	0.0599809472615914	1.28938750857581	0.524823242366036	ok
f5.0_r132	driver	150	146	55.2065950526509	53.3380823011666	2.21628908692332	4.48776493439439	6.71341207424592e-06	7.1395918780476e-07	1.92530551574188	0.0348342915939388	3.73702550296848	0.154353052540635	ok
f5.0_r132	control	150	140	51.9257275081467	51.6406220054293	6.33469767858438	4.23265252695041	1.73486254038679	2.3390560476548e-06	3.44268870768893e-07	0.105663719818867	0.570211005434871	0.751934918957123	ok
f5.0_r133	driver	150	147	65.6022317445668	64.7246349273176	1.55518816153065	5.02186983899755	6.74587732564298e-08	0.881342838110105	1.65046997972075e-08	0.0571830250154105	1.75519363449834	0.415780909525565	ok
f5.0_r133	control	150	135	46.8770448922482	46.6785908464046	6.28039562974136	4.74384853199294	3.96904082412427	0.414482965374465	8.27748397417172e-10	0.284007010271252	0.396908091687152	0.819997452165773	ok
f5.0_r134	driver	150	146	63.4094494903821	61.8715094532288	2.96195703883777e-06	4.98030733935332	6.60231490416063	0.3665349028733	4.04783897724131e-06	0.304136334695793	3.07588007430657	0.21482317370086	ok
f5.0_r134	control	150	128	70.2510778507069	70.0875201641041	4.73976164651319	4.89320765192694	1.10645459713082	0.299635821369135	1.96723227270009e-09	0.081294150348213	0.327115373205572	0.849117514883934	ok
f5.0_r135	driver	150	142	66.1081502474433	64.8277134667435	2.93174416414718	5.25971137305989	2.20360202349759	0.418468729929586	2.55602935754284e-08	0.22266040724509	2.5608735613996	0.277915885644284	ok
f5.0_r135	control	150	133	70.627662717732	70.5995639789481	4.87335372167718	5.23187865229787	5.32239792414064e-05	0.645789482348809	1.91518248489135e-07	0.136240606443643	0.0561974775677925	0.972292359096354	ok
f5.0_r136	driver	150	143	71.827168598842	71.345019952158	3.05134237724477	5.07671089905494	4.00668412012385e-09	1.23453581772153e-07	0.684044946897567	0.149895396258516	0.964297293367906	0.617455272264035	ok
f5.0_r136	control	150	146	71.8119810079462	71.7541655921488	5.42775389366215e-07	5.13735401313215	1.17213812783893e-05	8.75352070385331e-08	672.39817037377	18.9209398794631	0.115630831594785	0.943824146386579	ok
f5.0_r137	driver	150	148	75.2149537779705	74.4587933370538	7.36092926464482e-07	4.91346542874255	5.79539442042502	0.0513175419555038	4.55804816994738e-06	0.13989314959753	1.51232088183335	0.469465511523137	ok
f5.0_r137	control	150	137	59.8916350631935	58.4443529438247	2.57732335021256	5.31065745646409	6.68580194694899e-06	0.606671248852195	5.83686773506531e-07	0.235608110483437	2.89456423873764	0.235208689292602	ok
f5.0_r138	driver	150	147	70.6829483877733	69.4740949296364	0.00799010670959011	5.17375607762819	1.92648132497628e-07	0.53372350548705	2.29653171915977	0.144091049015574	2.41770691627369	0.298539371168008	ok
f5.0_r138	control	150	141	67.8193021793782	67.6463190127338	6.47638607699903	4.97489321336251	0.487463984481639	0.446890222459381	1.25895371634134e-08	0.10043900076271	0.345966333288686	0.841151774132424	ok
f5.0_r139	driver	150	145	43.64474188129	42.5709058631332	2.90296678385397	4.20428680783336	5.78598612161026	5.55574524413516e-07	1.8770328995871e-06	0.232852119702388	2.14767203631369	0.341695250985274	ok
f5.0_r139	control	150	118	26.8432950731648	25.9149675969267	5.4529526542299	3.92564711479634	1.63916210432751e-08	6.26565205534033e-08	0.0300130047920327	0.282407252669604	1.85665495247614	0.395214162984941	ok
f5.0_r140	driver	150	145	42.7450232062706	41.6372414774277	1.6397968599725	4.97965495268643	0.123442834386226	1.83679361561523	1.8999734975733e-07	0.0669493437571611	2.21556345768575	0.330290823647825	ok
f5.0_r140	control	150	149	49.642557942723	49.5467075162343	2.91605899967289e-07	4.86264857384606	3.21281776683209e-05	1.72221997607902	38.8932229272548	0.282533094257897	0.191700852977462	0.908599908384143	ok
f5.0_r141	driver	150	146	81.2823621577089	78.6300580771267	9.19325838837548e-08	7.08882098024509	2.80243618246868	3.39759688432758	9.0592728543765e-07	0.179825114431683	5.30460816116445	0.0704886143644888	ok
f5.0_r141	control	150	94	83.1719372429042	83.007528726278	7.75571294682881	6.50924583656189	4.303520318224	2.88998818547017	4.57450730670034e-09	0.178420740396053	0.328817033252363	0.848395367464797	ok
f5.0_r142	driver	150	145	73.2592083265417	69.6452576100413	1.00129848910319e-07	5.8412674393243	0.901444705804535	1.30654794151998	3.12967500030949e-05	0.180918864682865	7.22790143300082	0.0269451835256139	ok
f5.0_r142	control	150	148	80.7885758661075	79.9690829945903	2.73986796948251e-07	5.69527865514313	2.01164263675027e-06	1.21166255081081	9.441058652419	0.189833521315979	1.63898574303437	0.44065506658726	ok
f5.0_r143	driver	150	146	76.852096807744	72.9878745449705	1.85687606994653e-07	5.11796844407617	2.14920801972677e-07	2.86016793640717e-09	2.66982716463401e-06	0.138315225638147	7.72844452554713	0.0209792324238257	ok
f5.0_r143	control	150	145	71.3056830653235	70.2220935978223	1.62786415538796	5.06516891867306	1.80808947178589	1.06027806907273e-08	1.6261624084964e-07	0.175878489832668	2.16717893500234	0.338378743648256	ok
f5.0_r144	driver	150	149	84.4699266728707	83.8188977240116	1.23854053721883e-06	5.02069366308851	1.8433445448055e-08	2.0356913097231e-06	5.59452057980453	0.0686322981332739	1.30205789771816	0.521508894614135	ok
f5.0_r144	control	150	143	70.3168551308956	70.0790526897116	5.06962544096663	5.04631158980244	3.76125214512362	1.57071614029696e-06	2.80006428854503e-05	0.19471438719939	0.475604882368032	0.788358422866764	ok
f5.0_r145	driver	150	143	57.9779186864075	51.0269431456459	1.45749427491024e-06	4.97876625606471	1.90693147006718e-08	0.336304527328674	5.05585179741727e-08	0.219781411232358	13.9019510815233	0.000957700422034578	ok
f5.0_r145	control	150	147	70.0122860724598	70.001437861154	5.02374820168628	4.61176051060694	6.39517924506933e-10	0.111470826242196	4.7457835570762e-08	0.0309999718107863	0.021696422611484	0.989210418338082	ok
f5.0_r146	driver	150	147	82.5356210503832	80.3768239909012	1.64496521202899e-05	5.22562494097602	0.515472263628726	2.96029528672954e-06	2.04172452312491e-06	0.114591524718365	4.31759411896391	0.115463933773901	ok
f5.0_r146	control	150	147	87.8597262062839	87.5865139538907	9.27613671053245	5.10802818629574	6.46156382592341e-07	2.77207296200431e-07	4.19767835402834e-10	0.0350223559575504	0.546424504786472	0.760931261006098	ok
f5.0_r147	driver	150	143	49.7408026422102	46.974992393361	0.970613461928954	4.68111555565223	1.1524944483845	0.194717546375037	1.87368687222507e-06	0.220551333407978	5.53162049769841	0.0629250937024141	ok
f5.0_r147	control	150	121	41.3107561248928	41.1709472625308	5.07990417103704	4.44791370523937	0.203967882701878	0.22124736577991	2.66150572479485e-09	0.274320548370413	0.279617724724005	0.869524418359897	ok
f5.0_r148	driver	150	145	75.8587451828091	75.3611572799452	18.014622141623	5.49392642127126	41.5082782140313	1.63153395666653e-06	2.44228055595994e-06	0.880393760353526	0.995175805727911	0.607995436461552	ok
f5.0_r148	control	150	150	NA	NA	NA	NA	NA	NA	NA	NA	NA	NA	skipped_invariant
f5.0_r149	driver	150	150	NA	NA	NA	NA	NA	NA	NA	NA	NA	NA	skipped_invariant
f5.0_r149	control	150	143	70.5275995758245	69.4423411056719	2.22495309590037	5.13067538675252	1.17854634234904	8.4199270966477e-07	1.07451825504586e-06	0.203361612786233	2.1705169403053	0.337814459654631	ok
f5.0_r150	driver	150	146	68.7824325284325	67.0461398554378	4.74199811618152e-08	5.19304892849086	2.72161232536595	0.476792968672434	4.256084541933e-07	0.199789844529856	3.47258534598944	0.176172319830354	ok
f5.0_r150	control	150	142	65.4657548528969	64.660252678664	4.17703468897177	5.15186735576997	4.42484165923697	0.409729734867169	4.88992284051198e-07	0.268876134404741	1.61100434846563	0.446863466886485	ok
f5.0_r151	driver	150	143	84.3534047281441	75.5340689041908	0.0646790784400819	7.28601116968349	1.45615109493932e-07	3.00718843675873	2.92869774372019e-07	0.200405481791756	17.6386716479066	0.000147846523749159	ok
f5.0_r151	control	150	131	76.9406957808627	76.9343859573877	6.67611347921252	6.56464652712264	2.31962763160038	2.48238619134458	0.196875446909401	0.184367082070303	0.0126196469499291	0.993710041657391	ok
f5.0_r152	driver	150	144	60.5222056655109	59.2135546972853	1.68175213772129	4.7000251722435	4.16798388675635e-07	4.4818571409198e-06	6.34603492173521e-06	0.130131450921957	2.61730193645126	0.270184297845525	ok
f5.0_r152	control	150	146	62.8999821011222	62.7381947854556	10.4451034161638	4.71912591632222	19.3218007500109	5.79855747168477e-10	1.87613452723432	0.385577275311687	0.323574631333386	0.850622099296896	ok
f5.0_r153	driver	150	146	75.2932008974186	74.1807339464698	1.62856493993314	5.51328736927614	1.09624456008381	1.017072141387	0.0592729895216931	0.110523561451137	2.22493390189771	0.328746957282035	ok
f5.0_r153	control	150	150	NA	NA	NA	NA	NA	NA	NA	NA	NA	NA	skipped_invariant
f5.0_r154	driver	150	148	86.7249090932516	84.8498753721344	1.0135200529067e-06	6.20498998990397	8.08021739039229e-06	1.83983526180678	2.14259537041021	0.094084845937618	3.75006744223433	0.153349795631314	ok
f5.0_r154	control	150	147	85.4413891456031	85.0518389507654	3.9962220273345	6.07114753246955	4.83940738659963	1.67290353463424	1.61116514791507e-06	0.10423832801909	0.779100389675477	0.677361486678388	ok
f5.0_r155	driver	150	148	77.8507601734859	77.761192701117	3.81690667123235	4.9030442591925	1.69355659612387	0.241102163275949	4.54030339209837e-07	0.0386813241183611	0.17913494473774	0.914326571263329	ok
f5.0_r155	control	150	97	77.5731078544675	77.3170308089474	4.90691120771822	4.94985667620407	0.92100597864668	5.30729520589044e-07	0.0797987465393092	6.14168155120529e-11	0.512154091040173	0.774082326919241	ok
f5.0_r156	driver	150	147	69.0689573500111	68.8562658988088	0.232265842495561	5.09617410483669	1.57783404799983e-05	0.444555984985051	40.5927897937771	0.923865568774741	0.425382902404721	0.808405531294074	ok
f5.0_r156	control	150	139	63.7292996392764	61.5598148540663	2.37711592724647	5.69589208980666	7.72434247962624e-08	1.34006728589628	2.76621248814224e-06	0.156581783650928	4.3389695704202	0.114236458064359	ok
f5.0_r157	driver	150	142	52.3064017913238	46.6243872470299	0.695967074652602	4.69215944581007	1.11395591733429e-06	1.02206532198367e-08	6.01712079461585e-06	0.202698842602897	11.3640290885877	0.00340668860083603	ok
f5.0_r157	control	150	106	39.7718811463896	39.4166265535093	5.45578021816777	4.28027166792629	1.14980970986473	1.02158543219991e-06	2.86397755798911e-08	0.345750204059395	0.710509185760429	0.700994952164375	ok
f5.0_r158	driver	150	146	61.6173143716114	60.6149891995459	1.54153317434346	4.93576998007149	0.852554166559498	0.666470592217866	2.3257008476606e-07	0.100158472531461	2.00465034413087	0.367025051857399	ok
f5.0_r158	control	150	116	68.460846571716	68.1851023470462	4.99306404266802	4.83448561512942	7.46439506127934e-09	0.851094608412268	3.15151781184665e-11	0.0354940682205718	0.551488449339701	0.759007041212403	ok
f5.0_r159	driver	150	148	79.2137948563294	77.7090626613276	3.02706698636735e-07	5.37751867164185	2.5985115069047	0.776149729635861	1.56728879853041e-05	0.0959150003834033	3.0094643900037	0.222076759135111	ok
f5.0_r159	control	150	140	74.390137665439	72.5992447319718	2.63266455564928	5.48604231336674	1.41473441268456e-08	0.685846060484655	1.10034999886831e-07	0.10286310388011	3.58178586693424	0.166811151885253	ok
f5.0_r160	driver	150	143	80.6062458067948	79.4769406004724	2.21170010086325	5.8374832267747	1.79055374062361e-07	0.693310109720916	1.21082004157303	0.206714992339035	2.25861041264469	0.323257775874804	ok
f5.0_r160	control	150	115	77.6721278654522	75.7694579924094	8.22700366964241	4.98862751435179	1.39518374372672	2.22151068042109e-06	6.05762657658342e-08	0.236191987501307	3.80533974608568	0.149169822603182	ok
f5.0_r161	driver	150	148	89.5068235547565	89.0346790645529	6.6520646394624e-07	5.39071876874715	1.52169514146506e-08	1.1967933536243e-06	15.3335976660721	0.276907925347637	0.944288980407094	0.623663393156575	ok
f5.0_r161	control	150	149	93.7419167962094	92.8895068924086	2.02637211493762	5.35907868468101	4.93215369354553e-09	2.89596347663297e-06	8.39559351678894	0.085628832956786	1.70481980760172	0.426386143218517	ok
f5.0_r162	driver	150	146	66.907528780219	61.5627710275728	8.61019065883227e-06	5.52855708211263	4.54134220617767e-06	1.49164900287756	5.26729383777224e-06	0.109589680382115	10.6895155052922	0.0047731073379213	ok
f5.0_r162	control	150	126	56.5663438312069	54.6124967516084	9.62585766847672	4.5141166340752	5.11346702168711	0.29646962139329	1.25709199808593e-09	0.246257293192899	3.90769415919689	0.141727783389171	ok
f5.0_r163	driver	150	148	72.7740673927234	72.4328925494689	0.415601901796724	4.81215913324158	1.23920460134246e-05	4.57489060047904e-08	10.4430313734086	0.187376315011128	0.6823496865089	0.710934595220754	ok
f5.0_r163	control	150	135	60.4361093015645	61.6157766967998	5.06633754335227	4.80036277026602	0.990391181994442	1.32134221324768e-08	2.11794818151623	0.034092827453991	-2.35933479047053	1	ok
f5.0_r164	driver	150	145	52.9578420905367	49.3229485266559	0.568687646258265	4.45133241060049	3.7434209430653e-05	0.108006349921248	1.41636403081669e-05	0.118232345596129	7.2697871277615	0.0263867427404633	ok
f5.0_r164	control	150	117	57.440186371603	59.4061617786705	6.35424891717388	4.34929147437067	4.58526033785386	3.50502079174429e-09	0.231524358055386	3.1555151195375e-11	-3.93195081413505	1	ok
f5.0_r165	driver	150	147	70.0254657493955	66.4125444797635	2.96343774740331e-08	5.26762264921692	1.25980991935493e-07	1.00394977057849	3.70557929551339e-06	0.0866903117987669	7.22584253926405	0.0269729364430384	ok
f5.0_r165	control	150	120	69.3225807604403	69.0190867834903	6.37462854621215	4.74456500433283	2.39683532889454	0.418260701431104	1.10261958452221e-07	0.0913564177549505	0.606987953899932	0.738234335540748	ok
f5.0_r166	driver	150	144	54.9625448138158	49.3666472593044	6.69566265886771e-09	5.49406357161553	0.973840957454969	1.66432643427518	2.57917964333158e-10	0.197150801340622	11.1917951090229	0.00371306516103264	ok
f5.0_r166	control	150	142	55.0974759127673	54.750492971021	6.06867926479037	5.22920801659628	5.6868920106634	1.44023166023112	0.548560399439163	0.214412635232152	0.693965883492581	0.706817385225197	ok
f5.0_r167	driver	150	147	88.2032893931054	86.1052008735362	2.04569385429963e-07	5.44842640389406	1.91329870809227	5.01466556403651e-07	3.78644419904159e-08	0.145969655268316	4.19617703913843	0.122690725174863	ok
f5.0_r167	control	150	144	86.1892499029632	85.1015846789213	15.6515404818279	5.40898448550115	18.0368707460674	4.88788304678531e-06	4.11619151672082e-05	0.298260244917045	2.17533044808374	0.337002400994677	ok
f5.0_r168	driver	150	147	64.0830565112629	63.2453715830805	1.97110199235575e-09	4.67663809340042	1.12208470121607e-06	2.31710722442058e-06	6.56536288441166	0.215240351731591	1.67536985636485	0.432711122077189	ok
f5.0_r168	control	150	129	62.2185127295025	61.5023714342472	4.94570298695581	4.75375072597705	2.1671559752907	7.92575498006494e-07	1.97110384033779e-09	0.138294793233563	1.43228259051055	0.48863411763883	ok
f5.0_r169	driver	150	149	76.7491888838956	75.6989807260435	2.84404768888782e-07	5.49745491106655	9.05157558802031e-06	1.43441404918113	26.0716192261882	0.211218621181667	2.10041631570428	0.349864914401739	ok
f5.0_r169	control	150	125	70.3013845218634	68.2129461547958	7.42043607235316	5.17113864705897	3.5483244924944e-07	1.39623342118698	4.69312438539397e-06	0.0905434401490713	4.17687673413519	0.123880440618349	ok
f5.0_r170	driver	150	144	64.719587415767	58.3699636365237	0.786396771299502	4.87535002607925	3.66251713298044e-07	4.98962660528188e-08	0.0717674022206322	0.140956664253369	12.6992475584866	0.00174740442242509	ok
f5.0_r170	control	150	59	54.5104401876504	51.4979476659604	5.38787364359103	4.98289636500566	1.21320771388269e-09	2.26325076959021	4.71618447992384e-08	0.314878440826095	6.02498504337994	0.0491689711712089	ok
f5.0_r171	driver	150	147	95.8729152477879	94.5478304534825	1.78816622959681e-06	7.26435206073233	6.32540813852732	2.77976406221001	3.06792088502011e-07	0.208359675737988	2.65016958861079	0.265780421467183	ok
f5.0_r171	control	150	139	89.7996293522677	88.0035053821006	3.11023818570344	7.735964082822	6.45528787133394e-06	3.46013910224345	1.92941978870386e-08	0.152765518200972	3.5922479403342	0.165940834942303	ok
f5.0_r172	driver	150	150	NA	NA	NA	NA	NA	NA	NA	NA	NA	NA	skipped_invariant
f5.0_r172	control	150	125	73.5595909024	73.4428264241163	6.22615601386723	5.23031078271592	0.936436837452329	1.47654973623444e-07	4.32751737841673e-11	0.222697315134054	0.233528956567369	0.88979473446971	ok
f5.0_r173	driver	150	144	70.5922049261004	69.9220391144521	1.90991393110947e-07	5.87221699830408	8.86315747305035	0.936256356752404	2.27996070450287e-06	0.54930897131268	1.34033162329644	0.511623737577794	ok
f5.0_r173	control	150	150	NA	NA	NA	NA	NA	NA	NA	NA	NA	NA	skipped_invariant
f5.0_r174	driver	150	146	64.3868665609922	62.2671528169211	4.1969951346955e-07	5.52333203382531	7.97307402039885e-07	1.43384013620197	4.57571513872017	0.244152200815103	4.23942748814224	0.120065993195084	ok
f5.0_r174	control	150	125	66.7484101172536	64.7888711324507	3.3381746053329	5.62874937730611	0.369155957891281	1.13885518696855	7.52060636731592e-11	0.126766744114683	3.91907796960567	0.140923373764712	ok
f5.0_r175	driver	150	0	NA	NA	NA	NA	NA	NA	NA	NA	NA	NA	skipped_invariant
f5.0_r175	control	150	0	NA	NA	NA	NA	NA	NA	NA	NA	NA	NA	skipped_invariant
f5.0_r176	driver	150	146	72.047291517312	68.8097350514915	0.269741983591486	4.95867346069945	8.39206806542943e-07	6.27092800744963e-05	1.6901252723145e-06	0.124956346184283	6.47511293164089	0.039259710431611	ok
f5.0_r176	control	150	0	NA	NA	NA	NA	NA	NA	NA	NA	NA	NA	skipped_invariant
f5.0_r177	driver	150	142	54.4021323063123	50.0023121688109	1.13648098772158	5.30019862256639	1.20749125186832e-06	1.2375778108176	0.642451286074011	0.120128188100163	8.7996402750027	0.0122795483347012	ok
f5.0_r177	control	150	146	55.322516169985	53.8127103756914	1.1134797789817	5.21810948957523	4.11989974074679e-09	1.35236251859269	1.85997241973415	0.109918425548261	3.0196115885871	0.220952884103884	ok
f5.0_r178	driver	150	146	49.5850805914695	45.9318791385435	5.84446090619821e-06	4.54329258347014	7.35552319134835e-06	0.479423130531418	7.37867276627167e-08	0.110006267841459	7.30640290585204	0.0259080524568991	ok
f5.0_r178	control	150	140	41.7380003368915	40.9096171788882	8.53442053736867	4.24142386869748	9.5778950704313	1.6754195134882e-05	1.66394121910265e-07	0.338037425496935	1.65676631600662	0.436754879382821	ok
f5.0_r179	driver	150	147	46.0385936635494	42.7185212250161	1.14072144014702e-07	4.4907020391146	5.32854148904405e-07	0.813349989309966	3.66183896578371e-07	0.0747637803433257	6.6401448770666	0.0361502129907903	ok
f5.0_r179	control	150	50	42.2003249662384	41.504942728372	4.57772850641621	3.82117701029519	0.563064545661376	0.676710449979589	9.95287242546055e-12	0.201095235113239	1.39076447573287	0.498883719287135	ok
f5.0_r180	driver	150	145	45.8034965122493	45.1511823356946	3.23411530524657	4.84723790677206	6.77193067458794	0.993337047413155	1.20907054184524e-06	0.249450331956135	1.30462835310928	0.520839067471695	ok
f5.0_r180	control	150	0	NA	NA	NA	NA	NA	NA	NA	NA	NA	NA	skipped_invariant
f5.0_r181	driver	150	145	64.5354792851786	62.5288904257624	1.15885621764904	5.22845217692055	1.07373064940463	0.830348442201609	8.85262540141207e-09	0.145995571102991	4.01317771883247	0.134446509299936	ok
f5.0_r181	control	150	143	71.4078385499766	70.6115563311544	2.76323674410667	5.00411007486613	0.888068545293346	4.05726140972451e-09	1.06696887042291	0.0374737805502219	1.59256443764443	0.451002580023797	ok
f5.0_r182	driver	150	142	44.2397702862267	40.2716625090762	1.41421191548301e-06	4.55332939891753	1.30558074019478	3.72512799199079e-05	1.39376229087671e-06	0.31080810074414	7.93621555430099	0.0189091796861328	ok
f5.0_r182	control	150	149	64.3404649525733	63.5338838313877	1.28755457924118	4.39656385149348	2.26256031361693e-09	2.28034861894954e-06	3.74597564722237	0.0501737310277994	1.61316224237123	0.446381584919857	ok
f5.0_r183	driver	150	147	59.2787243146223	56.9319621823294	4.27389548280435e-07	4.48906593453813	9.14454073270154e-06	0.045987994686811	1.46734982899508e-06	0.0900630274458133	4.69352426458583	0.0956784554011342	ok
f5.0_r183	control	150	133	42.1766776685801	42.1681001070207	4.6052616461891	4.38923151214128	0.672620466578763	1.27177935642205e-07	1.64264906862363e-07	0.239239610697669	0.0171551231189255	0.991459120765132	ok
f5.0_r184	driver	150	148	51.5774900019953	50.3771057844316	5.78507259246349e-08	4.15495633487194	1.40502630226528	0.00242572655740422	1.14075380285448e-06	0.073477174185442	2.40076843512729	0.301078510034687	ok
f5.0_r184	control	150	139	31.8563722506522	31.019578632283	10.9239536184271	4.35348485941688	17.0929441852263	9.96300845230256e-08	2.86416589987435e-08	0.716408968477494	1.67358723673831	0.433096973677721	ok
f5.0_r185	driver	150	147	57.8533762477594	56.0458979924954	1.1627630776504e-07	5.34744791953553	3.24017520543434e-09	1.68714969333428	2.23989241376059	0.125601324849136	3.61495651052805	0.164067351552791	ok
f5.0_r185	control	150	140	54.2011980655565	53.4838934513472	4.0842102431781	5.260549631762	2.94632539471562	1.49806735812039	3.73593279716182e-08	0.17022493338484	1.43460922841847	0.488066010817017	ok
f5.0_r186	driver	150	148	78.8583753445492	77.27559218878	1.27501490460675	6.1675842008895	2.74981733270478e-06	2.62257586499153	4.04132468822681e-06	0.0245596478890065	3.16556631153841	0.205402634419468	ok
f5.0_r186	control	150	143	78.5042516871599	77.8241272494555	9.92293581885847	5.74087482809416	1.86530598601014	2.16894805194351	2.26819417592448e-06	0.0293273160215036	1.36024887540879	0.506553954032307	ok
f5.0_r187	driver	150	142	37.5366914127954	26.3560768058667	5.18113848244162e-08	5.1671047104058	3.52401609972747e-07	1.70070009500884	2.97109851124731e-06	0.188541219112785	22.3612292138575	1.39418617514137e-05	ok
f5.0_r187	control	150	139	42.1128185655935	41.3092826430629	2.57173551565123	5.01457531871222	1.91367251478176e-06	1.87398681452754	2.10926570988856e-09	0.0689563245117635	1.60707184506123	0.44774297732499	ok
f5.0_r188	driver	150	146	56.4788108527131	55.8780985732709	6.25931247421515e-06	4.59787320435474	3.67811438774457e-09	5.5611880538901e-07	9.41679435590144	0.358731858459124	1.2014245588845	0.548420868032519	ok
f5.0_r188	control	150	141	66.9025354804921	66.7874325713182	3.82225117435199	4.53111672020089	8.50491090194309e-10	1.71060013539739e-08	1.06568660698859e-08	0.0325412364845849	0.230205818347656	0.891274418873138	ok
f5.0_r189	driver	150	149	98.3010800455775	97.663014811327	2.23955181079298e-06	5.51367525199728	6.24551773336279	1.04181588576022e-08	4.78370138715017e-06	0.0781497245880827	1.27613046850104	0.528313598913581	ok
f5.0_r189	control	150	146	87.327020615831	85.669753373566	1.48075294150811e-08	5.62622748467786	6.08840939997776	3.96306115127808e-08	7.72694414872539e-09	0.310469040507727	3.31453448452996	0.190659294492903	ok
f5.0_r190	driver	150	147	67.2153036898089	66.0928930991587	3.48673740527108e-09	4.85474804912462	6.07687651043601	0.139495019229181	3.13956408059497e-10	0.216074217992179	2.24482118130044	0.325494214836823	ok
f5.0_r190	control	150	142	70.5048355346774	70.4954618148276	4.84366390144666	4.80795652067139	1.58134290084796e-07	0.267188790342311	1.03794752703444e-06	0.0644275072431424	0.0187474396994389	0.990670076510426	ok
f5.0_r191	driver	150	140	42.9043933770179	36.5940618674044	0.231828591713624	4.63668460049674	0.449469932572768	1.43267382322786e-07	9.39621474473582e-09	0.327645277269098	12.6206630192269	0.00181743064360253	ok
f5.0_r191	control	150	113	41.0974881290693	40.9012767105731	3.95119345317656	4.47934870511364	2.25506911089406e-07	2.17849370237902e-07	9.09888065004676e-09	0.231937706418425	0.392422836992296	0.821838464457482	ok
f5.0_r192	driver	150	149	95.5452890924424	94.7295505455331	8.38732468129642e-07	7.61128877074375	5.19749828132703e-07	4.03203872276001	12.0999381569023	0.114021277508336	1.63147709381863	0.442312538143624	ok
f5.0_r192	control	150	0	NA	NA	NA	NA	NA	NA	NA	NA	NA	NA	skipped_invariant
f5.0_r193	driver	150	142	65.175392858352	63.2428035483887	1.48741307933365	6.00311663169246	3.61707024469152	1.45091357575857	9.88661630731526e-08	0.368303719690608	3.86517861992645	0.144772850962394	ok
f5.0_r193	control	150	88	80.5160904171028	80.4341084833067	5.4677309851917	6.22212045705494	1.13711552494375	2.16435434732159	1.23131198916632e-09	0.156646082158382	0.163963867592173	0.921288602733761	ok
f5.0_r194	driver	150	146	50.7188525309261	46.653465356021	1.37775699469904e-05	4.32703528220897	4.10846589453276e-07	1.69360777290066e-08	9.72460674937422e-07	0.116942627932643	8.1307743498102	0.0171563454810973	ok
f5.0_r194	control	150	130	45.7094947568528	45.6492159732625	3.8652953166894	4.23658036531057	5.01502827949456e-07	3.29114112573798e-08	2.97759667077859e-11	0.129582571297076	0.120557567180654	0.941502021680039	ok
f5.0_r195	driver	150	147	85.3324739763478	84.684319024686	8.83748166388122e-09	5.76257631428607	11.4300939510046	0.624424123598192	2.29451780303897e-06	0.330736751285336	1.29630990332345	0.52300986557567	ok
f5.0_r195	control	150	144	87.9199045941179	87.8171711494214	6.69363282079502	5.68487559590012	1.95768262918035e-08	0.829307122979917	2.02846194871842e-05	0.0677715434140761	0.205466889392966	0.902367472262433	ok
f5.0_r196	driver	150	149	100.769948660289	97.6405799071764	0.9418261828522	5.92191707344057	6.84266009191264e-09	7.33149760997398e-07	1.7583468527583	0.0460761607641703	6.25873750622426	0.0437454026882171	ok
f5.0_r196	control	150	12	102.075718186062	96.9193005086964	5.81348971685155	8.84536824671268	1.06349161098823e-07	9.03379705224886	8.3483889540953e-09	0.116143336392627	10.312835354731	0.00576230519214895	ok
f5.0_r197	driver	150	145	73.2599287746807	71.8942494810228	1.41607440032705	5.09255678604662	4.50730861000246e-06	4.80565268205816e-07	0.876874559662154	0.155892547168792	2.73135858731573	0.255207256422612	ok
f5.0_r197	control	150	122	67.542382676968	67.5158810455153	4.80571789048846	5.12279856922522	1.19623068852797e-05	0.232711992895297	1.09917299126239e-06	0.196573186063976	0.0530032629054347	0.973846455049794	ok
f5.0_r198	driver	150	0	NA	NA	NA	NA	NA	NA	NA	NA	NA	NA	skipped_invariant
f5.0_r198	control	150	112	-235.6498366467	-235.688595288393	0.785387090638184	0.86591751166921	0.0867685439268268	0.253818063283263	0.019615569352885	0.0655436467182527	0.0775172833870101	0.961982863683883	ok
f5.0_r199	driver	150	148	81.4338809396563	79.9647346985633	6.38643779883112e-10	5.48615054493677	5.91222219114807	0.823944928302301	7.17101731149948e-07	0.14525468471421	2.938292482186	0.230121869938335	ok
f5.0_r199	control	150	132	59.7993628943579	59.0769687080547	8.67280003758288	5.17715004976576	7.26135751839864	0.263626924397092	2.05467752373013e-09	0.46314867816809	1.44478837260652	0.48558827432612	ok
