{
  "n_ogs": 4346,
  "n_genomes": 8,
  "n_shell_used": 2939,
  "gap": 0.008607058948037729,
  "z": 3.550488695941353,
  "p": 0.001996007984031936,
  "null_mean": 0.00010258491365023722,
  "null_sd": 0.002395296750024625,
  "frequency_spectrum": [
    2218,
    534,
    328,
    264,
    201,
    193,
    246,
    362
  ],
  "cohesion": {
    "C": {
      "excess": -0.0024674591412960963,
      "n": 189
    },
    "D": {
      "excess": 0.012046242921541096,
      "n": 36
    },
    "E": {
      "excess": 0.015542456878169044,
      "n": 181
    },
    "F": {
      "excess": 0.01259275667229879,
      "n": 66
    },
    "G": {
      "excess": 0.10438100528776094,
      "n": 147
    },
    "H": {
      "excess": 0.049730769832363964,
      "n": 105
    },
    "I": {
      "excess": -0.0022877736767367776,
      "n": 61
    },
    "J": {
      "excess": -0.006827427076419968,
      "n": 92
    },
    "K": {
      "excess": 0.039340360971060986,
      "n": 100
    },
    "L": {
      "excess": -0.006233989355186844,
      "n": 148
    },
    "M": {
      "excess": 0.03764289042625668,
      "n": 121
    },
    "N": {
      "excess": 0.23656868492262179,
      "n": 77
    },
    "O": {
      "excess": 0.011629896109529522,
      "n": 93
    },
    "P": {
      "excess": 0.005538481070414006,
      "n": 148
    },
    "Q": {
      "excess": 0.057293212162153453,
      "n": 44
    },
    "S": {
      "excess": 0.005754150795416191,
      "n": 1199
    },
    "T": {
      "excess": 0.012811937026178652,
      "n": 66
    },
    "U": {
      "excess": 0.08460223254882916,
      "n": 34
    },
    "V": {
      "excess": 0.04048939342921065,
      "n": 26
    }
  }
}