{
  "n_ogs": 12282,
  "n_genomes": 43,
  "n_shell_used": 6800,
  "functional_gap": 0.02349050195477486,
  "functional_z": 31.15118044298777,
  "functional_p": 0.001996007984031936,
  "n_functional_ogs": 2775,
  "n_sig": 17,
  "n_functional": 18,
  "frequency_spectrum": [
    7566,
    1074,
    450,
    300,
    216,
    199,
    169,
    164,
    129,
    115,
    95,
    89,
    99,
    75,
    78,
    82,
    62,
    67,
    51,
    73,
    54,
    49,
    52,
    52,
    36,
    48,
    57,
    35,
    44,
    32,
    49,
    51,
    47,
    42,
    32,
    26,
    43,
    41,
    43,
    51,
    56,
    93,
    96
  ],
  "per_category": {
    "C": {
      "n": 308,
      "prev": 0.32920567804288736,
      "internal": 0.04641325165585777,
      "excess": 0.020296915730906116,
      "p": 0.0033222591362126247
    },
    "D": {
      "n": 64,
      "prev": 0.3898982558139535,
      "internal": 0.06182238166983161,
      "excess": 0.03631742529381216,
      "p": 0.0033222591362126247
    },
    "E": {
      "n": 250,
      "prev": 0.4332093023255814,
      "internal": 0.07937384746185172,
      "excess": 0.05375183844050764,
      "p": 0.0033222591362126247
    },
    "F": {
      "n": 105,
      "prev": 0.5357696566998893,
      "internal": 0.10112974509220618,
      "excess": 0.07523163553554901,
      "p": 0.0033222591362126247
    },
    "G": {
      "n": 228,
      "prev": 0.2894736842105263,
      "internal": 0.08526001013749832,
      "excess": 0.059330963339319726,
      "p": 0.0033222591362126247
    },
    "H": {
      "n": 175,
      "prev": 0.4244518272425249,
      "internal": 0.10010954981721047,
      "excess": 0.07422655719360398,
      "p": 0.0033222591362126247
    },
    "I": {
      "n": 91,
      "prev": 0.44109378993099924,
      "internal": 0.07968546225460066,
      "excess": 0.053819123209138627,
      "p": 0.0033222591362126247
    },
    "J": {
      "n": 160,
      "prev": 0.5440406976744186,
      "internal": 0.04812245064700217,
      "excess": 0.021951691959143538,
      "p": 0.0033222591362126247
    },
    "K": {
      "n": 192,
      "prev": 0.27313468992248063,
      "internal": 0.0637768616746592,
      "excess": 0.03784398465225543,
      "p": 0.0033222591362126247
    },
    "L": {
      "n": 252,
      "prev": 0.31247692875599853,
      "internal": 0.028242471936967845,
      "excess": 0.002723368223483097,
      "p": 0.2059800664451827
    },
    "M": {
      "n": 209,
      "prev": 0.34516523867809057,
      "internal": 0.08348021740941865,
      "excess": 0.057882342983290605,
      "p": 0.0033222591362126247
    },
    "N": {
      "n": 90,
      "prev": 0.34521963824289403,
      "internal": 0.24871236369369212,
      "excess": 0.22293238669921028,
      "p": 0.0033222591362126247
    },
    "O": {
      "n": 136,
      "prev": 0.3166894664842681,
      "internal": 0.07694319434190366,
      "excess": 0.05121210329740805,
      "p": 0.0033222591362126247
    },
    "P": {
      "n": 219,
      "prev": 0.29712222576191993,
      "internal": 0.0910777101407838,
      "excess": 0.06509466993082297,
      "p": 0.0033222591362126247
    },
    "Q": {
      "n": 78,
      "prev": 0.1806797853309481,
      "internal": 0.06884017392692386,
      "excess": 0.042283246121091494,
      "p": 0.0033222591362126247
    },
    "S": {
      "n": 4025,
      "prev": 0.08986277625306947,
      "internal": 0.01664193573947341,
      "excess": -0.009156270785629115,
      "p": 1.0
    },
    "T": {
      "n": 99,
      "prev": 0.3227625088090204,
      "internal": 0.04348972405204577,
      "excess": 0.017454078692233838,
      "p": 0.019933554817275746
    },
    "U": {
      "n": 60,
      "prev": 0.2957364341085271,
      "internal": 0.08588518429903874,
      "excess": 0.0597404933208706,
      "p": 0.0033222591362126247
    },
    "V": {
      "n": 43,
      "prev": 0.34072471606273663,
      "internal": 0.05499060430774725,
      "excess": 0.029979637299581027,
      "p": 0.006644518272425249
    }
  }
}