{
  "n_ogs": 12282,
  "n_genomes": 43,
  "n_functional_variable": 2775,
  "gap": 0.02349050195477486,
  "z": 30.486729722803382,
  "p": 0.001996007984031936,
  "n_sig": 12,
  "n_categories": 18,
  "frequency_spectrum": [
    7566,
    1074,
    450,
    300,
    216,
    199,
    169,
    164,
    129,
    115,
    95,
    89,
    99,
    75,
    78,
    82,
    62,
    67,
    51,
    73,
    54,
    49,
    52,
    52,
    36,
    48,
    57,
    35,
    44,
    32,
    49,
    51,
    47,
    42,
    32,
    26,
    43,
    41,
    43,
    51,
    56,
    93,
    96
  ],
  "per_category": {
    "C": {
      "n": 308,
      "prev": 0.32920567804288736,
      "internal": 0.04641325165585777,
      "excess": -0.0017730114703932084,
      "p": 0.6312292358803987
    },
    "D": {
      "n": 64,
      "prev": 0.3898982558139535,
      "internal": 0.06182238166983161,
      "excess": 0.014382636932882158,
      "p": 0.10299003322259136
    },
    "E": {
      "n": 250,
      "prev": 0.4332093023255814,
      "internal": 0.07937384746185172,
      "excess": 0.0317572365496666,
      "p": 0.0033222591362126247
    },
    "F": {
      "n": 105,
      "prev": 0.5357696566998893,
      "internal": 0.10112974509220618,
      "excess": 0.05117587862158804,
      "p": 0.0033222591362126247
    },
    "G": {
      "n": 228,
      "prev": 0.2894736842105263,
      "internal": 0.08526001013749832,
      "excess": 0.037228842455417015,
      "p": 0.0033222591362126247
    },
    "H": {
      "n": 175,
      "prev": 0.4244518272425249,
      "internal": 0.10010954981721047,
      "excess": 0.051831409355176786,
      "p": 0.0033222591362126247
    },
    "I": {
      "n": 91,
      "prev": 0.44109378993099924,
      "internal": 0.07968546225460066,
      "excess": 0.03187101964378137,
      "p": 0.0033222591362126247
    },
    "J": {
      "n": 160,
      "prev": 0.5440406976744186,
      "internal": 0.04812245064700217,
      "excess": -6.628702588721419e-05,
      "p": 0.5049833887043189
    },
    "K": {
      "n": 192,
      "prev": 0.27313468992248063,
      "internal": 0.0637768616746592,
      "excess": 0.016265769793070234,
      "p": 0.016611295681063124
    },
    "L": {
      "n": 252,
      "prev": 0.31247692875599853,
      "internal": 0.028242471936967845,
      "excess": -0.01990121778475475,
      "p": 1.0
    },
    "M": {
      "n": 209,
      "prev": 0.34516523867809057,
      "internal": 0.08348021740941865,
      "excess": 0.03550915845062348,
      "p": 0.0033222591362126247
    },
    "N": {
      "n": 90,
      "prev": 0.34521963824289403,
      "internal": 0.24871236369369212,
      "excess": 0.201209450641081,
      "p": 0.0033222591362126247
    },
    "O": {
      "n": 136,
      "prev": 0.3166894664842681,
      "internal": 0.07694319434190366,
      "excess": 0.028861981881915542,
      "p": 0.0033222591362126247
    },
    "P": {
      "n": 219,
      "prev": 0.29712222576191993,
      "internal": 0.0910777101407838,
      "excess": 0.0439951349487883,
      "p": 0.0033222591362126247
    },
    "Q": {
      "n": 78,
      "prev": 0.1806797853309481,
      "internal": 0.06884017392692386,
      "excess": 0.020180534894181916,
      "p": 0.03986710963455149
    },
    "T": {
      "n": 99,
      "prev": 0.3227625088090204,
      "internal": 0.04348972405204577,
      "excess": -0.005063184841051449,
      "p": 0.7242524916943521
    },
    "U": {
      "n": 60,
      "prev": 0.2957364341085271,
      "internal": 0.08588518429903874,
      "excess": 0.037117830130673435,
      "p": 0.006644518272425249
    },
    "V": {
      "n": 43,
      "prev": 0.34072471606273663,
      "internal": 0.05499060430774725,
      "excess": 0.0073303176133797734,
      "p": 0.292358803986711
    }
  }
}