{
  "model": {
    "n_species": 60,
    "n_families": 60,
    "block_size": 4,
    "blocks": 15,
    "n_sims": 500,
    "prior": "U(0, 1.5)"
  },
  "heatmap": {
    "coupled_prev": 0.5519444444444445,
    "indep_prev": 0.48694444444444446,
    "coupled_triangles": 128.0,
    "indep_triangles": 1.0
  },
  "recover_realistic": {
    "true": [
      0.0,
      0.3,
      0.6,
      0.9,
      1.2
    ],
    "fitted": [
      0.06076606678265195,
      0.29266109768520754,
      0.6339425946371718,
      0.9374114425019753,
      1.351662140134255
    ],
    "lo": [
      0.0026450642172870303,
      0.20148031663752158,
      0.5036186400644798,
      0.8438450660674136,
      1.2269392367736904
    ],
    "hi": [
      0.18851431840475777,
      0.4090805760496579,
      0.7815503655379188,
      1.078251788850792,
      1.4406237343023267
    ],
    "rmse": 0.05595861202833087
  },
  "fixed_prevalence": {
    "J": [
      0.0,
      0.3,
      0.6,
      0.9,
      1.2
    ],
    "within_between_gap": [
      -0.013002545740759191,
      0.1176106659543991,
      0.2893502319844302,
      0.4628163756967467,
      0.6228840576229648
    ],
    "triangles": [
      5.2,
      3.2,
      13.2,
      86.2,
      93.8
    ],
    "rmse": {
      "marginal\n(blind)": 0.35372196876887796,
      "histogram": 0.15734317824931887,
      "eigenvalues": 0.20712865442186018,
      "clustering": 0.19048211240536425
    }
  },
  "recover_neutral": {
    "true": [
      0.0,
      0.3,
      0.6,
      0.9,
      1.2
    ],
    "marginal": [
      [
        0.29927316595231995,
        0.017814520968821548,
        1.4757664986389907
      ],
      [
        0.5874285007922418,
        0.07980043418629845,
        1.4428071268981402
      ],
      [
        0.5912801490433464,
        0.2378185855939988,
        1.41608574997909
      ],
      [
        0.8782193786409328,
        0.11335110829712915,
        1.3188870479097705
      ],
      [
        0.8635831368285782,
        0.18250354856453738,
        1.41608574997909
      ]
    ],
    "clustering": [
      [
        0.29322376946489453,
        0.061182598255636,
        0.5009616101183133
      ],
      [
        0.28738379418983734,
        0.0323467331423995,
        0.553908744797818
      ],
      [
        0.6641292434617972,
        0.5055058846818833,
        0.7982660139341864
      ],
      [
        1.0888212956636651,
        0.8498438762806186,
        1.4469382462001543
      ],
      [
        1.286106414881354,
        1.0193624348488033,
        1.4814014975332364
      ]
    ],
    "rmse_marginal": 0.35372196876887796,
    "rmse_clustering": 0.19048211240536425
  }
}