{
  "model": {
    "n_species": 60,
    "n_families": 60,
    "block_size": 4,
    "blocks": 15,
    "n_sims": 500,
    "prior": "U(0, 1.5)"
  },
  "heatmap": {
    "coupled_prev": 0.5183333333333333,
    "indep_prev": 0.48694444444444446,
    "coupled_triangles": 99.0,
    "indep_triangles": 1.0
  },
  "recover_realistic": {
    "true": [
      0.0,
      0.3,
      0.6,
      0.9,
      1.2
    ],
    "fitted": [
      0.0891962274005077,
      0.33880414262598657,
      0.5821000976767788,
      0.9690675353495323,
      1.223265609988517
    ],
    "lo": [
      0.0026450642172870303,
      0.25869825367668486,
      0.46116321671348504,
      0.8307358742420983,
      1.114091990646358
    ],
    "hi": [
      0.17281976690428114,
      0.4047101136879634,
      0.7218420928719562,
      1.1442714652081318,
      1.4320064688499405
    ],
    "rmse": 0.05623500237102609
  },
  "fixed_prevalence": {
    "J": [
      0.0,
      0.3,
      0.6,
      0.9,
      1.2
    ],
    "within_between_gap": [
      -0.013012381614566146,
      0.15205833545212383,
      0.2898517382802087,
      0.5014038613947559,
      0.6429904023626243
    ],
    "triangles": [
      5.4,
      14.2,
      19.4,
      84.4,
      169.4
    ],
    "rmse": {
      "marginal\n(blind)": 0.3662951327975555,
      "histogram": 0.135781456970093,
      "eigenvalues": 0.18159891653395147,
      "clustering": 0.18347755001155994
    }
  },
  "recover_neutral": {
    "true": [
      0.0,
      0.3,
      0.6,
      0.9,
      1.2
    ],
    "marginal": [
      [
        0.5366927950636053,
        0.10599428739652862,
        1.1593800054525047
      ],
      [
        0.6781331824906627,
        0.2045836833508631,
        1.2658810192600853
      ],
      [
        0.5476652523672428,
        0.2458462217113941,
        1.2584337731950617
      ],
      [
        0.6781331824906627,
        0.14271139398846971,
        1.2584337731950617
      ],
      [
        0.4632860440788915,
        0.05645738543344999,
        1.4110387104764566
      ]
    ],
    "clustering": [
      [
        0.3379926628134977,
        0.022162787643843718,
        0.48343493416673494
      ],
      [
        0.2744149870135781,
        0.022162787643843718,
        0.5430873498851756
      ],
      [
        1.1589738018380829,
        0.8171598950839477,
        1.45148998558192
      ],
      [
        1.1165710895210985,
        0.8247996868807305,
        1.364894496854326
      ],
      [
        1.2947683835248298,
        0.9454560252540496,
        1.4719174207746308
      ]
    ],
    "rmse_marginal": 0.3662951327975555,
    "rmse_clustering": 0.18347755001155994
  }
}